price,volume,time,timestamp,type,order_type,trade_id
103900.0,0.0151,2025-05-13 16:11:38,1747152698.6802158,buy,limit,83016468
103900.0,0.028,2025-05-13 16:11:40,1747152700.354112,buy,limit,83016469
103900.0,0.000328,2025-05-13 16:11:41,1747152701.5983958,buy,market,83016470
103899.9,0.0479595,2025-05-13 16:11:43,1747152703.8826058,sell,market,83016471
103900.0,5e-05,2025-05-13 16:11:44,1747152704.865156,buy,market,83016472
103900.0,0.00145813,2025-05-13 16:11:45,1747152705.1942089,buy,market,83016473
103900.0,0.00240616,2025-05-13 16:11:45,1747152705.216051,buy,market,83016474
103900.0,0.02402128,2025-05-13 16:11:47,1747152707.5282228,buy,limit,83016475
103900.0,0.00131458,2025-05-13 16:11:48,1747152708.3754375,buy,limit,83016476
103900.0,0.0006528,2025-05-13 16:11:49,1747152709.19749,buy,market,83016477
103900.0,7.194e-05,2025-05-13 16:11:49,1747152709.2841594,buy,limit,83016478
103900.0,0.01202294,2025-05-13 16:11:52,1747152712.1980467,buy,limit,83016480
103900.0,0.00087706,2025-05-13 16:11:52,1747152712.1980467,buy,limit,83016479
103901.5,9.62e-06,2025-05-13 16:11:53,1747152713.0556924,buy,market,83016481
103901.5,0.00962,2025-05-13 16:11:53,1747152713.0556924,buy,market,83016482
103903.7,0.01777898,2025-05-13 16:11:53,1747152713.0556924,buy,market,83016483
103903.9,7.193e-05,2025-05-13 16:11:53,1747152713.0556924,buy,market,83016484
103920.0,0.05415703,2025-05-13 16:11:53,1747152713.0556927,buy,market,83016495
103920.0,9.675e-05,2025-05-13 16:11:53,1747152713.0556927,buy,market,83016503
103920.0,9.675e-05,2025-05-13 16:11:53,1747152713.0556927,buy,market,83016502
103920.0,9.675e-05,2025-05-13 16:11:53,1747152713.0556927,buy,market,83016501
103920.0,9.675e-05,2025-05-13 16:11:53,1747152713.0556927,buy,market,83016500
103920.0,0.00014514,2025-05-13 16:11:53,1747152713.0556927,buy,market,83016499
103920.0,0.00471698,2025-05-13 16:11:53,1747152713.0556927,buy,market,83016497
103920.0,0.00123307,2025-05-13 16:11:53,1747152713.0556927,buy,market,83016496
103920.0,0.00021364,2025-05-13 16:11:53,1747152713.0556927,buy,market,83016494
103920.0,0.0023917,2025-05-13 16:11:53,1747152713.0556927,buy,market,83016498
103920.0,0.04443616,2025-05-13 16:11:53,1747152713.0556927,buy,market,83016492
103920.0,5e-05,2025-05-13 16:11:53,1747152713.0556927,buy,market,83016493
103905.0,1.924e-05,2025-05-13 16:11:53,1747152713.0556927,buy,market,83016486
103906.0,5.053e-05,2025-05-13 16:11:53,1747152713.0556927,buy,market,83016487
103907.0,0.01955513,2025-05-13 16:11:53,1747152713.0556927,buy,market,83016488
103904.5,0.00061582,2025-05-13 16:11:53,1747152713.0556927,buy,market,83016485
103916.2,0.0177762,2025-05-13 16:11:53,1747152713.0556927,buy,market,83016490
103916.9,5.052e-05,2025-05-13 16:11:53,1747152713.0556927,buy,market,83016491
103908.0,0.02082546,2025-05-13 16:11:53,1747152713.0556927,buy,market,83016489
103946.0,0.00150799,2025-05-13 16:11:53,1747152713.055693,buy,market,83016521
103941.5,5.5e-05,2025-05-13 16:11:53,1747152713.055693,buy,market,83016520
103941.1,0.01777067,2025-05-13 16:11:53,1747152713.055693,buy,market,83016519
103940.4,0.135,2025-05-13 16:11:53,1747152713.055693,buy,market,83016518
103940.3,9.624e-05,2025-05-13 16:11:53,1747152713.055693,buy,market,83016517
103938.9,5.051e-05,2025-05-13 16:11:53,1747152713.055693,buy,market,83016516
103930.1,0.001,2025-05-13 16:11:53,1747152713.055693,buy,market,83016515
103928.6,0.01763125,2025-05-13 16:11:53,1747152713.055693,buy,market,83016514
103928.0,5.052e-05,2025-05-13 16:11:53,1747152713.055693,buy,market,83016513
103920.0,0.10397661,2025-05-13 16:11:53,1747152713.055693,buy,market,83016511
103920.0,9.675e-05,2025-05-13 16:11:53,1747152713.055693,buy,market,83016510
103920.0,9.533e-05,2025-05-13 16:11:53,1747152713.055693,buy,market,83016509
103920.0,6.041e-05,2025-05-13 16:11:53,1747152713.055693,buy,market,83016508
103920.0,0.02831959,2025-05-13 16:11:53,1747152713.055693,buy,market,83016507
103920.0,9.675e-05,2025-05-13 16:11:53,1747152713.055693,buy,market,83016506
103920.0,9.675e-05,2025-05-13 16:11:53,1747152713.055693,buy,market,83016505
103920.0,9.675e-05,2025-05-13 16:11:53,1747152713.055693,buy,market,83016504
103922.5,0.00024538,2025-05-13 16:11:53,1747152713.055693,buy,market,83016512
103950.8,0.03203975,2025-05-13 16:11:53,1747152713.0556931,buy,market,83016530
103951.8,0.11980666,2025-05-13 16:11:53,1747152713.0556931,buy,market,83016536
103951.8,0.15224816,2025-05-13 16:11:53,1747152713.0556931,buy,market,83016535
103951.2,0.86138934,2025-05-13 16:11:53,1747152713.0556931,buy,market,83016534
103951.2,0.61251417,2025-05-13 16:11:53,1747152713.0556931,buy,market,83016532
103950.9,0.2531,2025-05-13 16:11:53,1747152713.0556931,buy,market,83016531
103950.7,0.02472504,2025-05-13 16:11:53,1747152713.0556931,buy,market,83016529
103951.2,0.93107308,2025-05-13 16:11:53,1747152713.0556931,buy,market,83016533
103950.7,0.09619944,2025-05-13 16:11:53,1747152713.0556931,buy,market,83016527
103950.0,0.00024307,2025-05-13 16:11:53,1747152713.0556931,buy,market,83016526
103950.0,5.14e-05,2025-05-13 16:11:53,1747152713.0556931,buy,market,83016525
103950.7,0.0714744,2025-05-13 16:11:53,1747152713.0556931,buy,market,83016528
103950.0,0.0001443,2025-05-13 16:11:53,1747152713.0556931,buy,market,83016524
103949.4,0.335396,2025-05-13 16:11:53,1747152713.0556931,buy,market,83016523
103948.9,0.00924454,2025-05-13 16:11:53,1747152713.0556931,buy,market,83016522
103940.4,0.00025,2025-05-13 16:11:53,1747152713.492545,buy,market,83016537
103940.4,9.624e-05,2025-05-13 16:11:57,1747152717.1559675,buy,market,83016538
103940.4,0.01650611,2025-05-13 16:11:57,1747152717.1559675,buy,market,83016539
103940.4,0.02339765,2025-05-13 16:11:57,1747152717.1559675,buy,market,83016540
103940.4,0.00175848,2025-05-13 16:11:57,1747152717.3686824,buy,market,83016541
103940.3,0.0032356,2025-05-13 16:11:57,1747152717.846712,sell,limit,83016542
103940.3,0.00538485,2025-05-13 16:11:57,1747152717.8580034,sell,limit,83016543
103940.3,0.00498183,2025-05-13 16:11:57,1747152717.8680177,sell,limit,83016544
103940.3,0.0008814,2025-05-13 16:11:57,1747152717.8850136,sell,limit,83016545
103940.3,0.00069359,2025-05-13 16:11:57,1747152717.9003177,sell,limit,83016546
103940.4,0.00192418,2025-05-13 16:12:00,1747152720.3854442,buy,limit,83016547
103940.4,0.0155,2025-05-13 16:12:03,1747152723.6633775,buy,limit,83016548
103940.4,5e-05,2025-05-13 16:12:03,1747152723.6886942,buy,market,83016549
103953.1,0.00012281,2025-05-13 16:12:10,1747152730.419629,buy,market,83016550
103953.1,0.00044697,2025-05-13 16:12:10,1747152730.419629,buy,market,83016551
103953.1,0.00013771,2025-05-13 16:12:14,1747152734.7398078,buy,limit,83016552
103953.1,0.0072324,2025-05-13 16:12:19,1747152739.021637,buy,market,83016553
103953.0,0.002,2025-05-13 16:12:19,1747152739.0218081,sell,market,83016554
103953.0,0.00981421,2025-05-13 16:12:19,1747152739.0218842,sell,market,83016555
103953.1,0.00868903,2025-05-13 16:12:20,1747152740.5413918,buy,limit,83016556
103953.1,0.0192756,2025-05-13 16:12:20,1747152740.5413918,buy,limit,83016557
103966.2,9.714e-05,2025-05-13 16:12:20,1747152740.541392,buy,limit,83016566
103966.0,0.01762301,2025-05-13 16:12:20,1747152740.541392,buy,limit,83016565
103972.0,5.14e-05,2025-05-13 16:12:20,1747152740.541392,buy,limit,83016567
103960.9,5.14e-05,2025-05-13 16:12:20,1747152740.541392,buy,limit,83016563
103961.0,0.00601,2025-05-13 16:12:20,1747152740.541392,buy,limit,83016564
103959.0,0.00680753,2025-05-13 16:12:20,1747152740.541392,buy,limit,83016561
103958.5,0.02750653,2025-05-13 16:12:20,1747152740.541392,buy,limit,83016560
103953.9,0.01025203,2025-05-13 16:12:20,1747152740.541392,buy,limit,83016559
103953.6,0.01776792,2025-05-13 16:12:20,1747152740.541392,buy,limit,83016558
103959.0,0.05,2025-05-13 16:12:20,1747152740.541392,buy,limit,83016562
103978.5,0.01776236,2025-05-13 16:12:20,1747152740.5601323,buy,limit,83016568
103981.0,0.00012933,2025-05-13 16:12:20,1747152740.5601323,buy,limit,83016569
103982.9,5.14e-05,2025-05-13 16:12:20,1747152740.5601325,buy,limit,83016570
103989.9,0.00076871,2025-05-13 16:12:20,1747152740.7659233,sell,limit,83016571
103998.9,0.04686972,2025-05-13 16:12:20,1747152740.8021355,buy,limit,83016579
103998.9,0.00924009,2025-05-13 16:12:20,1747152740.8021355,buy,limit,83016578
103998.0,0.1,2025-05-13 16:12:20,1747152740.8021355,buy,limit,83016577
103995.1,9.712e-05,2025-05-13 16:12:20,1747152740.8021355,buy,limit,83016576
103990.0,0.01072434,2025-05-13 16:12:20,1747152740.8021355,buy,limit,83016572
103993.8,0.00029136,2025-05-13 16:12:20,1747152740.8021355,buy,limit,83016574
103991.0,0.01775958,2025-05-13 16:12:20,1747152740.8021355,buy,limit,83016573
103994.0,5.137e-05,2025-05-13 16:12:20,1747152740.8021355,buy,limit,83016575
104000.0,0.48076923,2025-05-13 16:12:20,1747152740.8499475,buy,limit,83016585
104000.0,0.48076923,2025-05-13 16:12:20,1747152740.8499475,buy,limit,83016584
104000.0,0.008,2025-05-13 16:12:20,1747152740.8499475,buy,limit,83016583
104000.0,0.02427,2025-05-13 16:12:20,1747152740.8499475,buy,limit,83016581
103998.9,0.29216718,2025-05-13 16:12:20,1747152740.8499475,buy,limit,83016580
104000.0,0.004067,2025-05-13 16:12:20,1747152740.8499475,buy,limit,83016582
104000.0,0.02362271,2025-05-13 16:12:20,1747152740.8499477,buy,limit,83016586
104000.0,0.00292397,2025-05-13 16:12:20,1747152740.8499477,buy,limit,83016587
104000.0,0.24038461,2025-05-13 16:12:20,1747152740.8499477,buy,limit,83016588
104000.0,0.00584792,2025-05-13 16:12:20,1747152740.8499477,buy,limit,83016589
104000.0,0.0009252,2025-05-13 16:12:20,1747152740.8503573,buy,market,83016590
104000.0,0.09322929,2025-05-13 16:12:20,1747152740.8507648,buy,limit,83016591
104000.0,0.1,2025-05-13 16:12:20,1747152740.8507648,buy,limit,83016592
104000.0,0.01,2025-05-13 16:12:20,1747152740.8507648,buy,limit,83016593
104000.0,0.01,2025-05-13 16:12:20,1747152740.8507648,buy,limit,83016594
104000.0,0.02,2025-05-13 16:12:20,1747152740.8507648,buy,limit,83016595
104000.0,1.42516761,2025-05-13 16:12:20,1747152740.8507648,buy,limit,83016596
104000.0,0.00384615,2025-05-13 16:12:20,1747152740.8526154,buy,limit,83016603
104000.0,0.65004125,2025-05-13 16:12:20,1747152740.8526154,buy,limit,83016604
104000.0,0.0295232,2025-05-13 16:12:20,1747152740.8526154,buy,limit,83016602
104000.0,0.0242483,2025-05-13 16:12:20,1747152740.8526154,buy,limit,83016601
104000.0,0.08950409,2025-05-13 16:12:20,1747152740.8526154,buy,limit,83016600
104000.0,0.2,2025-05-13 16:12:20,1747152740.8526154,buy,limit,83016599
104000.0,0.1,2025-05-13 16:12:20,1747152740.8526154,buy,limit,83016598
104000.0,0.57483239,2025-05-13 16:12:20,1747152740.8526154,buy,limit,83016597
104000.0,1.67199383,2025-05-13 16:12:20,1747152740.853577,buy,limit,83016605
104000.0,0.9401191,2025-05-13 16:12:20,1747152740.8553824,buy,limit,83016606
104000.0,0.55120329,2025-05-13 16:12:20,1747152740.8553824,buy,limit,83016607
104000.0,0.00965265,2025-05-13 16:12:20,1747152740.8578644,buy,limit,83016619
104000.0,0.09615384,2025-05-13 16:12:20,1747152740.8578644,buy,limit,83016618
104000.0,0.0005,2025-05-13 16:12:20,1747152740.8578644,buy,limit,83016617
104000.0,0.0014625,2025-05-13 16:12:20,1747152740.8578644,buy,limit,83016615
104000.0,0.19230769,2025-05-13 16:12:20,1747152740.8578644,buy,limit,83016614
104000.0,0.05465547,2025-05-13 16:12:20,1747152740.8578644,buy,limit,83016616
104000.0,0.10316,2025-05-13 16:12:20,1747152740.8578644,buy,limit,83016612
104000.0,0.02892654,2025-05-13 16:12:20,1747152740.8578644,buy,limit,83016611
104000.0,0.07333242,2025-05-13 16:12:20,1747152740.8578644,buy,limit,83016610
104000.0,0.01,2025-05-13 16:12:20,1747152740.8578644,buy,limit,83016609
104000.0,0.41588068,2025-05-13 16:12:20,1747152740.8578644,buy,limit,83016608
104000.0,0.00480769,2025-05-13 16:12:20,1747152740.8578644,buy,limit,83016613
104000.1,0.00013509,2025-05-13 16:12:21,1747152741.1141875,sell,limit,83016620
104000.2,0.00029038,2025-05-13 16:12:21,1747152741.4103656,buy,limit,83016621
104002.5,0.00288426,2025-05-13 16:12:21,1747152741.4894414,buy,limit,83016622
104003.5,0.01519062,2025-05-13 16:12:22,1747152742.026496,buy,market,83016626
104002.5,0.00388,2025-05-13 16:12:22,1747152742.026496,buy,market,83016625
104002.5,0.00184574,2025-05-13 16:12:22,1747152742.026496,buy,market,83016623
104002.5,0.001,2025-05-13 16:12:22,1747152742.026496,buy,market,83016624
104003.4,0.00715207,2025-05-13 16:12:22,1747152742.070577,sell,limit,83016627
104003.4,0.37284793,2025-05-13 16:12:22,1747152742.0955954,sell,limit,83016628
104003.4,0.62712207,2025-05-13 16:12:22,1747152742.0955954,sell,limit,83016629
104003.5,0.00256619,2025-05-13 16:12:22,1747152742.6272383,buy,limit,83016630
104010.1,0.00062054,2025-05-13 16:12:22,1747152742.8602774,buy,limit,83016634
104006.6,5.189e-05,2025-05-13 16:12:22,1747152742.8602774,buy,limit,83016633
104004.9,0.00024297,2025-05-13 16:12:22,1747152742.8602774,buy,limit,83016632
104004.9,5.137e-05,2025-05-13 16:12:22,1747152742.8602774,buy,limit,83016631
104028.4,0.01760927,2025-05-13 16:12:22,1747152742.8602777,buy,limit,83016647
104028.0,0.00024514,2025-05-13 16:12:22,1747152742.8602777,buy,limit,83016646
104027.0,5.137e-05,2025-05-13 16:12:22,1747152742.8602777,buy,limit,83016645
104021.8,0.00029099,2025-05-13 16:12:22,1747152742.8602777,buy,limit,83016643
104020.4,0.00292092,2025-05-13 16:12:22,1747152742.8602777,buy,limit,83016642
104019.2,0.009487,2025-05-13 16:12:22,1747152742.8602777,buy,limit,83016641
104023.3,0.02410519,2025-05-13 16:12:22,1747152742.8602777,buy,limit,83016644
104016.1,5.137e-05,2025-05-13 16:12:22,1747152742.8602777,buy,limit,83016639
104016.0,0.01775403,2025-05-13 16:12:22,1747152742.8602777,buy,limit,83016638
104013.9,0.0009667,2025-05-13 16:12:22,1747152742.8602777,buy,limit,83016637
104013.6,0.00060301,2025-05-13 16:12:22,1747152742.8602777,buy,limit,83016636
104010.5,0.001102,2025-05-13 16:12:22,1747152742.8602777,buy,limit,83016635
104017.0,0.0015,2025-05-13 16:12:22,1747152742.8602777,buy,limit,83016640
104048.0,0.01645875,2025-05-13 16:12:23,1747152743.0279171,buy,market,83016657
104048.0,0.00289066,2025-05-13 16:12:23,1747152743.0279171,buy,market,83016662
104048.0,0.001104,2025-05-13 16:12:23,1747152743.0279171,buy,market,83016661
104048.0,0.01448227,2025-05-13 16:12:23,1747152743.0279171,buy,market,83016660
104048.0,0.07317964,2025-05-13 16:12:23,1747152743.0279171,buy,market,83016659
104048.0,5e-05,2025-05-13 16:12:23,1747152743.0279171,buy,market,83016658
104042.2,0.0003976,2025-05-13 16:12:23,1747152743.0279171,buy,market,83016656
104035.7,0.001,2025-05-13 16:12:23,1747152743.0279171,buy,market,83016649
104038.8,6.064e-05,2025-05-13 16:12:23,1747152743.0279171,buy,market,83016654
104038.8,0.00011643,2025-05-13 16:12:23,1747152743.0279171,buy,market,83016653
104038.8,0.00753641,2025-05-13 16:12:23,1747152743.0279171,buy,market,83016652
104038.1,5.137e-05,2025-05-13 16:12:23,1747152743.0279171,buy,market,83016651
104035.7,0.00205588,2025-05-13 16:12:23,1747152743.0279171,buy,market,83016650
104035.7,0.01878412,2025-05-13 16:12:23,1747152743.0279171,buy,market,83016648
104038.8,0.0004736,2025-05-13 16:12:23,1747152743.0279171,buy,market,83016655
104048.0,0.01059074,2025-05-13 16:12:23,1747152743.0279174,buy,market,83016663
104047.9,0.00187295,2025-05-13 16:12:23,1747152743.2537105,sell,limit,83016664
104047.9,0.0022006,2025-05-13 16:12:24,1747152744.5884347,sell,limit,83016665
104047.9,0.00013509,2025-05-13 16:12:25,1747152745.9205194,sell,limit,83016666
104048.0,0.16762071,2025-05-13 16:12:27,1747152747.0336123,buy,market,83016667
104047.9,0.00605683,2025-05-13 16:12:28,1747152748.6402254,sell,limit,83016668
104048.0,0.00703712,2025-05-13 16:12:28,1747152748.9552135,buy,limit,83016669
104048.0,0.0009609,2025-05-13 16:12:30,1747152750.0728824,buy,market,83016670
104047.9,0.00013288,2025-05-13 16:12:31,1747152751.7614915,sell,market,83016671
104048.0,0.00014065,2025-05-13 16:12:31,1747152751.9720194,buy,limit,83016672
104048.0,0.0001059,2025-05-13 16:12:36,1747152756.7494302,buy,market,83016673
104048.0,0.20537866,2025-05-13 16:12:37,1747152757.3225887,buy,limit,83016674
104048.0,0.01650611,2025-05-13 16:12:37,1747152757.3225887,buy,limit,83016675
104048.9,0.00911523,2025-05-13 16:12:37,1747152757.3225887,buy,limit,83016676
104048.9,0.00012042,2025-05-13 16:12:37,1747152757.3250027,buy,limit,83016677
104049.0,5.14e-05,2025-05-13 16:12:37,1747152757.3250027,buy,limit,83016678
104051.2,0.00082051,2025-05-13 16:12:37,1747152757.325003,buy,limit,83016679
104057.9,0.0019802,2025-05-13 16:12:37,1747152757.8295536,sell,limit,83016680
104057.9,0.00024027,2025-05-13 16:12:42,1747152762.3183024,sell,limit,83016681
104057.9,0.00110362,2025-05-13 16:12:42,1747152762.9088027,sell,limit,83016682
104057.9,0.00110362,2025-05-13 16:12:42,1747152762.9186747,sell,limit,83016683
104057.9,0.00220725,2025-05-13 16:12:42,1747152762.9275858,sell,limit,83016684
104057.9,0.00010572,2025-05-13 16:12:44,1747152764.1650336,sell,market,83016685
104058.0,0.001133,2025-05-13 16:12:44,1747152764.5153992,buy,market,83016686
104057.9,0.00302138,2025-05-13 16:12:44,1747152764.846128,sell,limit,83016687
104057.9,0.00110362,2025-05-13 16:12:44,1747152764.8560877,sell,limit,83016688
104057.9,0.00110362,2025-05-13 16:12:44,1747152764.8681085,sell,limit,83016689
104057.9,0.00110362,2025-05-13 16:12:44,1747152764.879219,sell,limit,83016690
104057.9,0.00110362,2025-05-13 16:12:44,1747152764.887738,sell,limit,83016691
104057.9,0.00110362,2025-05-13 16:12:44,1747152764.89955,sell,limit,83016692
104057.9,0.00110362,2025-05-13 16:12:44,1747152764.9118922,sell,limit,83016693
104057.9,0.00110362,2025-05-13 16:12:44,1747152764.9213235,sell,limit,83016694
104057.9,0.00110362,2025-05-13 16:12:44,1747152764.930807,sell,limit,83016695
104057.9,0.00110362,2025-05-13 16:12:44,1747152764.940352,sell,limit,83016696
104057.9,0.00853112,2025-05-13 16:12:44,1747152764.9496646,sell,limit,83016697
104057.9,0.0085312,2025-05-13 16:12:44,1747152764.9602013,sell,limit,83016698
104058.0,0.0319259,2025-05-13 16:12:49,1747152769.7016003,buy,limit,83016702
104058.0,9.609e-05,2025-05-13 16:12:49,1747152769.7016003,buy,limit,83016701
104058.0,0.00910878,2025-05-13 16:12:49,1747152769.7016003,buy,limit,83016699
104058.0,0.01650611,2025-05-13 16:12:49,1747152769.7016003,buy,limit,83016700
104057.9,0.00604605,2025-05-13 16:12:49,1747152769.9805338,sell,limit,83016703
104057.9,0.00110362,2025-05-13 16:12:49,1747152769.9903257,sell,limit,83016704
104057.9,0.00110362,2025-05-13 16:12:50,1747152770.0011268,sell,limit,83016705
104057.9,0.00604177,2025-05-13 16:12:50,1747152770.0321634,sell,limit,83016706
104057.9,0.00153127,2025-05-13 16:12:50,1747152770.062517,sell,limit,83016707
104057.9,0.00603849,2025-05-13 16:12:50,1747152770.4446223,sell,limit,83016708
104057.9,0.00133579,2025-05-13 16:12:51,1747152771.4803467,sell,limit,83016710
104057.9,0.00709993,2025-05-13 16:12:51,1747152771.4803467,sell,limit,83016709
104057.9,0.00511399,2025-05-13 16:12:51,1747152771.6744823,sell,limit,83016711
104057.9,0.00019383,2025-05-13 16:12:52,1747152772.7336807,sell,market,83016712
104069.3,0.00021204,2025-05-13 16:12:56,1747152776.7352684,buy,limit,83016723
104070.9,5.14e-05,2025-05-13 16:12:56,1747152776.7352684,buy,limit,83016724
104060.0,0.00024297,2025-05-13 16:12:56,1747152776.7352684,buy,limit,83016716
104080.0,0.27991609,2025-05-13 16:12:56,1747152776.7352684,buy,limit,83016726
104069.0,0.00694023,2025-05-13 16:12:56,1747152776.7352684,buy,limit,83016722
104074.2,0.02409338,2025-05-13 16:12:56,1747152776.7352684,buy,limit,83016725
104066.8,5.129e-05,2025-05-13 16:12:56,1747152776.7352684,buy,limit,83016721
104058.0,0.001,2025-05-13 16:12:56,1747152776.7352684,buy,limit,83016715
104065.0,0.28828136,2025-05-13 16:12:56,1747152776.7352684,buy,limit,83016719
104061.3,0.00909139,2025-05-13 16:12:56,1747152776.7352684,buy,limit,83016718
104060.0,5.14e-05,2025-05-13 16:12:56,1747152776.7352684,buy,limit,83016717
104082.0,5.137e-05,2025-05-13 16:12:56,1747152776.7352684,buy,limit,83016727
104058.0,0.01650611,2025-05-13 16:12:56,1747152776.7352684,buy,limit,83016714
104058.0,9.609e-05,2025-05-13 16:12:56,1747152776.7352684,buy,limit,83016713
104066.7,5.5e-05,2025-05-13 16:12:56,1747152776.7352684,buy,limit,83016720
104088.5,5e-05,2025-05-13 16:12:56,1747152776.7352684,buy,limit,83016728
104100.0,0.01041,2025-05-13 16:12:56,1747152776.7352686,buy,limit,83016737
104100.0,0.00111431,2025-05-13 16:12:56,1747152776.7352686,buy,limit,83016738
104098.9,0.00923122,2025-05-13 16:12:56,1747152776.7352686,buy,limit,83016736
104100.0,0.08539014,2025-05-13 16:12:56,1747152776.7352686,buy,limit,83016740
104100.0,0.00961538,2025-05-13 16:12:56,1747152776.7352686,buy,limit,83016739
104098.0,0.5,2025-05-13 16:12:56,1747152776.7352686,buy,limit,83016735
104089.5,0.2531,2025-05-13 16:12:56,1747152776.7352686,buy,limit,83016729
104096.0,0.00601,2025-05-13 16:12:56,1747152776.7352686,buy,limit,83016733
104091.9,0.0012987,2025-05-13 16:12:56,1747152776.7352686,buy,limit,83016730
104096.6,0.399751,2025-05-13 16:12:56,1747152776.7352686,buy,limit,83016734
104094.1,0.09733776,2025-05-13 16:12:56,1747152776.7352686,buy,limit,83016732
104093.0,5.137e-05,2025-05-13 16:12:56,1747152776.7352686,buy,limit,83016731
104088.1,9.61e-05,2025-05-13 16:13:00,1747152780.240312,buy,market,83016741
104088.1,0.01508658,2025-05-13 16:13:00,1747152780.240312,buy,market,83016742
104100.9,0.00416452,2025-05-13 16:13:00,1747152780.5237446,sell,limit,83016743
104100.9,0.00843254,2025-05-13 16:13:00,1747152780.6737614,sell,limit,83016744
104100.9,0.00175985,2025-05-13 16:13:00,1747152780.722679,sell,limit,83016745
104100.9,0.00094726,2025-05-13 16:13:02,1747152782.3067205,sell,market,83016746
104101.0,5e-05,2025-05-13 16:13:03,1747152783.2870667,buy,market,83016747
104101.0,0.00995,2025-05-13 16:13:05,1747152785.5374763,buy,limit,83016748
104101.0,5e-05,2025-05-13 16:13:05,1747152785.5374763,buy,limit,83016749
104101.0,0.01,2025-05-13 16:13:05,1747152785.5492976,buy,limit,83016750
104101.0,0.00019212,2025-05-13 16:13:05,1747152785.554712,buy,market,83016751
104101.0,0.00626399,2025-05-13 16:13:05,1747152785.5719206,buy,limit,83016752
104103.5,0.00783,2025-05-13 16:13:05,1747152785.5748668,buy,limit,83016757
104103.5,0.00027,2025-05-13 16:13:05,1747152785.5748668,buy,limit,83016756
104103.5,0.001,2025-05-13 16:13:05,1747152785.5748668,buy,limit,83016753
104103.5,0.00037,2025-05-13 16:13:05,1747152785.5748668,buy,limit,83016754
104103.5,0.00013,2025-05-13 16:13:05,1747152785.5748668,buy,limit,83016755
104104.1,5.14e-05,2025-05-13 16:13:05,1747152785.5822442,buy,limit,83016758
104110.9,0.00091355,2025-05-13 16:13:07,1747152787.84545,sell,limit,83016759
104110.9,0.00020775,2025-05-13 16:13:07,1747152787.858196,sell,limit,83016760
104110.9,0.00086883,2025-05-13 16:13:07,1747152787.868104,sell,limit,83016761
104110.9,0.00138747,2025-05-13 16:13:07,1747152787.9655054,sell,limit,83016762
104110.9,0.0003537,2025-05-13 16:13:07,1747152787.981194,sell,limit,83016763
104110.9,0.00139524,2025-05-13 16:13:08,1747152788.0311058,sell,limit,83016764
104110.9,0.00071293,2025-05-13 16:13:08,1747152788.0434387,sell,limit,83016765
104110.9,0.00489488,2025-05-13 16:13:08,1747152788.0566432,sell,limit,83016766
104110.9,0.00071491,2025-05-13 16:13:08,1747152788.0684109,sell,limit,83016767
104110.9,0.00080687,2025-05-13 16:13:08,1747152788.0868037,sell,limit,83016768
104110.9,0.00044976,2025-05-13 16:13:08,1747152788.098296,sell,limit,83016769
104110.9,0.00140302,2025-05-13 16:13:08,1747152788.1200542,sell,limit,83016770
104110.9,0.00013874,2025-05-13 16:13:08,1747152788.134551,sell,limit,83016771
104110.9,0.00045324,2025-05-13 16:13:08,1747152788.1503396,sell,limit,83016772
104110.9,0.00083897,2025-05-13 16:13:08,1747152788.1628397,sell,limit,83016773
104110.9,0.00057181,2025-05-13 16:13:08,1747152788.179617,sell,limit,83016774
104110.9,0.0002611,2025-05-13 16:13:08,1747152788.192814,sell,limit,83016775
104110.9,0.01101608,2025-05-13 16:13:08,1747152788.2200017,sell,limit,83016776
104110.9,0.00522731,2025-05-13 16:13:08,1747152788.2330854,sell,limit,83016777
104110.9,0.00195484,2025-05-13 16:13:08,1747152788.250731,sell,limit,83016778
104123.2,0.50060952,2025-05-13 16:13:08,1747152788.9452677,buy,limit,83016786
104121.6,0.00188658,2025-05-13 16:13:08,1747152788.9452677,buy,limit,83016785
104115.0,5.137e-05,2025-05-13 16:13:08,1747152788.9452677,buy,limit,83016783
104117.6,0.00060151,2025-05-13 16:13:08,1747152788.9452677,buy,limit,83016784
104111.0,0.01650611,2025-05-13 16:13:08,1747152788.9452677,buy,limit,83016781
104111.0,0.00242987,2025-05-13 16:13:08,1747152788.9452677,buy,limit,83016780
104111.0,0.00067207,2025-05-13 16:13:08,1747152788.9452677,buy,limit,83016779
104115.0,0.00024297,2025-05-13 16:13:08,1747152788.9452677,buy,limit,83016782
104123.2,0.523,2025-05-13 16:13:09,1747152789.0377681,buy,limit,83016787
104123.2,1.97639048,2025-05-13 16:13:09,1747152789.096818,buy,limit,83016788
104125.0,0.07815475,2025-05-13 16:13:09,1747152789.096818,buy,limit,83016789
104125.8,0.00019212,2025-05-13 16:13:09,1747152789.8876035,buy,market,83016790
104133.4,0.00175374,2025-05-13 16:13:09,1747152789.8877416,buy,market,83016796
104133.4,0.00487229,2025-05-13 16:13:09,1747152789.8877416,buy,market,83016795
104130.4,0.00047494,2025-05-13 16:13:09,1747152789.8877416,buy,market,83016794
104125.8,0.00028639,2025-05-13 16:13:09,1747152789.8877416,buy,market,83016791
104125.9,5.137e-05,2025-05-13 16:13:09,1747152789.8877416,buy,market,83016792
104127.7,0.00421679,2025-05-13 16:13:09,1747152789.8877416,buy,market,83016793
104133.4,0.0006987,2025-05-13 16:13:10,1747152790.9199643,buy,market,83016797
104133.4,0.00352473,2025-05-13 16:13:10,1747152790.9199643,buy,market,83016798
104133.3,0.08393096,2025-05-13 16:13:11,1747152791.0989313,sell,market,83016799
104133.4,0.00040402,2025-05-13 16:13:12,1747152792.8732166,buy,market,83016801
104133.4,0.00457527,2025-05-13 16:13:12,1747152792.8732166,buy,market,83016800
104133.3,0.00214047,2025-05-13 16:13:20,1747152800.6386979,sell,limit,83016802
104133.4,0.01610209,2025-05-13 16:13:23,1747152803.8505669,buy,market,83016803
104133.4,0.00057234,2025-05-13 16:13:23,1747152803.8505669,buy,market,83016804
104133.4,9.603e-05,2025-05-13 16:13:23,1747152803.8505669,buy,market,83016805
104133.6,0.00024489,2025-05-13 16:13:23,1747152803.8505669,buy,market,83016806
104137.0,5.137e-05,2025-05-13 16:13:23,1747152803.8505669,buy,market,83016807
104137.8,0.00072424,2025-05-13 16:13:23,1747152803.8505669,buy,market,83016808
104138.9,0.00130515,2025-05-13 16:13:23,1747152803.8505669,buy,market,83016809
104147.0,0.12439463,2025-05-13 16:13:23,1747152803.850567,buy,market,83016814
104146.5,0.0002418,2025-05-13 16:13:23,1747152803.850567,buy,market,83016813
104142.3,0.00010213,2025-05-13 16:13:23,1747152803.850567,buy,market,83016810
104144.5,9.024e-05,2025-05-13 16:13:23,1747152803.850567,buy,market,83016811
104146.4,0.0008846,2025-05-13 16:13:23,1747152803.850567,buy,market,83016812
104135.0,0.00091569,2025-05-13 16:13:29,1747152809.3811717,buy,limit,83016815
104135.0,0.00243802,2025-05-13 16:13:29,1747152809.5911698,buy,limit,83016816
104135.0,0.0099,2025-05-13 16:13:36,1747152816.6122124,buy,limit,83016817
104135.0,9.603e-05,2025-05-13 16:13:38,1747152818.474466,buy,limit,83016818
104146.9,0.00487292,2025-05-13 16:13:38,1747152818.6789837,sell,limit,83016819
104147.0,0.00014508,2025-05-13 16:13:39,1747152819.7242212,buy,market,83016820
104147.0,0.37546029,2025-05-13 16:13:42,1747152822.3364224,buy,limit,83016821
104147.0,9.603e-05,2025-05-13 16:13:42,1747152822.3364224,buy,limit,83016822
104163.8,1.95253216,2025-05-13 16:13:42,1747152822.3364227,buy,limit,83016831
104162.3,0.01023153,2025-05-13 16:13:42,1747152822.3364227,buy,limit,83016830
104161.2,2.40012807,2025-05-13 16:13:42,1747152822.3364227,buy,limit,83016829
104150.0,0.00024003,2025-05-13 16:13:42,1747152822.3364227,buy,limit,83016827
104159.0,5.14e-05,2025-05-13 16:13:42,1747152822.3364227,buy,limit,83016828
104148.8,0.02016522,2025-05-13 16:13:42,1747152822.3364227,buy,limit,83016825
104148.0,5.137e-05,2025-05-13 16:13:42,1747152822.3364227,buy,limit,83016824
104147.0,0.01650611,2025-05-13 16:13:42,1747152822.3364227,buy,limit,83016823
104148.9,0.00922678,2025-05-13 16:13:42,1747152822.3364227,buy,limit,83016826
104171.5,0.02,2025-05-13 16:13:45,1747152825.4225798,buy,market,83016839
104181.0,5.137e-05,2025-05-13 16:13:45,1747152825.4225798,buy,market,83016843
104176.4,0.00022503,2025-05-13 16:13:45,1747152825.4225798,buy,market,83016842
104176.4,0.00025009,2025-05-13 16:13:45,1747152825.4225798,buy,market,83016841
104173.5,0.02407042,2025-05-13 16:13:45,1747152825.4225798,buy,market,83016840
104171.3,0.00025873,2025-05-13 16:13:45,1747152825.4225798,buy,market,83016838
104155.0,0.001,2025-05-13 16:13:45,1747152825.4225798,buy,market,83016833
104170.0,0.00024297,2025-05-13 16:13:45,1747152825.4225798,buy,market,83016836
104166.2,0.00096528,2025-05-13 16:13:45,1747152825.4225798,buy,market,83016835
104155.0,0.01650611,2025-05-13 16:13:45,1747152825.4225798,buy,market,83016834
104155.0,9.602e-05,2025-05-13 16:13:45,1747152825.4225798,buy,market,83016832
104170.0,5.137e-05,2025-05-13 16:13:45,1747152825.4225798,buy,market,83016837
104197.0,0.02262049,2025-05-13 16:13:45,1747152825.42258,buy,market,83016853
104195.4,0.00032108,2025-05-13 16:13:45,1747152825.42258,buy,market,83016852
104192.0,5.5e-05,2025-05-13 16:13:45,1747152825.42258,buy,market,83016850
104191.1,0.00019761,2025-05-13 16:13:45,1747152825.42258,buy,market,83016849
104192.0,5.14e-05,2025-05-13 16:13:45,1747152825.42258,buy,market,83016851
104188.3,0.00422308,2025-05-13 16:13:45,1747152825.42258,buy,market,83016847
104187.0,9.881e-05,2025-05-13 16:13:45,1747152825.42258,buy,market,83016846
104185.3,0.00239273,2025-05-13 16:13:45,1747152825.42258,buy,market,83016845
104185.2,0.00159951,2025-05-13 16:13:45,1747152825.42258,buy,market,83016844
104189.2,0.00043132,2025-05-13 16:13:45,1747152825.42258,buy,market,83016848
104191.2,0.09741706,2025-05-13 16:13:46,1747152826.306926,sell,limit,83016854
104191.3,9.601e-05,2025-05-13 16:13:47,1747152827.0118897,buy,market,83016855
104191.3,4.399e-05,2025-05-13 16:13:47,1747152827.0118897,buy,market,83016856
104195.2,0.135,2025-05-13 16:13:47,1747152827.3198118,buy,market,83016857
104197.0,0.065,2025-05-13 16:13:47,1747152827.3198118,buy,market,83016858
104197.0,5e-06,2025-05-13 16:13:51,1747152831.692175,buy,market,83016859
104196.9,0.00241954,2025-05-13 16:13:52,1747152832.504475,sell,market,83016860
104197.0,0.4123841,2025-05-13 16:13:55,1747152835.018742,buy,limit,83016861
104197.0,9.598e-05,2025-05-13 16:13:55,1747152835.018742,buy,limit,83016862
104200.0,0.01173479,2025-05-13 16:13:55,1747152835.5095508,buy,market,83016866
104198.9,0.01650611,2025-05-13 16:13:55,1747152835.5095508,buy,market,83016865
104198.9,0.00922236,2025-05-13 16:13:55,1747152835.5095508,buy,market,83016863
104198.9,9.598e-05,2025-05-13 16:13:55,1747152835.5095508,buy,market,83016864
104200.0,0.04834935,2025-05-13 16:13:55,1747152835.5097725,buy,market,83016867
104200.0,0.0001504,2025-05-13 16:13:55,1747152835.5098991,buy,market,83016868
104200.0,0.04834935,2025-05-13 16:13:55,1747152835.5098991,buy,market,83016869
104200.0,0.00765925,2025-05-13 16:13:55,1747152835.6547813,buy,market,83016870
104200.0,0.07423305,2025-05-13 16:13:57,1747152837.0522676,buy,limit,83016871
104200.0,0.00410772,2025-05-13 16:13:57,1747152837.0522676,buy,limit,83016872
104200.0,0.07455279,2025-05-13 16:13:57,1747152837.0526023,buy,limit,83016873
104200.0,0.3,2025-05-13 16:13:57,1747152837.0649261,buy,limit,83016874
104200.0,0.1,2025-05-13 16:13:57,1747152837.0658922,buy,limit,83016875
104200.0,0.04261543,2025-05-13 16:13:58,1747152838.385391,buy,limit,83016876
104199.9,0.08,2025-05-13 16:13:58,1747152838.5147712,sell,market,83016878
104199.9,0.1,2025-05-13 16:13:58,1747152838.5147712,sell,market,83016877
104199.9,0.06,2025-05-13 16:13:58,1747152838.5147712,sell,market,83016879
104200.0,0.0155,2025-05-13 16:13:58,1747152838.7477353,buy,limit,83016880
104200.0,0.21833547,2025-05-13 16:13:59,1747152839.0947106,buy,limit,83016881
104200.0,0.01445783,2025-05-13 16:13:59,1747152839.2996962,buy,limit,83016882
104200.0,0.2,2025-05-13 16:13:59,1747152839.3226461,buy,market,83016883
104200.0,0.16286837,2025-05-13 16:13:59,1747152839.4623895,buy,limit,83016884
104200.0,0.00066343,2025-05-13 16:13:59,1747152839.4623895,buy,limit,83016885
104200.0,0.01650611,2025-05-13 16:13:59,1747152839.4651845,buy,limit,83016886
104202.9,5.137e-05,2025-05-13 16:13:59,1747152839.4651845,buy,limit,83016887
104204.5,0.00186,2025-05-13 16:13:59,1747152839.4651845,buy,limit,83016888
104205.8,0.00067773,2025-05-13 16:13:59,1747152839.4651845,buy,limit,83016889
104214.1,5.137e-05,2025-05-13 16:13:59,1747152839.4651845,buy,limit,83016890
104214.9,0.00047269,2025-05-13 16:14:00,1747152840.0371492,buy,limit,83016891
104214.9,0.00308833,2025-05-13 16:14:00,1747152840.1811132,buy,limit,83016892
104221.8,0.00060179,2025-05-13 16:14:00,1747152840.1811132,buy,limit,83016893
104225.0,5.137e-05,2025-05-13 16:14:00,1747152840.2196755,buy,limit,83016895
104225.0,0.00024297,2025-05-13 16:14:00,1747152840.2196755,buy,limit,83016896
104224.9,0.00159951,2025-05-13 16:14:00,1747152840.2196755,buy,limit,83016894
104225.4,0.00028701,2025-05-13 16:14:00,1747152840.3061583,buy,limit,83016897
104228.4,0.00048292,2025-05-13 16:14:00,1747152840.5179937,buy,market,83016898
104228.3,0.04691893,2025-05-13 16:14:00,1747152840.5181408,sell,market,83016899
104228.3,0.00028894,2025-05-13 16:14:00,1747152840.5182111,sell,market,83016900
104228.3,0.00240788,2025-05-13 16:14:00,1747152840.542569,sell,limit,83016901
104228.4,0.00978553,2025-05-13 16:14:00,1747152840.6215107,buy,market,83016902
104228.3,8.161e-05,2025-05-13 16:14:00,1747152840.8706496,sell,market,83016903
104228.3,0.00137505,2025-05-13 16:14:01,1747152841.004259,sell,limit,83016904
104228.4,0.00184409,2025-05-13 16:14:01,1747152841.3507993,buy,market,83016905
104228.4,0.009,2025-05-13 16:14:01,1747152841.5196114,buy,market,83016906
104228.4,5e-05,2025-05-13 16:14:03,1747152843.2621202,buy,market,83016907
104228.4,0.26230271,2025-05-13 16:14:03,1747152843.8963914,buy,market,83016908
104228.4,0.01650611,2025-05-13 16:14:03,1747152843.8963914,buy,market,83016909
104231.0,0.00601,2025-05-13 16:14:03,1747152843.8963914,buy,market,83016910
104234.0,0.00019613,2025-05-13 16:14:03,1747152843.8963914,buy,market,83016911
104236.1,5.14e-05,2025-05-13 16:14:03,1747152843.8963914,buy,market,83016912
104236.9,9.594e-05,2025-05-13 16:14:03,1747152843.8963914,buy,market,83016913
104237.0,0.1,2025-05-13 16:14:03,1747152843.8963914,buy,market,83016914
104245.0,7.166e-05,2025-05-13 16:14:03,1747152843.8963916,buy,market,83016923
104242.9,6.572e-05,2025-05-13 16:14:03,1747152843.8963916,buy,market,83016922
104246.5,0.0268962,2025-05-13 16:14:03,1747152843.8963916,buy,market,83016925
104245.1,0.00244,2025-05-13 16:14:03,1747152843.8963916,buy,market,83016924
104242.8,0.00103098,2025-05-13 16:14:03,1747152843.8963916,buy,market,83016921
104246.5,0.01944734,2025-05-13 16:14:03,1747152843.8963916,buy,market,83016926
104241.5,0.08140023,2025-05-13 16:14:03,1747152843.8963916,buy,market,83016919
104241.3,0.00040836,2025-05-13 16:14:03,1747152843.8963916,buy,market,83016918
104240.9,0.01770426,2025-05-13 16:14:03,1747152843.8963916,buy,market,83016917
104239.3,0.00091168,2025-05-13 16:14:03,1747152843.8963916,buy,market,83016916
104239.3,0.00024464,2025-05-13 16:14:03,1747152843.8963916,buy,market,83016915
104242.4,0.00035204,2025-05-13 16:14:03,1747152843.8963916,buy,market,83016920
104246.5,0.0086872,2025-05-13 16:14:04,1747152844.436834,buy,market,83016927
104246.4,0.00064856,2025-05-13 16:14:05,1747152845.5822427,sell,market,83016928
104246.5,0.00013706,2025-05-13 16:14:06,1747152846.844911,buy,market,83016929
104246.5,0.0448322,2025-05-13 16:14:08,1747152848.574606,buy,limit,83016930
104246.5,9.594e-05,2025-05-13 16:14:08,1747152848.574606,buy,limit,83016931
104246.5,0.01087186,2025-05-13 16:14:08,1747152848.5746062,buy,limit,83016932
104247.0,5.14e-05,2025-05-13 16:14:13,1747152853.0263114,buy,limit,83016933
104247.0,3.511e-05,2025-05-13 16:14:13,1747152853.0263114,buy,limit,83016934
104247.0,6.081e-05,2025-05-13 16:14:13,1747152853.026676,buy,limit,83016935
104247.0,2.559e-05,2025-05-13 16:14:13,1747152853.026676,buy,limit,83016936
104247.0,0.01648052,2025-05-13 16:14:14,1747152854.075703,buy,limit,83016937
104247.0,9.592e-05,2025-05-13 16:14:14,1747152854.075703,buy,limit,83016938
104248.9,0.00921793,2025-05-13 16:14:14,1747152854.092773,buy,market,83016939
104248.9,9.592e-05,2025-05-13 16:14:14,1747152854.092773,buy,market,83016940
104250.0,0.06396163,2025-05-13 16:14:14,1747152854.0927732,buy,market,83016941
104250.4,0.00144363,2025-05-13 16:14:14,1747152854.0927732,buy,market,83016942
104251.0,0.17528089,2025-05-13 16:14:14,1747152854.0927732,buy,market,83016943
104251.0,0.00135874,2025-05-13 16:14:16,1747152856.8109703,buy,limit,83016944
104251.0,0.0002397,2025-05-13 16:14:19,1747152859.5954645,buy,limit,83016945
104251.0,0.0959,2025-05-13 16:14:20,1747152860.4697912,buy,limit,83016946
104251.0,0.00043048,2025-05-13 16:14:20,1747152860.9747796,buy,limit,83016947
104251.0,0.0959,2025-05-13 16:14:21,1747152861.4083014,buy,limit,83016948
104251.0,0.13089019,2025-05-13 16:14:22,1747152862.108705,buy,market,83016949
104251.0,9.592e-05,2025-05-13 16:14:22,1747152862.108705,buy,market,83016950
104251.0,0.01650611,2025-05-13 16:14:22,1747152862.108705,buy,market,83016951
104253.4,0.0177015,2025-05-13 16:14:22,1747152862.108705,buy,market,83016952
104256.9,0.00147207,2025-05-13 16:14:22,1747152862.108705,buy,market,83016953
104258.1,5.14e-05,2025-05-13 16:14:22,1747152862.108705,buy,market,83016954
104262.0,0.00131754,2025-05-13 16:14:22,1747152862.108705,buy,market,83016955
104265.8,0.00079975,2025-05-13 16:14:22,1747152862.108705,buy,market,83016956
104290.0,0.78251123,2025-05-13 16:14:22,1747152862.1087053,buy,market,83016966
104289.4,0.00123072,2025-05-13 16:14:22,1747152862.1087053,buy,market,83016965
104280.0,5.137e-05,2025-05-13 16:14:22,1747152862.1087053,buy,market,83016964
104280.0,0.00024297,2025-05-13 16:14:22,1747152862.1087053,buy,market,83016963
104279.9,0.00070596,2025-05-13 16:14:22,1747152862.1087053,buy,market,83016962
104266.6,0.0102213,2025-05-13 16:14:22,1747152862.1087053,buy,market,83016958
104269.1,5.137e-05,2025-05-13 16:14:22,1747152862.1087053,buy,market,83016960
104267.3,0.00075588,2025-05-13 16:14:22,1747152862.1087053,buy,market,83016959
104265.9,0.01769874,2025-05-13 16:14:22,1747152862.1087053,buy,market,83016957
104278.4,0.01769598,2025-05-13 16:14:22,1747152862.1087053,buy,market,83016961
104289.9,5.688e-05,2025-05-13 16:14:26,1747152866.5532978,sell,market,83016967
104290.0,9.607e-05,2025-05-13 16:14:26,1747152866.9358819,buy,market,83016968
104290.0,0.00044798,2025-05-13 16:14:33,1747152873.2017372,buy,limit,83016969
104290.0,0.0959,2025-05-13 16:14:33,1747152873.4064934,buy,limit,83016970
104289.9,0.0002667,2025-05-13 16:14:33,1747152873.6719022,sell,market,83016971
104289.9,0.02,2025-05-13 16:14:33,1747152873.6719022,sell,market,83016972
104289.9,0.0001,2025-05-13 16:14:33,1747152873.6719022,sell,market,83016973
104289.9,0.00875127,2025-05-13 16:14:33,1747152873.6719024,sell,market,83016976
104289.9,0.001,2025-05-13 16:14:33,1747152873.6719024,sell,market,83016975
104289.9,0.0001,2025-05-13 16:14:33,1747152873.6719024,sell,market,83016974
104289.9,0.00039734,2025-05-13 16:14:36,1747152876.2842097,sell,limit,83016977
104290.0,0.00042464,2025-05-13 16:14:38,1747152878.0659587,buy,market,83016978
104290.0,0.09565845,2025-05-13 16:14:45,1747152885.1222923,buy,market,83016979
104290.0,0.02496163,2025-05-13 16:14:45,1747152885.8726044,buy,market,83016980
104290.0,9.592e-05,2025-05-13 16:14:45,1747152885.8726046,buy,market,83016981
104290.0,0.01650611,2025-05-13 16:14:45,1747152885.8726046,buy,market,83016982
104290.0,1.91804511,2025-05-13 16:14:45,1747152885.8726046,buy,market,83016983
104290.0,0.04,2025-05-13 16:14:45,1747152885.8726046,buy,market,83016984
104290.0,0.00039123,2025-05-13 16:14:45,1747152885.8726046,buy,market,83016985
104290.0,0.00047147,2025-05-13 16:14:46,1747152886.7800949,buy,market,83016986
104292.9,5e-05,2025-05-13 16:14:50,1747152890.689656,buy,market,83016993
104291.1,5.14e-05,2025-05-13 16:14:50,1747152890.689656,buy,market,83016992
104297.0,0.11061212,2025-05-13 16:14:50,1747152890.689656,buy,market,83016994
104290.9,0.01769322,2025-05-13 16:14:50,1747152890.689656,buy,market,83016991
104290.0,0.01650611,2025-05-13 16:14:50,1747152890.689656,buy,market,83016990
104290.0,9.592e-05,2025-05-13 16:14:50,1747152890.689656,buy,market,83016989
104290.0,0.10479847,2025-05-13 16:14:50,1747152890.689656,buy,market,83016988
104290.0,0.00019276,2025-05-13 16:14:50,1747152890.689656,buy,market,83016987
104297.0,0.00086292,2025-05-13 16:14:53,1747152893.0383713,buy,market,83016995
104297.0,0.0958,2025-05-13 16:14:55,1747152895.1867044,buy,limit,83016996
104297.0,0.0958,2025-05-13 16:14:56,1747152896.0692055,buy,limit,83016997
104297.0,0.01986773,2025-05-13 16:15:02,1747152902.3245347,buy,market,83016998
104297.0,0.002876,2025-05-13 16:15:03,1747152903.1607747,buy,market,83016999
104297.0,5e-05,2025-05-13 16:15:03,1747152903.274444,buy,market,83017000
104297.0,0.00018893,2025-05-13 16:15:05,1747152905.040219,buy,limit,83017001
104297.0,0.0151,2025-05-13 16:15:07,1747152907.9664607,buy,limit,83017002
104296.9,0.00385527,2025-05-13 16:15:07,1747152907.985154,sell,market,83017003
104297.0,9.535e-05,2025-05-13 16:15:15,1747152915.1422582,buy,limit,83017004
104296.9,0.0002667,2025-05-13 16:15:15,1747152915.9497397,sell,limit,83017005
104296.9,0.00112442,2025-05-13 16:15:15,1747152915.9497397,sell,limit,83017006
104296.9,0.00054337,2025-05-13 16:15:15,1747152915.9576638,sell,limit,83017007
104280.0,5.034e-05,2025-05-13 16:15:15,1747152915.957664,sell,limit,83017011
104296.9,0.001,2025-05-13 16:15:15,1747152915.957664,sell,limit,83017010
104296.9,0.0001,2025-05-13 16:15:15,1747152915.957664,sell,limit,83017008
104296.9,0.0001,2025-05-13 16:15:15,1747152915.957664,sell,limit,83017009
104269.1,0.00031759,2025-05-13 16:15:16,1747152916.2006269,buy,market,83017012
104269.1,9.588e-05,2025-05-13 16:15:21,1747152921.7378805,buy,limit,83017013
104269.1,0.004262,2025-05-13 16:15:21,1747152921.7378805,buy,limit,83017014
104269.1,0.00055422,2025-05-13 16:15:21,1747152921.7378805,buy,limit,83017015
104269.1,0.002876,2025-05-13 16:15:22,1747152922.4410713,buy,market,83017016
104269.1,0.00431525,2025-05-13 16:15:23,1747152923.235448,buy,market,83017017
104269.1,0.00876064,2025-05-13 16:15:27,1747152927.7834165,buy,market,83017018
104269.1,9.588e-05,2025-05-13 16:15:27,1747152927.7834165,buy,market,83017019
104269.1,0.24114348,2025-05-13 16:15:27,1747152927.7834167,buy,market,83017020
104269.0,5.035e-05,2025-05-13 16:15:32,1747152932.0263925,sell,limit,83017021
104250.9,0.0239806,2025-05-13 16:15:32,1747152932.0263927,sell,limit,83017027
104247.0,0.24075232,2025-05-13 16:15:32,1747152932.0263927,sell,limit,83017028
104258.0,5.035e-05,2025-05-13 16:15:32,1747152932.0263927,sell,limit,83017026
104269.0,0.001,2025-05-13 16:15:32,1747152932.0263927,sell,limit,83017024
104269.0,0.0001,2025-05-13 16:15:32,1747152932.0263927,sell,limit,83017023
104269.0,0.0001,2025-05-13 16:15:32,1747152932.0263927,sell,limit,83017022
104269.0,0.0002666,2025-05-13 16:15:32,1747152932.0263927,sell,limit,83017025
104247.1,0.01447302,2025-05-13 16:15:34,1747152934.517945,buy,market,83017029
104247.1,0.24254932,2025-05-13 16:15:36,1747152936.6323535,buy,market,83017030
104247.1,0.75745068,2025-05-13 16:15:36,1747152936.6323535,buy,market,83017031
104247.1,9.591e-05,2025-05-13 16:15:38,1747152938.5681906,buy,limit,83017032
104247.1,0.01650611,2025-05-13 16:15:38,1747152938.5681906,buy,limit,83017033
104247.1,0.01438889,2025-05-13 16:15:38,1747152938.5681906,buy,limit,83017034
104247.1,0.06490909,2025-05-13 16:15:38,1747152938.5681906,buy,limit,83017035
104247.1,9.591e-05,2025-05-13 16:15:40,1747152940.1666152,buy,limit,83017036
104251.3,0.00182917,2025-05-13 16:15:40,1747152940.1666152,buy,limit,83017037
104251.3,1.844e-05,2025-05-13 16:15:42,1747152942.7386737,buy,limit,83017038
104251.3,0.00080408,2025-05-13 16:15:50,1747152950.6208375,buy,limit,83017040
104251.3,9.592e-05,2025-05-13 16:15:50,1747152950.6208375,buy,limit,83017039
104251.3,9.592e-05,2025-05-13 16:15:56,1747152956.5592606,buy,limit,83017042
104251.3,0.01570203,2025-05-13 16:15:56,1747152956.5592606,buy,limit,83017041
104269.1,5.035e-05,2025-05-13 16:15:56,1747152956.619973,buy,limit,83017043
104280.0,5.035e-05,2025-05-13 16:15:59,1747152959.8354964,buy,limit,83017044
104280.0,9.592e-05,2025-05-13 16:15:59,1747152959.8354964,buy,limit,83017045
104280.0,0.00985373,2025-05-13 16:15:59,1747152959.8354964,buy,limit,83017046
104280.0,0.00665238,2025-05-13 16:15:59,1747152959.8362377,buy,limit,83017047
104290.9,5.034e-05,2025-05-13 16:16:01,1747152961.301711,buy,market,83017048
104290.9,9.589e-05,2025-05-13 16:16:01,1747152961.301711,buy,market,83017049
104297.0,0.00191823,2025-05-13 16:16:01,1747152961.301711,buy,market,83017050
104297.0,5e-05,2025-05-13 16:16:03,1747152963.2702398,buy,market,83017051
104296.9,5e-05,2025-05-13 16:16:03,1747152963.8170657,sell,market,83017052
104297.0,0.00024214,2025-05-13 16:16:04,1747152964.8717256,buy,limit,83017053
104297.0,0.00413635,2025-05-13 16:16:06,1747152966.2683642,buy,limit,83017054
104297.0,0.01398247,2025-05-13 16:16:06,1747152966.3626559,buy,market,83017055
104297.0,0.01648636,2025-05-13 16:16:11,1747152971.8205776,buy,limit,83017058
104297.0,0.13841776,2025-05-13 16:16:11,1747152971.8205776,buy,limit,83017056
104297.0,9.588e-05,2025-05-13 16:16:11,1747152971.8205776,buy,limit,83017057
104297.0,1.975e-05,2025-05-13 16:16:11,1747152971.8290884,buy,limit,83017059
104298.9,0.00921351,2025-05-13 16:16:12,1747152972.0341887,buy,limit,83017060
104298.9,9.587e-05,2025-05-13 16:16:12,1747152972.0341887,buy,limit,83017061
104300.0,0.29937349,2025-05-13 16:16:12,1747152972.0341887,buy,limit,83017062
104300.0,0.21292651,2025-05-13 16:16:12,1747152972.0412304,buy,limit,83017063
104300.0,0.01900067,2025-05-13 16:16:12,1747152972.0412304,buy,limit,83017064
104302.1,5.14e-05,2025-05-13 16:16:12,1747152972.0412304,buy,limit,83017065
104303.4,0.01769047,2025-05-13 16:16:12,1747152972.0412304,buy,limit,83017066
104306.5,8.044e-05,2025-05-13 16:16:12,1747152972.0412304,buy,limit,83017067
104312.9,5.14e-05,2025-05-13 16:16:12,1747152972.0412304,buy,limit,83017068
104313.7,0.00046001,2025-05-13 16:16:12,1747152972.0412304,buy,limit,83017069
104314.2,0.00109878,2025-05-13 16:16:12,1747152972.0412304,buy,limit,83017070
104315.9,0.01768771,2025-05-13 16:16:12,1747152972.0412304,buy,limit,83017071
104317.4,5.5e-05,2025-05-13 16:16:12,1747152972.0412307,buy,limit,83017072
104320.8,0.00015304,2025-05-13 16:16:12,1747152972.125893,buy,limit,83017073
104323.9,5.025e-05,2025-05-13 16:16:12,1747152972.1292017,buy,limit,83017074
104324.0,5.141e-05,2025-05-13 16:16:12,1747152972.1345227,buy,limit,83017075
104324.2,0.00122923,2025-05-13 16:16:12,1747152972.1345227,buy,limit,83017076
104323.8,9.587e-05,2025-05-13 16:16:12,1747152972.2204356,buy,limit,83017077
104325.9,0.00053145,2025-05-13 16:16:12,1747152972.2204356,buy,limit,83017078
104326.0,0.0006012,2025-05-13 16:16:12,1747152972.2204356,buy,limit,83017079
104328.5,0.01,2025-05-13 16:16:12,1747152972.7884653,buy,limit,83017080
104328.5,0.00782642,2025-05-13 16:16:12,1747152972.8325937,buy,limit,83017081
104328.5,9.587e-05,2025-05-13 16:16:12,1747152972.8325937,buy,limit,83017082
104333.3,0.00163093,2025-05-13 16:16:12,1747152972.9696653,buy,limit,83017083
104333.9,0.00096373,2025-05-13 16:16:12,1747152972.9696653,buy,limit,83017084
104335.1,0.00024297,2025-05-13 16:16:12,1747152972.9696653,buy,limit,83017085
104335.1,5.137e-05,2025-05-13 16:16:12,1747152972.9696653,buy,limit,83017086
104335.7,0.027111,2025-05-13 16:16:12,1747152972.9696655,buy,limit,83017087
104335.7,0.03,2025-05-13 16:16:12,1747152972.9733207,buy,limit,83017088
104335.7,0.02,2025-05-13 16:16:12,1747152972.979282,buy,limit,83017089
104335.7,0.00163036,2025-05-13 16:16:13,1747152973.0092494,buy,limit,83017090
104335.7,0.00768414,2025-05-13 16:16:21,1747152981.8283432,buy,market,83017091
104335.7,0.0051,2025-05-13 16:16:22,1747152982.8126075,buy,limit,83017092
104335.7,9.584e-05,2025-05-13 16:16:29,1747152989.010468,buy,market,83017093
104335.6,0.0001,2025-05-13 16:16:33,1747152993.332693,sell,market,83017094
104335.6,0.19158912,2025-05-13 16:16:33,1747152993.332693,sell,market,83017095
104335.6,9.85e-06,2025-05-13 16:16:34,1747152994.0434093,sell,limit,83017096
104335.6,7.857e-05,2025-05-13 16:16:39,1747152999.579532,sell,market,83017097
104335.6,0.001,2025-05-13 16:16:41,1747153001.3501425,sell,limit,83017098
104335.6,0.0001,2025-05-13 16:16:41,1747153001.3501425,sell,limit,83017099
104335.6,0.0001,2025-05-13 16:16:41,1747153001.3501425,sell,limit,83017100
104324.0,5.032e-05,2025-05-13 16:16:41,1747153001.3501425,sell,limit,83017101
104313.0,5.032e-05,2025-05-13 16:16:41,1747153001.3501425,sell,limit,83017102
104305.5,0.00069,2025-05-13 16:16:42,1747153002.453556,sell,limit,83017103
104305.5,0.00889,2025-05-13 16:16:46,1747153006.161885,sell,limit,83017104
104305.5,0.0001,2025-05-13 16:16:46,1747153006.161885,sell,limit,83017105
104305.5,0.0001,2025-05-13 16:16:46,1747153006.161885,sell,limit,83017106
104305.5,0.00069,2025-05-13 16:16:46,1747153006.161885,sell,limit,83017107
104305.5,0.00092,2025-05-13 16:16:46,1747153006.161885,sell,limit,83017108
104305.5,8e-05,2025-05-13 16:16:46,1747153006.1621215,sell,limit,83017109
104302.0,5.033e-05,2025-05-13 16:16:46,1747153006.163905,sell,limit,83017110
104291.0,5.033e-05,2025-05-13 16:16:46,1747153006.171471,sell,limit,83017111
104280.0,5.034e-05,2025-05-13 16:16:46,1747153006.171471,sell,limit,83017112
104269.0,5.035e-05,2025-05-13 16:16:46,1747153006.171471,sell,limit,83017113
104258.0,5.035e-05,2025-05-13 16:16:46,1747153006.171471,sell,limit,83017114
104247.1,0.00022868,2025-05-13 16:16:46,1747153006.171471,sell,limit,83017115
104247.2,0.002,2025-05-13 16:16:46,1747153006.332269,buy,market,83017116
104247.2,0.01650611,2025-05-13 16:16:52,1747153012.232786,buy,limit,83017118
104247.2,0.00339801,2025-05-13 16:16:52,1747153012.232786,buy,limit,83017119
104247.2,9.588e-05,2025-05-13 16:16:52,1747153012.232786,buy,limit,83017117
104247.2,5e-05,2025-05-13 16:16:59,1747153019.0178587,buy,market,83017120
104247.2,5e-05,2025-05-13 16:17:03,1747153023.2612529,buy,market,83017121
104247.2,0.01645611,2025-05-13 16:17:04,1747153024.1735892,buy,market,83017122
104247.2,9.588e-05,2025-05-13 16:17:04,1747153024.1735892,buy,market,83017123
104247.2,0.01006953,2025-05-13 16:17:04,1747153024.1735895,buy,market,83017124
104247.1,0.0026583,2025-05-13 16:17:07,1747153027.0992615,sell,market,83017125
104247.1,0.0973417,2025-05-13 16:17:07,1747153027.0992615,sell,market,83017126
104247.2,9.588e-05,2025-05-13 16:17:08,1747153028.588962,buy,limit,83017127
104247.2,0.01520412,2025-05-13 16:17:08,1747153028.588962,buy,limit,83017128
104269.0,5.035e-05,2025-05-13 16:17:20,1747153040.3393378,buy,limit,83017129
104269.0,9.592e-05,2025-05-13 16:17:20,1747153040.3393378,buy,limit,83017130
104269.0,0.01515373,2025-05-13 16:17:20,1747153040.3393378,buy,limit,83017131
104279.8,0.00078111,2025-05-13 16:17:20,1747153040.3693476,sell,market,83017132
104279.8,0.00100263,2025-05-13 16:17:21,1747153041.4129112,sell,market,83017133
104321.4,0.07889977,2025-05-13 16:17:22,1747153042.771317,buy,market,83017140
104313.0,5.033e-05,2025-05-13 16:17:22,1747153042.771317,buy,market,83017139
104302.1,5.033e-05,2025-05-13 16:17:22,1747153042.771317,buy,market,83017138
104291.0,5.034e-05,2025-05-13 16:17:22,1747153042.771317,buy,market,83017137
104279.9,0.01650611,2025-05-13 16:17:22,1747153042.771317,buy,market,83017136
104279.9,9.59e-05,2025-05-13 16:17:22,1747153042.771317,buy,market,83017135
104279.9,5.035e-05,2025-05-13 16:17:22,1747153042.771317,buy,market,83017134
104311.8,0.02148152,2025-05-13 16:17:26,1747153046.4217935,sell,limit,83017141
104311.8,0.22738648,2025-05-13 16:17:26,1747153046.4217935,sell,limit,83017142
104311.8,0.19331513,2025-05-13 16:17:26,1747153046.4217935,sell,limit,83017143
104311.8,0.001,2025-05-13 16:17:26,1747153046.4217935,sell,limit,83017144
104311.8,0.0039604,2025-05-13 16:17:26,1747153046.4217935,sell,limit,83017145
104311.8,0.001,2025-05-13 16:17:26,1747153046.4217935,sell,limit,83017146
104311.8,0.1,2025-05-13 16:17:26,1747153046.4217935,sell,limit,83017147
104311.8,0.23174807,2025-05-13 16:17:26,1747153046.4217935,sell,limit,83017148
104311.8,0.01405811,2025-05-13 16:17:26,1747153046.4217935,sell,limit,83017149
104311.8,0.20605029,2025-05-13 16:17:26,1747153046.4217935,sell,limit,83017150
104311.8,0.00542428,2025-05-13 16:17:27,1747153047.7376041,sell,market,83017151
104311.8,0.00022851,2025-05-13 16:17:27,1747153047.8461218,sell,limit,83017152
104311.8,0.00044144,2025-05-13 16:17:27,1747153047.8592284,sell,limit,83017153
104311.8,0.00022835,2025-05-13 16:17:27,1747153047.911246,sell,limit,83017154
104311.8,0.00052921,2025-05-13 16:17:27,1747153047.9225314,sell,limit,83017155
104311.8,0.00047052,2025-05-13 16:17:27,1747153047.9444027,sell,limit,83017156
104311.9,9.59e-05,2025-05-13 16:17:30,1747153050.295548,buy,limit,83017157
104311.9,0.00015439,2025-05-13 16:17:30,1747153050.295548,buy,limit,83017158
104311.8,0.00049908,2025-05-13 16:17:32,1747153052.0902345,sell,limit,83017159
104311.8,8.255e-05,2025-05-13 16:17:36,1747153056.0882506,sell,limit,83017160
104311.9,0.01635172,2025-05-13 16:17:41,1747153061.523592,buy,market,83017161
104311.9,9.59e-05,2025-05-13 16:17:41,1747153061.523592,buy,market,83017162
104324.0,5.032e-05,2025-05-13 16:17:41,1747153061.523592,buy,market,83017163
104330.0,0.00555928,2025-05-13 16:17:41,1747153061.523592,buy,market,83017164
104335.1,5.032e-05,2025-05-13 16:17:41,1747153061.523592,buy,market,83017165
104335.7,0.02190368,2025-05-13 16:17:41,1747153061.523592,buy,market,83017166
104341.0,0.01768218,2025-05-13 16:17:41,1747153061.523592,buy,market,83017167
104345.0,0.01098362,2025-05-13 16:17:41,1747153061.523592,buy,market,83017168
104345.0,0.00093528,2025-05-13 16:17:41,1747153061.9032125,buy,limit,83017169
104345.0,0.00785666,2025-05-13 16:17:45,1747153065.542643,buy,limit,83017170
104345.0,0.0153,2025-05-13 16:17:52,1747153072.489984,buy,limit,83017171
104344.9,0.0001,2025-05-13 16:17:56,1747153076.495525,sell,limit,83017172
104344.9,0.0001,2025-05-13 16:17:56,1747153076.495525,sell,limit,83017173
104344.9,0.001,2025-05-13 16:17:56,1747153076.495525,sell,limit,83017174
104344.9,0.00243636,2025-05-13 16:17:56,1747153076.495525,sell,limit,83017175
104344.9,0.01469631,2025-05-13 16:17:58,1747153078.5794616,sell,limit,83017176
104345.0,0.00049685,2025-05-13 16:18:00,1747153080.4591842,buy,market,83017177
104345.0,5e-05,2025-05-13 16:18:03,1747153083.2566352,buy,market,83017178
104345.0,0.00185127,2025-05-13 16:18:11,1747153091.0592089,buy,limit,83017179
104345.0,0.00095836,2025-05-13 16:18:17,1747153097.434557,buy,limit,83017180
104345.0,0.00267415,2025-05-13 16:18:17,1747153097.5016313,buy,limit,83017181
104344.9,0.0001,2025-05-13 16:18:19,1747153099.6462612,sell,limit,83017182
104344.9,0.0001,2025-05-13 16:18:19,1747153099.6462612,sell,limit,83017183
104344.9,0.001,2025-05-13 16:18:19,1747153099.6462612,sell,limit,83017184
104324.0,0.001,2025-05-13 16:18:23,1747153103.5456583,sell,limit,83017188
104324.0,0.0001,2025-05-13 16:18:23,1747153103.5456583,sell,limit,83017187
104324.0,0.0001,2025-05-13 16:18:23,1747153103.5456583,sell,limit,83017186
104324.0,5.032e-05,2025-05-13 16:18:23,1747153103.5456583,sell,limit,83017185
104313.1,0.51346935,2025-05-13 16:18:24,1747153104.1178286,buy,market,83017189
104313.0,5.032e-05,2025-05-13 16:18:27,1747153107.6167414,sell,market,83017190
104313.0,0.0001,2025-05-13 16:18:27,1747153107.6167414,sell,market,83017191
104313.0,0.0001,2025-05-13 16:18:27,1747153107.6167414,sell,market,83017192
104313.0,0.00735913,2025-05-13 16:18:27,1747153107.6167414,sell,market,83017193
104268.9,0.01438588,2025-05-13 16:18:32,1747153112.1758614,sell,market,83017202
104269.0,5.035e-05,2025-05-13 16:18:32,1747153112.1758614,sell,market,83017201
104280.0,5.034e-05,2025-05-13 16:18:32,1747153112.1758614,sell,market,83017200
104291.0,5.033e-05,2025-05-13 16:18:32,1747153112.1758614,sell,market,83017199
104263.9,0.01256277,2025-05-13 16:18:32,1747153112.1758614,sell,market,83017203
104305.5,0.00958,2025-05-13 16:18:32,1747153112.1758614,sell,market,83017197
104313.0,0.0001,2025-05-13 16:18:32,1747153112.1758614,sell,market,83017196
104313.0,0.0001,2025-05-13 16:18:32,1747153112.1758614,sell,market,83017195
104313.0,0.001,2025-05-13 16:18:32,1747153112.1758614,sell,market,83017194
104302.0,5.033e-05,2025-05-13 16:18:32,1747153112.1758614,sell,market,83017198
104263.9,0.000129,2025-05-13 16:18:32,1747153112.604479,sell,limit,83017204
104264.0,9.587e-05,2025-05-13 16:18:38,1747153118.4966369,buy,limit,83017205
104264.0,0.00755262,2025-05-13 16:18:38,1747153118.4966369,buy,limit,83017206
104263.9,0.10166,2025-05-13 16:18:41,1747153121.7620094,sell,limit,83017207
104263.9,0.00700803,2025-05-13 16:18:41,1747153121.9979863,sell,limit,83017208
104264.0,0.00561427,2025-05-13 16:18:42,1747153122.7579234,buy,limit,83017209
104263.9,0.00193,2025-05-13 16:18:48,1747153128.4164362,sell,limit,83017210
104264.0,0.00062255,2025-05-13 16:18:48,1747153128.5282304,buy,market,83017211
104263.9,0.0001,2025-05-13 16:18:49,1747153129.4464083,sell,market,83017212
104263.9,0.0001,2025-05-13 16:18:49,1747153129.4464083,sell,market,83017213
104263.9,0.001,2025-05-13 16:18:49,1747153129.4464083,sell,market,83017214
104263.9,0.09471047,2025-05-13 16:18:49,1747153129.4464083,sell,market,83017215
104264.0,0.00119887,2025-05-13 16:18:53,1747153133.309926,buy,market,83017216
104263.9,0.00015238,2025-05-13 16:18:55,1747153135.300735,sell,limit,83017217
104263.9,0.07107,2025-05-13 16:18:55,1747153135.7948236,sell,limit,83017218
104264.0,0.00287874,2025-05-13 16:18:57,1747153137.923374,buy,limit,83017219
104264.0,0.00113711,2025-05-13 16:19:01,1747153141.2921243,buy,market,83017220
104263.9,0.00199566,2025-05-13 16:19:03,1747153143.2790031,sell,limit,83017221
104264.0,0.04536066,2025-05-13 16:19:03,1747153143.6890085,buy,limit,83017222
104263.9,0.03102,2025-05-13 16:19:06,1747153146.0415492,sell,limit,83017223
104263.9,9.48e-05,2025-05-13 16:19:06,1747153146.3613324,sell,market,83017224
104263.9,2.802e-05,2025-05-13 16:19:15,1747153155.1021512,sell,limit,83017225
104264.0,9.587e-05,2025-05-13 16:19:31,1747153171.3750782,buy,limit,83017226
104264.0,0.00370137,2025-05-13 16:19:31,1747153171.3750782,buy,limit,83017227
104264.0,0.03435596,2025-05-13 16:19:38,1747153178.3977554,buy,limit,83017228
104263.9,0.0001,2025-05-13 16:19:39,1747153179.2389078,sell,market,83017229
104263.9,0.0001,2025-05-13 16:19:39,1747153179.2389078,sell,market,83017230
104263.9,0.00959104,2025-05-13 16:19:39,1747153179.2389078,sell,market,83017231
104263.9,0.001,2025-05-13 16:19:39,1747153179.2389078,sell,market,83017232
104263.9,0.012,2025-05-13 16:19:39,1747153179.2389078,sell,market,83017233
104247.0,0.09351672,2025-05-13 16:19:39,1747153179.238908,sell,market,83017236
104258.0,5.035e-05,2025-05-13 16:19:39,1747153179.238908,sell,market,83017235
104263.9,0.38364189,2025-05-13 16:19:39,1747153179.238908,sell,market,83017234
104247.1,9.451e-05,2025-05-13 16:19:44,1747153184.035909,buy,limit,83017237
104247.1,0.00272612,2025-05-13 16:19:45,1747153185.2844179,buy,limit,83017238
104247.0,0.02928142,2025-05-13 16:19:53,1747153193.4341812,sell,limit,83017239
104247.0,0.001,2025-05-13 16:19:55,1747153195.185017,sell,market,83017240
104247.0,0.00033185,2025-05-13 16:19:57,1747153197.9462435,sell,limit,83017241
104247.1,0.00943453,2025-05-13 16:20:06,1747153206.658565,buy,market,83017242
104247.0,0.00104292,2025-05-13 16:20:13,1747153213.8418958,sell,market,83017243
104247.0,0.09303767,2025-05-13 16:20:29,1747153229.8184147,sell,market,83017244
104247.0,5.036e-05,2025-05-13 16:20:29,1747153229.8184147,sell,market,83017245
104247.0,0.0001,2025-05-13 16:20:29,1747153229.8184147,sell,market,83017246
104247.0,0.0001,2025-05-13 16:20:29,1747153229.8184147,sell,market,83017247
104247.0,0.001,2025-05-13 16:20:29,1747153229.8184147,sell,market,83017248
104247.0,4.5e-05,2025-05-13 16:20:29,1747153229.8184147,sell,market,83017249
104236.0,5.036e-05,2025-05-13 16:20:29,1747153229.8184147,sell,market,83017250
104231.0,0.00561661,2025-05-13 16:20:29,1747153229.8184147,sell,market,83017251
104231.0,0.00023,2025-05-13 16:20:39,1747153239.7067032,sell,limit,83017252
104231.0,0.00016339,2025-05-13 16:20:45,1747153245.7957933,sell,limit,83017253
104231.0,0.0001,2025-05-13 16:20:45,1747153245.7957933,sell,limit,83017254
104231.0,0.0001,2025-05-13 16:20:45,1747153245.7957933,sell,limit,83017255
104231.0,0.001,2025-05-13 16:20:45,1747153245.7957933,sell,limit,83017256
104225.0,5.037e-05,2025-05-13 16:20:45,1747153245.8305228,sell,limit,83017257
104214.9,0.00174414,2025-05-13 16:20:45,1747153245.8305228,sell,limit,83017258
104214.0,5.037e-05,2025-05-13 16:20:46,1747153246.7966948,sell,limit,83017259
104204.5,4.701e-05,2025-05-13 16:20:46,1747153246.7966948,sell,limit,83017260
104204.6,0.00023637,2025-05-13 16:20:56,1747153256.602429,buy,limit,83017261
104204.6,0.00030265,2025-05-13 16:21:01,1747153261.4754698,buy,market,83017262
104204.6,0.0041375,2025-05-13 16:21:02,1747153262.8673964,buy,market,83017263
104204.5,0.00954299,2025-05-13 16:21:07,1747153267.9765854,sell,limit,83017264
104204.5,0.0001,2025-05-13 16:21:07,1747153267.9765854,sell,limit,83017265
104204.5,0.001,2025-05-13 16:21:07,1747153267.9765854,sell,limit,83017266
104204.5,0.0001,2025-05-13 16:21:07,1747153267.9765854,sell,limit,83017267
104199.9,0.70222898,2025-05-13 16:21:07,1747153267.9765856,sell,limit,83017270
104203.0,5.038e-05,2025-05-13 16:21:07,1747153267.9765856,sell,limit,83017268
104200.0,0.01445086,2025-05-13 16:21:07,1747153267.9765856,sell,limit,83017269
104199.9,0.29777102,2025-05-13 16:21:07,1747153267.9771607,sell,limit,83017271
104192.0,5.038e-05,2025-05-13 16:21:08,1747153268.4083803,sell,limit,83017272
104181.0,5.039e-05,2025-05-13 16:21:09,1747153269.7512915,sell,limit,83017273
104181.0,0.0001,2025-05-13 16:21:09,1747153269.7512915,sell,limit,83017274
104170.0,5.039e-05,2025-05-13 16:21:09,1747153269.7512915,sell,limit,83017275
104159.0,5.04e-05,2025-05-13 16:21:09,1747153269.7512915,sell,limit,83017276
104155.0,0.00025021,2025-05-13 16:21:09,1747153269.7512918,sell,limit,83017277
104150.0,0.00057369,2025-05-13 16:21:09,1747153269.7512918,sell,limit,83017278
104148.0,5.04e-05,2025-05-13 16:21:09,1747153269.7512918,sell,limit,83017279
104127.2,0.00127452,2025-05-13 16:21:09,1747153269.7512918,sell,limit,83017280
104127.3,2.372e-05,2025-05-13 16:21:22,1747153282.6244838,buy,limit,83017281
104127.2,0.00069331,2025-05-13 16:21:24,1747153284.9596043,sell,limit,83017282
104127.2,6.093e-05,2025-05-13 16:21:25,1747153285.8620453,sell,limit,83017283
104127.3,0.02,2025-05-13 16:21:25,1747153285.9655495,buy,market,83017285
104127.3,0.01151204,2025-05-13 16:21:25,1747153285.9655495,buy,market,83017286
104127.3,0.01650611,2025-05-13 16:21:25,1747153285.9655495,buy,market,83017284
104127.3,0.00018739,2025-05-13 16:21:27,1747153287.5813668,buy,limit,83017287
104127.3,9.35e-06,2025-05-13 16:21:38,1747153298.6631067,buy,limit,83017288
104127.3,0.03097889,2025-05-13 16:21:38,1747153298.9092293,buy,market,83017289
104127.3,5.954e-05,2025-05-13 16:22:01,1747153321.150682,buy,market,83017290
104127.3,0.00077471,2025-05-13 16:22:01,1747153321.7669125,buy,market,83017291
104127.3,0.00096338,2025-05-13 16:22:03,1747153323.9535048,buy,limit,83017292
104127.2,0.00019207,2025-05-13 16:22:07,1747153327.3920481,sell,limit,83017293
104127.3,0.0555147,2025-05-13 16:22:08,1747153328.6176765,buy,limit,83017294
104127.3,0.004,2025-05-13 16:22:08,1747153328.6176765,buy,limit,83017295
104127.3,0.0364853,2025-05-13 16:22:08,1747153328.6176765,buy,limit,83017296
104127.3,9.597e-05,2025-05-13 16:22:10,1747153330.2407715,buy,limit,83017297
104127.3,0.007642,2025-05-13 16:22:10,1747153330.2407715,buy,limit,83017298
104127.3,0.00106203,2025-05-13 16:22:10,1747153330.2407715,buy,limit,83017299
104127.3,0.004,2025-05-13 16:22:21,1747153341.748248,buy,limit,83017302
104127.3,0.07645995,2025-05-13 16:22:21,1747153341.748248,buy,limit,83017303
104127.3,9.597e-05,2025-05-13 16:22:21,1747153341.748248,buy,limit,83017301
104127.3,0.01544408,2025-05-13 16:22:21,1747153341.748248,buy,limit,83017300
104127.2,0.0001,2025-05-13 16:22:27,1747153347.334745,sell,limit,83017304
104127.2,0.0001,2025-05-13 16:22:27,1747153347.334745,sell,limit,83017305
104127.2,0.001,2025-05-13 16:22:27,1747153347.334745,sell,limit,83017306
104127.2,5.041e-05,2025-05-13 16:22:27,1747153347.334745,sell,limit,83017307
104127.2,0.0002,2025-05-13 16:22:27,1747153347.334745,sell,limit,83017308
104126.0,5.041e-05,2025-05-13 16:22:27,1747153347.334745,sell,limit,83017309
104125.2,0.00096038,2025-05-13 16:22:27,1747153347.334745,sell,limit,83017310
104115.0,5.042e-05,2025-05-13 16:22:27,1747153347.334745,sell,limit,83017311
104104.0,5.043e-05,2025-05-13 16:22:27,1747153347.334745,sell,limit,83017312
104103.5,0.00496365,2025-05-13 16:22:27,1747153347.4613702,sell,market,83017313
104103.6,0.01553688,2025-05-13 16:22:31,1747153351.234771,buy,market,83017314
104103.5,0.00142,2025-05-13 16:22:42,1747153362.2518446,sell,limit,83017315
104103.5,0.000234,2025-05-13 16:22:45,1747153365.382027,sell,market,83017316
104103.5,0.00142,2025-05-13 16:22:47,1747153367.7906315,sell,market,83017322
104101.0,0.03426165,2025-05-13 16:22:47,1747153367.7906315,sell,market,83017323
104103.5,0.00496,2025-05-13 16:22:47,1747153367.7906315,sell,market,83017321
104103.5,0.0001,2025-05-13 16:22:47,1747153367.7906315,sell,market,83017318
104103.5,0.0001,2025-05-13 16:22:47,1747153367.7906315,sell,market,83017319
104103.5,0.001,2025-05-13 16:22:47,1747153367.7906315,sell,market,83017320
104103.5,0.00298235,2025-05-13 16:22:47,1747153367.7906315,sell,market,83017317
104101.0,1e-05,2025-05-13 16:22:50,1747153370.486167,sell,limit,83017324
104101.1,0.00017982,2025-05-13 16:22:51,1747153371.6316452,buy,limit,83017325
104101.0,0.16407143,2025-05-13 16:22:59,1747153379.3202875,sell,limit,83017326
104101.0,0.00048985,2025-05-13 16:23:00,1747153380.524693,sell,market,83017327
104101.1,0.01384422,2025-05-13 16:23:01,1747153381.7257867,buy,limit,83017328
104101.0,0.84455208,2025-05-13 16:23:04,1747153384.3196383,sell,limit,83017329
104101.0,0.42754677,2025-05-13 16:23:04,1747153384.3203578,sell,limit,83017330
104101.0,0.0001,2025-05-13 16:23:04,1747153384.3203578,sell,limit,83017331
104101.0,0.0001,2025-05-13 16:23:04,1747153384.3203578,sell,limit,83017332
104101.0,0.001,2025-05-13 16:23:04,1747153384.3203578,sell,limit,83017333
104096.1,0.00034877,2025-05-13 16:23:05,1747153385.169278,buy,limit,83017334
104096.0,0.00050379,2025-05-13 16:23:08,1747153388.5204346,sell,limit,83017335
104096.0,0.00296817,2025-05-13 16:23:10,1747153390.7296877,sell,market,83017336
104096.1,0.00040754,2025-05-13 16:23:13,1747153393.2460225,buy,limit,83017337
104096.0,0.00253804,2025-05-13 16:23:25,1747153405.658241,sell,limit,83017338
104096.0,0.0001,2025-05-13 16:23:25,1747153405.658241,sell,limit,83017339
104096.0,0.0001,2025-05-13 16:23:25,1747153405.658241,sell,limit,83017340
104096.0,0.001,2025-05-13 16:23:25,1747153405.658241,sell,limit,83017341
104096.0,0.00208196,2025-05-13 16:23:25,1747153405.658241,sell,limit,83017342
104096.1,0.07188553,2025-05-13 16:23:25,1747153405.8803554,buy,limit,83017343
104096.1,0.00068417,2025-05-13 16:23:27,1747153407.704481,buy,limit,83017344
104096.1,9.606e-05,2025-05-13 16:23:34,1747153414.0347023,buy,limit,83017345
104096.1,0.00180394,2025-05-13 16:23:34,1747153414.0347023,buy,limit,83017346
104096.0,7.139e-05,2025-05-13 16:23:43,1747153423.348946,sell,limit,83017347
104096.0,2.861e-05,2025-05-13 16:23:51,1747153431.5891159,sell,market,83017348
104096.0,0.0001,2025-05-13 16:23:51,1747153431.5891159,sell,market,83017349
104096.0,0.001,2025-05-13 16:23:51,1747153431.5891159,sell,market,83017350
104096.0,0.09887139,2025-05-13 16:23:51,1747153431.5891159,sell,market,83017351
104096.1,0.00095902,2025-05-13 16:23:52,1747153432.944533,buy,limit,83017352
104096.1,0.01904098,2025-05-13 16:23:57,1747153437.0660763,buy,market,83017353
104096.1,0.02237585,2025-05-13 16:23:57,1747153437.0660763,buy,market,83017369
104096.1,0.000815,2025-05-13 16:23:57,1747153437.0660763,buy,market,83017367
104096.1,0.000922,2025-05-13 16:23:57,1747153437.0660763,buy,market,83017366
104096.1,0.00017485,2025-05-13 16:23:57,1747153437.0660763,buy,market,83017365
104096.1,8.676e-05,2025-05-13 16:23:57,1747153437.0660763,buy,market,83017364
104096.1,5e-05,2025-05-13 16:23:57,1747153437.0660763,buy,market,83017363
104096.1,0.01114784,2025-05-13 16:23:57,1747153437.0660763,buy,market,83017362
104096.1,0.001122,2025-05-13 16:23:57,1747153437.0660763,buy,market,83017368
104096.1,0.00017485,2025-05-13 16:23:57,1747153437.0660763,buy,market,83017360
104096.1,5e-05,2025-05-13 16:23:57,1747153437.0660763,buy,market,83017359
104096.1,0.00055701,2025-05-13 16:23:57,1747153437.0660763,buy,market,83017358
104096.1,0.0001,2025-05-13 16:23:57,1747153437.0660763,buy,market,83017357
104096.1,0.01294577,2025-05-13 16:23:57,1747153437.0660763,buy,market,83017356
104096.1,9.606e-05,2025-05-13 16:23:57,1747153437.0660763,buy,market,83017355
104096.1,0.01650611,2025-05-13 16:23:57,1747153437.0660763,buy,market,83017354
104096.1,0.0099,2025-05-13 16:23:57,1747153437.0660763,buy,market,83017361
104096.1,0.0046861,2025-05-13 16:24:01,1747153441.8634589,buy,limit,83017370
104096.0,0.001,2025-05-13 16:24:04,1747153444.117277,sell,limit,83017373
104096.0,0.0001,2025-05-13 16:24:04,1747153444.117277,sell,limit,83017372
104096.0,0.0001,2025-05-13 16:24:04,1747153444.117277,sell,limit,83017371
104093.1,0.00196153,2025-05-13 16:24:04,1747153444.3990848,buy,market,83017374
104093.1,4.686e-05,2025-05-13 16:24:11,1747153451.796159,buy,limit,83017375
104093.0,5.043e-05,2025-05-13 16:24:15,1747153455.2903419,sell,limit,83017376
104093.0,0.0001,2025-05-13 16:24:15,1747153455.290342,sell,limit,83017377
104093.0,0.0001,2025-05-13 16:24:15,1747153455.290342,sell,limit,83017378
104093.0,0.001,2025-05-13 16:24:15,1747153455.290342,sell,limit,83017379
104082.1,0.00473241,2025-05-13 16:24:16,1747153456.9048934,buy,limit,83017380
104082.1,0.041224,2025-05-13 16:24:21,1747153461.3635848,buy,market,83017381
104082.0,0.04342356,2025-05-13 16:24:23,1747153463.9032345,sell,market,83017386
104082.0,0.001,2025-05-13 16:24:23,1747153463.9032345,sell,market,83017385
104082.0,0.0001,2025-05-13 16:24:23,1747153463.9032345,sell,market,83017383
104082.0,0.0001,2025-05-13 16:24:23,1747153463.9032345,sell,market,83017384
104082.0,5.044e-05,2025-05-13 16:24:23,1747153463.9032345,sell,market,83017382
104082.1,0.001498,2025-05-13 16:24:30,1747153470.50307,buy,market,83017387
104082.0,0.0001,2025-05-13 16:24:47,1747153487.983887,sell,market,83017388
104082.0,0.0001,2025-05-13 16:24:47,1747153487.983887,sell,market,83017389
104082.0,0.00407897,2025-05-13 16:24:47,1747153487.983887,sell,market,83017390
104082.1,0.00075124,2025-05-13 16:24:50,1747153490.7954974,buy,limit,83017391
104082.0,0.00189547,2025-05-13 16:24:52,1747153492.9923842,sell,limit,83017392
104082.0,0.005,2025-05-13 16:24:53,1747153493.667982,sell,market,83017393
104060.0,5.045e-05,2025-05-13 16:24:53,1747153493.915815,sell,limit,83017401
104071.1,0.03252354,2025-05-13 16:24:53,1747153493.915815,sell,limit,83017398
104082.0,0.0001,2025-05-13 16:24:53,1747153493.915815,sell,limit,83017397
104066.7,5.5e-05,2025-05-13 16:24:53,1747153493.915815,sell,limit,83017400
104082.0,0.001,2025-05-13 16:24:53,1747153493.915815,sell,limit,83017395
104082.0,1.33302556,2025-05-13 16:24:53,1747153493.915815,sell,limit,83017394
104082.0,0.0001,2025-05-13 16:24:53,1747153493.915815,sell,limit,83017396
104071.0,5.044e-05,2025-05-13 16:24:53,1747153493.915815,sell,limit,83017399
104050.3,0.00198164,2025-05-13 16:25:02,1747153502.0038962,buy,limit,83017402
104050.3,0.01452447,2025-05-13 16:25:02,1747153502.4329846,buy,market,83017403
104050.3,9.608e-05,2025-05-13 16:25:02,1747153502.4329846,buy,market,83017404
104050.3,0.38442945,2025-05-13 16:25:02,1747153502.4329846,buy,market,83017405
104050.3,0.002761,2025-05-13 16:25:02,1747153502.4329846,buy,market,83017406
104050.3,0.2529,2025-05-13 16:25:02,1747153502.4329846,buy,market,83017407
104050.3,0.23275543,2025-05-13 16:25:02,1747153502.4329846,buy,market,83017408
104050.9,0.11253357,2025-05-13 16:25:02,1747153502.4329846,buy,market,83017409
104050.3,9.608e-05,2025-05-13 16:25:08,1747153508.6220078,buy,limit,83017410
104050.3,0.00120392,2025-05-13 16:25:08,1747153508.6220078,buy,limit,83017411
104050.3,0.015,2025-05-13 16:25:11,1747153511.1902432,buy,limit,83017412
104060.0,0.00059295,2025-05-13 16:25:11,1747153511.3650057,buy,market,83017414
104050.3,9.608e-05,2025-05-13 16:25:11,1747153511.3650057,buy,market,83017413
104060.0,0.00078595,2025-05-13 16:25:11,1747153511.701884,buy,market,83017415
104060.0,0.00075018,2025-05-13 16:25:12,1747153512.3287354,buy,limit,83017416
104060.0,0.0007142,2025-05-13 16:25:16,1747153516.4543843,buy,market,83017417
104060.0,0.0151,2025-05-13 16:25:20,1747153520.1332328,buy,limit,83017418
104060.0,0.61505377,2025-05-13 16:25:21,1747153521.202079,buy,limit,83017419
104060.0,9.61e-05,2025-05-13 16:25:21,1747153521.202079,buy,limit,83017420
104060.0,0.01585013,2025-05-13 16:25:21,1747153521.202079,buy,limit,83017421
104060.0,0.00065598,2025-05-13 16:25:21,1747153521.400395,buy,limit,83017422
104071.0,5.045e-05,2025-05-13 16:25:21,1747153521.400395,buy,limit,83017423
104082.0,5.044e-05,2025-05-13 16:25:21,1747153521.4003952,buy,limit,83017424
104082.1,0.00526828,2025-05-13 16:25:21,1747153521.4003952,buy,limit,83017425
104082.1,0.02554661,2025-05-13 16:25:21,1747153521.4003952,buy,limit,83017426
104096.1,0.00123273,2025-05-13 16:25:27,1747153527.4123757,buy,market,83017431
104082.1,0.01650611,2025-05-13 16:25:27,1747153527.4123757,buy,market,83017429
104092.9,5.044e-05,2025-05-13 16:25:27,1747153527.4123757,buy,market,83017430
104082.1,0.02611339,2025-05-13 16:25:27,1747153527.4123757,buy,market,83017427
104082.1,9.609e-05,2025-05-13 16:25:27,1747153527.4123757,buy,market,83017428
104096.1,0.0009,2025-05-13 16:25:31,1747153531.748312,buy,limit,83017432
104096.1,0.00355441,2025-05-13 16:25:33,1747153533.213976,buy,market,83017433
104096.1,0.006842,2025-05-13 16:25:33,1747153533.4118576,buy,market,83017434
104096.1,0.00981329,2025-05-13 16:25:33,1747153533.4606829,buy,limit,83017435
104096.1,0.06418671,2025-05-13 16:25:33,1747153533.4606829,buy,limit,83017436
104096.1,5e-05,2025-05-13 16:25:34,1747153534.371633,buy,limit,83017456
104096.1,0.0001,2025-05-13 16:25:34,1747153534.371633,buy,limit,83017452
104096.1,0.01422985,2025-05-13 16:25:34,1747153534.371633,buy,limit,83017453
104096.1,0.000706,2025-05-13 16:25:34,1747153534.371633,buy,limit,83017454
104096.1,0.00623983,2025-05-13 16:25:34,1747153534.371633,buy,limit,83017455
104096.1,0.00015972,2025-05-13 16:25:34,1747153534.371633,buy,limit,83017457
104096.1,0.003905,2025-05-13 16:25:34,1747153534.371633,buy,limit,83017449
104096.1,1.188e-05,2025-05-13 16:25:34,1747153534.371633,buy,limit,83017459
104096.1,2.826e-05,2025-05-13 16:25:34,1747153534.371633,buy,limit,83017460
104096.1,5e-05,2025-05-13 16:25:34,1747153534.371633,buy,limit,83017461
104096.1,5e-05,2025-05-13 16:25:34,1747153534.371633,buy,limit,83017462
104096.1,0.01707032,2025-05-13 16:25:34,1747153534.371633,buy,limit,83017463
104096.1,0.01936383,2025-05-13 16:25:34,1747153534.371633,buy,limit,83017458
104096.1,0.015559,2025-05-13 16:25:34,1747153534.371633,buy,limit,83017451
104096.1,5e-05,2025-05-13 16:25:34,1747153534.371633,buy,limit,83017446
104096.1,0.00014565,2025-05-13 16:25:34,1747153534.371633,buy,limit,83017448
104096.1,0.03581329,2025-05-13 16:25:34,1747153534.371633,buy,limit,83017437
104096.1,5e-05,2025-05-13 16:25:34,1747153534.371633,buy,limit,83017438
104096.1,0.00015926,2025-05-13 16:25:34,1747153534.371633,buy,limit,83017440
104096.1,0.015,2025-05-13 16:25:34,1747153534.371633,buy,limit,83017441
104096.1,0.00029213,2025-05-13 16:25:34,1747153534.371633,buy,limit,83017442
104096.1,0.00190865,2025-05-13 16:25:34,1747153534.371633,buy,limit,83017439
104096.1,5e-05,2025-05-13 16:25:34,1747153534.371633,buy,limit,83017444
104096.1,5e-05,2025-05-13 16:25:34,1747153534.371633,buy,limit,83017445
104096.1,0.001,2025-05-13 16:25:34,1747153534.371633,buy,limit,83017450
104096.1,0.01,2025-05-13 16:25:34,1747153534.371633,buy,limit,83017447
104096.1,5e-05,2025-05-13 16:25:34,1747153534.371633,buy,limit,83017443
104096.1,0.00867138,2025-05-13 16:25:34,1747153534.3752306,buy,limit,83017471
104096.1,9.607e-05,2025-05-13 16:25:34,1747153534.3752306,buy,limit,83017476
104096.1,0.00270392,2025-05-13 16:25:34,1747153534.3752306,buy,limit,83017475
104096.1,0.00038107,2025-05-13 16:25:34,1747153534.3752306,buy,limit,83017474
104096.1,0.0076313,2025-05-13 16:25:34,1747153534.3752306,buy,limit,83017473
104096.1,0.00543801,2025-05-13 16:25:34,1747153534.3752306,buy,limit,83017472
104096.1,0.03791482,2025-05-13 16:25:34,1747153534.3752306,buy,limit,83017470
104096.1,0.000139,2025-05-13 16:25:34,1747153534.3752306,buy,limit,83017465
104096.1,1.901e-05,2025-05-13 16:25:34,1747153534.3752306,buy,limit,83017468
104096.1,0.02871184,2025-05-13 16:25:34,1747153534.3752306,buy,limit,83017467
104096.1,0.02871184,2025-05-13 16:25:34,1747153534.3752306,buy,limit,83017467
104096.1,0.0001,2025-05-13 16:25:34,1747153534.3752306,buy,limit,83017466
104096.1,0.12731932,2025-05-13 16:25:34,1747153534.3752306,buy,limit,83017464
104096.1,0.03724049,2025-05-13 16:25:34,1747153534.3752306,buy,limit,83017469
104096.1,0.01650611,2025-05-13 16:25:34,1747153534.3752308,buy,limit,83017477
104101.0,0.07408012,2025-05-13 16:25:34,1747153534.401552,buy,limit,83017478
104101.0,0.099,2025-05-13 16:25:35,1747153535.9622326,buy,limit,83017479
104101.0,9.464e-05,2025-05-13 16:25:40,1747153540.8670685,buy,limit,83017480
104100.9,0.00072349,2025-05-13 16:25:42,1747153542.446445,sell,limit,83017481
104101.0,0.00069101,2025-05-13 16:25:42,1747153542.960966,buy,limit,83017482
104101.0,0.09455675,2025-05-13 16:25:46,1747153546.4043427,buy,limit,83017483
104101.0,0.001,2025-05-13 16:25:47,1747153547.2733977,buy,market,83017484
104101.0,0.0046829,2025-05-13 16:25:50,1747153550.2213144,buy,limit,83017485
104101.0,0.00719819,2025-05-13 16:25:52,1747153552.8542469,buy,limit,83017486
104100.9,0.68226925,2025-05-13 16:25:53,1747153553.2877264,sell,limit,83017487
104100.9,0.00166734,2025-05-13 16:25:57,1747153557.2365098,sell,limit,83017488
104100.9,0.028581,2025-05-13 16:25:57,1747153557.2369277,sell,limit,83017489
104101.0,0.08780729,2025-05-13 16:25:57,1747153557.238778,buy,limit,83017490
104101.0,0.01650611,2025-05-13 16:25:57,1747153557.238778,buy,limit,83017491
104101.0,9.606e-05,2025-05-13 16:25:57,1747153557.238778,buy,limit,83017492
104100.9,0.00785559,2025-05-13 16:25:57,1747153557.2390227,sell,limit,83017493
104100.9,0.02552153,2025-05-13 16:25:57,1747153557.2393558,sell,limit,83017494
104100.9,0.04312758,2025-05-13 16:25:57,1747153557.2395682,sell,limit,83017495
104100.9,0.06076999,2025-05-13 16:25:57,1747153557.2399826,sell,limit,83017496
104100.9,0.0783007,2025-05-13 16:25:57,1747153557.2405202,sell,limit,83017497
104104.0,5.043e-05,2025-05-13 16:25:57,1747153557.2882175,buy,limit,83017498
104115.1,5.043e-05,2025-05-13 16:26:01,1747153561.5481875,buy,limit,83017499
104115.1,9.605e-05,2025-05-13 16:26:01,1747153561.5481875,buy,limit,83017500
104115.1,0.0010718,2025-05-13 16:26:01,1747153561.5481875,buy,limit,83017501
104115.1,0.01543431,2025-05-13 16:26:01,1747153561.56238,buy,limit,83017502
104126.0,5.042e-05,2025-05-13 16:26:01,1747153561.5846415,buy,limit,83017503
104127.2,0.00016,2025-05-13 16:26:01,1747153561.5846415,buy,limit,83017504
104136.8,0.01267389,2025-05-13 16:26:02,1747153562.3135777,sell,limit,83017505
104170.0,5.04e-05,2025-05-13 16:26:03,1747153563.5696194,buy,limit,83017510
104159.1,5.04e-05,2025-05-13 16:26:03,1747153563.5696194,buy,limit,83017509
104175.0,0.00018517,2025-05-13 16:26:03,1747153563.5696194,buy,limit,83017511
104136.9,9.604e-05,2025-05-13 16:26:03,1747153563.5696194,buy,limit,83017507
104136.9,5.041e-05,2025-05-13 16:26:03,1747153563.5696194,buy,limit,83017506
104148.0,5.041e-05,2025-05-13 16:26:03,1747153563.5696194,buy,limit,83017508
104175.0,0.00070981,2025-05-13 16:26:05,1747153565.2892451,buy,limit,83017512
104175.0,0.00019723,2025-05-13 16:26:06,1747153566.0376499,buy,market,83017513
104175.0,0.0004732,2025-05-13 16:26:07,1747153567.0199065,buy,limit,83017514
104175.0,0.0004,2025-05-13 16:26:08,1747153568.589677,buy,limit,83017515
104175.0,3.459e-05,2025-05-13 16:26:14,1747153574.5257416,buy,market,83017516
104175.0,9.604e-05,2025-05-13 16:26:14,1747153574.5257416,buy,market,83017517
104175.0,6.144e-05,2025-05-13 16:26:14,1747153574.5257416,buy,market,83017518
104175.0,0.00046545,2025-05-13 16:26:23,1747153583.3731174,buy,limit,83017519
104175.0,0.00041141,2025-05-13 16:26:27,1747153587.7208416,buy,limit,83017520
104175.0,0.00024075,2025-05-13 16:26:29,1747153589.086923,buy,market,83017521
104175.0,0.00241754,2025-05-13 16:26:35,1747153595.7219627,buy,market,83017522
104175.0,0.00019198,2025-05-13 16:26:35,1747153595.7690804,buy,market,83017523
104175.0,0.002754,2025-05-13 16:26:36,1747153596.8358107,buy,market,83017524
104174.9,0.0001,2025-05-13 16:26:44,1747153604.4996748,sell,market,83017525
104174.9,0.0001,2025-05-13 16:26:44,1747153604.4996748,sell,market,83017526
104174.9,0.00028746,2025-05-13 16:26:44,1747153604.4996748,sell,market,83017527
104175.0,0.00032394,2025-05-13 16:27:04,1747153624.306104,buy,market,83017528
104175.0,0.0096396,2025-05-13 16:27:08,1747153628.5815609,buy,limit,83017529
104175.0,9.604e-05,2025-05-13 16:27:08,1747153628.5815609,buy,limit,83017530
104175.0,0.08616436,2025-05-13 16:27:08,1747153628.5815609,buy,limit,83017531
104174.9,0.00010545,2025-05-13 16:27:09,1747153629.4657671,sell,limit,83017532
104175.0,6.922e-05,2025-05-13 16:27:09,1747153629.6324677,buy,limit,83017533
104175.0,0.00237533,2025-05-13 16:27:09,1747153629.989152,buy,limit,83017534
104175.0,0.00010547,2025-05-13 16:27:15,1747153635.029932,buy,market,83017535
104175.0,0.00023879,2025-05-13 16:27:21,1747153641.765592,buy,limit,83017536
104174.9,0.01363054,2025-05-13 16:27:24,1747153644.778809,sell,market,83017537
104175.0,0.00045272,2025-05-13 16:27:34,1747153654.2599547,buy,limit,83017538
104175.0,0.0959,2025-05-13 16:27:38,1747153658.6396701,buy,limit,83017539
104175.0,0.00109,2025-05-13 16:27:40,1747153660.0967653,buy,market,83017540
104175.0,0.0034,2025-05-13 16:27:40,1747153660.4232624,buy,limit,83017541
104175.0,0.0003,2025-05-13 16:27:41,1747153661.418294,buy,limit,83017542
104175.0,9.599e-05,2025-05-13 16:27:47,1747153667.3261433,buy,market,83017543
104174.9,0.00482425,2025-05-13 16:27:52,1747153672.8329144,sell,limit,83017544
104175.0,0.0041147,2025-05-13 16:27:53,1747153673.5973551,buy,limit,83017545
104174.9,8.2e-05,2025-05-13 16:27:59,1747153679.6248715,sell,limit,83017546
104175.0,0.00061955,2025-05-13 16:28:02,1747153682.6998441,buy,market,83017547
104175.0,0.0149,2025-05-13 16:28:08,1747153688.6004739,buy,limit,83017548
104175.0,0.00082271,2025-05-13 16:28:09,1747153689.0601702,buy,limit,83017549
104175.0,0.0959,2025-05-13 16:28:20,1747153700.333258,buy,limit,83017550
104175.0,5.883e-05,2025-05-13 16:28:21,1747153701.7254362,buy,market,83017551
104174.9,0.0010703,2025-05-13 16:28:23,1747153703.485502,sell,limit,83017552
104174.9,0.001,2025-05-13 16:28:23,1747153703.485502,sell,limit,83017553
104174.9,0.00586249,2025-05-13 16:28:23,1747153703.485502,sell,limit,83017554
104174.9,0.00058265,2025-05-13 16:28:23,1747153703.4968297,sell,limit,83017562
104174.9,0.0019,2025-05-13 16:28:23,1747153703.4968297,sell,limit,83017561
104174.9,5.429e-05,2025-05-13 16:28:23,1747153703.4968297,sell,limit,83017559
104174.9,0.00040624,2025-05-13 16:28:23,1747153703.4968297,sell,limit,83017560
104174.9,0.0001,2025-05-13 16:28:23,1747153703.4968297,sell,limit,83017557
104174.9,0.00096597,2025-05-13 16:28:23,1747153703.4968297,sell,limit,83017558
104174.9,0.0001,2025-05-13 16:28:23,1747153703.4968297,sell,limit,83017556
104174.9,0.00167109,2025-05-13 16:28:23,1747153703.4968297,sell,limit,83017555
104174.9,0.00791921,2025-05-13 16:28:29,1747153709.9428499,sell,limit,83017563
104174.9,0.00166612,2025-05-13 16:28:29,1747153709.9774635,sell,limit,83017564
104174.9,0.00094256,2025-05-13 16:28:29,1747153709.9939973,sell,limit,83017565
104174.9,0.02588664,2025-05-13 16:28:29,1747153709.9939973,sell,limit,83017566
104175.0,0.0959,2025-05-13 16:28:32,1747153712.007912,buy,limit,83017567
104175.0,0.0959,2025-05-13 16:28:32,1747153712.7970028,buy,limit,83017568
104174.9,0.00166627,2025-05-13 16:28:33,1747153713.9339192,sell,limit,83017569
104174.9,0.00791824,2025-05-13 16:28:33,1747153713.9345627,sell,limit,83017570
104174.9,0.0139384,2025-05-13 16:28:33,1747153713.9375474,sell,limit,83017571
104174.9,0.01064009,2025-05-13 16:28:33,1747153713.9386265,sell,limit,83017572
104185.3,0.0033225,2025-05-13 16:28:36,1747153716.9962983,buy,limit,83017579
104181.1,5.039e-05,2025-05-13 16:28:36,1747153716.9962983,buy,limit,83017577
104175.0,0.00030624,2025-05-13 16:28:36,1747153716.9962983,buy,limit,83017576
104182.3,8.143e-05,2025-05-13 16:28:36,1747153716.9962983,buy,limit,83017578
104175.0,9.604e-05,2025-05-13 16:28:36,1747153716.9962983,buy,limit,83017574
104175.0,0.00159233,2025-05-13 16:28:36,1747153716.9962983,buy,limit,83017573
104175.0,0.01650611,2025-05-13 16:28:36,1747153716.9962983,buy,limit,83017575
104185.3,5e-05,2025-05-13 16:28:39,1747153719.3640492,buy,limit,83017580
104185.2,0.00255735,2025-05-13 16:28:42,1747153722.5484776,sell,limit,83017581
104185.3,0.00012,2025-05-13 16:28:42,1747153722.674908,buy,market,83017582
104185.3,0.07828144,2025-05-13 16:28:44,1747153724.3725967,buy,limit,83017583
104185.3,9.599e-05,2025-05-13 16:28:44,1747153724.3725967,buy,limit,83017584
104185.3,0.00712257,2025-05-13 16:28:44,1747153724.3725967,buy,limit,83017585
104185.3,0.00938354,2025-05-13 16:28:48,1747153728.0102458,buy,limit,83017586
104231.0,0.0020749,2025-05-13 16:28:48,1747153728.010246,buy,limit,83017596
104214.0,5.038e-05,2025-05-13 16:28:48,1747153728.010246,buy,limit,83017594
104204.5,0.00319,2025-05-13 16:28:48,1747153728.010246,buy,limit,83017592
104204.5,0.00142,2025-05-13 16:28:48,1747153728.010246,buy,limit,83017591
104225.0,5.037e-05,2025-05-13 16:28:48,1747153728.010246,buy,limit,83017595
104203.1,5.038e-05,2025-05-13 16:28:48,1747153728.010246,buy,limit,83017589
104204.5,0.00498,2025-05-13 16:28:48,1747153728.010246,buy,limit,83017590
104185.3,9.599e-05,2025-05-13 16:28:48,1747153728.010246,buy,limit,83017587
104213.9,0.00263601,2025-05-13 16:28:48,1747153728.010246,buy,limit,83017593
104192.0,5.039e-05,2025-05-13 16:28:48,1747153728.010246,buy,limit,83017588
104185.3,9.599e-05,2025-05-13 16:28:56,1747153736.1772377,buy,limit,83017597
104185.3,0.01520401,2025-05-13 16:28:56,1747153736.1772377,buy,limit,83017598
104230.7,0.05767882,2025-05-13 16:29:00,1747153740.8581352,sell,market,83017599
104230.8,9.598e-05,2025-05-13 16:29:01,1747153741.2772105,buy,market,83017600
104230.8,0.01026914,2025-05-13 16:29:01,1747153741.2772105,buy,market,83017601
104235.7,0.62496716,2025-05-13 16:29:14,1747153754.5462427,buy,limit,83017609
104231.0,0.00282109,2025-05-13 16:29:14,1747153754.5462427,buy,limit,83017602
104231.0,0.00601,2025-05-13 16:29:14,1747153754.5462427,buy,limit,83017603
104231.0,9.594e-05,2025-05-13 16:29:14,1747153754.5462427,buy,limit,83017604
104231.0,0.01650611,2025-05-13 16:29:14,1747153754.5462427,buy,limit,83017605
104231.0,0.019,2025-05-13 16:29:14,1747153754.5462427,buy,limit,83017606
104231.0,0.2531,2025-05-13 16:29:14,1747153754.5462427,buy,limit,83017607
104231.0,0.01323214,2025-05-13 16:29:14,1747153754.5462427,buy,limit,83017608
104235.7,0.0030541,2025-05-13 16:29:17,1747153757.62954,buy,limit,83017612
104235.7,0.01650611,2025-05-13 16:29:17,1747153757.62954,buy,limit,83017610
104235.7,9.594e-05,2025-05-13 16:29:17,1747153757.62954,buy,limit,83017611
104235.7,5e-05,2025-05-13 16:29:20,1747153760.3641798,buy,market,83017613
104235.7,9.452e-05,2025-05-13 16:29:22,1747153762.079877,buy,limit,83017614
104235.6,0.0001,2025-05-13 16:29:22,1747153762.1808295,sell,market,83017615
104235.6,0.0001,2025-05-13 16:29:22,1747153762.1808295,sell,market,83017616
104235.6,0.001,2025-05-13 16:29:22,1747153762.1808295,sell,market,83017617
104235.6,0.00112115,2025-05-13 16:29:22,1747153762.1808295,sell,market,83017618
104235.6,0.00153237,2025-05-13 16:29:22,1747153762.4441047,sell,limit,83017619
104235.6,0.00164864,2025-05-13 16:29:24,1747153764.9505424,sell,limit,83017620
104235.6,0.0001,2025-05-13 16:29:32,1747153772.0020614,sell,limit,83017621
104235.6,0.0001,2025-05-13 16:29:32,1747153772.0020614,sell,limit,83017622
104214.1,0.00479782,2025-05-13 16:29:33,1747153773.310877,buy,market,83017623
104214.0,5.037e-05,2025-05-13 16:29:35,1747153775.7462988,sell,market,83017624
104204.5,0.00959,2025-05-13 16:29:35,1747153775.746299,sell,market,83017627
104183.4,0.00121987,2025-05-13 16:29:35,1747153775.746299,sell,market,83017630
104192.0,5.038e-05,2025-05-13 16:29:35,1747153775.746299,sell,market,83017629
104214.0,0.0001,2025-05-13 16:29:35,1747153775.746299,sell,market,83017626
104214.0,0.0001,2025-05-13 16:29:35,1747153775.746299,sell,market,83017625
104203.0,5.038e-05,2025-05-13 16:29:35,1747153775.746299,sell,market,83017628
104181.0,5.039e-05,2025-05-13 16:29:42,1747153782.8599277,sell,market,83017631
104181.0,0.0001,2025-05-13 16:29:42,1747153782.8599277,sell,market,83017632
104181.0,0.0001,2025-05-13 16:29:42,1747153782.8599277,sell,market,83017633
104181.0,0.001,2025-05-13 16:29:42,1747153782.859928,sell,market,83017634
104174.9,0.00050991,2025-05-13 16:29:42,1747153782.859928,sell,market,83017635
104170.0,5.039e-05,2025-05-13 16:29:42,1747153782.859928,sell,market,83017636
104153.2,0.00017701,2025-05-13 16:29:42,1747153782.859928,sell,market,83017637
104153.2,0.00117231,2025-05-13 16:29:44,1747153784.2829113,sell,limit,83017638
104153.3,0.00718605,2025-05-13 16:29:46,1747153786.9526176,buy,limit,83017639
104153.3,9.459e-05,2025-05-13 16:29:49,1747153789.0418851,buy,limit,83017640
104153.2,0.00019198,2025-05-13 16:29:54,1747153794.2222023,sell,market,83017641
104153.2,0.1111,2025-05-13 16:30:00,1747153800.6221502,sell,market,83017642
104153.2,0.09601241,2025-05-13 16:30:00,1747153800.960972,sell,market,83017643
104153.3,0.00023884,2025-05-13 16:30:04,1747153804.0146508,buy,limit,83017644
104153.3,0.00175931,2025-05-13 16:30:04,1747153804.6022725,buy,market,83017645
104153.3,9.599e-05,2025-05-13 16:30:08,1747153808.5815048,buy,limit,83017646
104153.3,0.00090401,2025-05-13 16:30:08,1747153808.5815048,buy,limit,83017647
104153.3,0.00530315,2025-05-13 16:30:09,1747153809.864871,buy,limit,83017648
104153.3,0.00099685,2025-05-13 16:30:09,1747153809.864871,buy,limit,83017649
104153.2,5.04e-05,2025-05-13 16:30:12,1747153812.1882176,sell,limit,83017650
104153.2,0.001,2025-05-13 16:30:12,1747153812.1882176,sell,limit,83017651
104153.2,0.0001,2025-05-13 16:30:12,1747153812.1882176,sell,limit,83017652
104153.2,0.0001,2025-05-13 16:30:12,1747153812.1882176,sell,limit,83017653
104153.2,0.8,2025-05-13 16:30:12,1747153812.1882176,sell,limit,83017654
104153.2,0.1,2025-05-13 16:30:12,1747153812.1882176,sell,limit,83017655
104153.2,0.07327559,2025-05-13 16:30:12,1747153812.1882176,sell,limit,83017656
104153.2,0.012331,2025-05-13 16:30:17,1747153817.6656983,sell,market,83017657
104153.2,0.61544541,2025-05-13 16:30:18,1747153818.4640465,sell,limit,83017659
104153.2,0.04939341,2025-05-13 16:30:18,1747153818.4640465,sell,limit,83017658
104153.3,0.00980418,2025-05-13 16:30:21,1747153821.5594554,buy,market,83017660
104153.3,9.599e-05,2025-05-13 16:30:21,1747153821.795076,buy,market,83017661
104153.3,0.011,2025-05-13 16:30:21,1747153821.795076,buy,market,83017662
104162.1,0.00868475,2025-05-13 16:30:21,1747153821.795076,buy,market,83017663
104158.9,9.601e-05,2025-05-13 16:30:23,1747153823.145502,buy,limit,83017664
104170.1,5.04e-05,2025-05-13 16:30:23,1747153823.145502,buy,limit,83017665
104179.8,4.093e-05,2025-05-13 16:30:23,1747153823.1455023,buy,limit,83017666
104158.8,0.0001,2025-05-13 16:30:26,1747153826.9061239,sell,limit,83017667
104158.8,0.0001,2025-05-13 16:30:26,1747153826.9061239,sell,limit,83017668
104158.8,0.001,2025-05-13 16:30:26,1747153826.9061239,sell,limit,83017669
104158.8,5.04e-05,2025-05-13 16:30:26,1747153826.906124,sell,limit,83017670
104148.1,0.0959211,2025-05-13 16:30:29,1747153829.5019639,buy,market,83017672
104148.1,9.601e-05,2025-05-13 16:30:29,1747153829.5019639,buy,market,83017671
104148.0,0.0001,2025-05-13 16:30:31,1747153831.2644653,sell,limit,83017675
104148.0,0.00153872,2025-05-13 16:30:31,1747153831.2644653,sell,limit,83017676
104148.0,5.04e-05,2025-05-13 16:30:31,1747153831.2644653,sell,limit,83017673
104148.0,0.0001,2025-05-13 16:30:31,1747153831.2644653,sell,limit,83017674
104148.0,0.001,2025-05-13 16:30:32,1747153832.7760677,sell,market,83017677
104148.1,0.00044842,2025-05-13 16:30:36,1747153836.8153079,buy,limit,83017678
104148.1,0.01650611,2025-05-13 16:30:38,1747153838.6261632,buy,limit,83017679
104148.1,9.601e-05,2025-05-13 16:30:38,1747153838.6261632,buy,limit,83017680
104148.1,0.01728813,2025-05-13 16:30:38,1747153838.6261635,buy,limit,83017681
104148.1,0.06210975,2025-05-13 16:30:38,1747153838.6261635,buy,limit,83017682
104153.1,5e-05,2025-05-13 16:30:41,1747153841.3278718,sell,market,83017683
104153.2,0.06464075,2025-05-13 16:30:42,1747153842.1588244,buy,market,83017684
104153.2,0.00641453,2025-05-13 16:30:42,1747153842.1588244,buy,market,83017685
104153.1,0.0001,2025-05-13 16:30:48,1747153848.1179245,sell,limit,83017686
104153.1,0.0001,2025-05-13 16:30:48,1747153848.1179245,sell,limit,83017687
104153.1,0.00020448,2025-05-13 16:30:48,1747153848.1179245,sell,limit,83017688
104153.2,0.00174347,2025-05-13 16:30:48,1747153848.6944923,buy,limit,83017689
104153.1,0.0001,2025-05-13 16:30:52,1747153852.850893,sell,limit,83017690
104148.0,0.00068534,2025-05-13 16:30:52,1747153852.8508933,sell,limit,83017692
104153.1,0.0001,2025-05-13 16:30:52,1747153852.8508933,sell,limit,83017691
104148.1,9.601e-05,2025-05-13 16:30:53,1747153853.713339,buy,market,83017693
104148.1,0.06566755,2025-05-13 16:30:53,1747153853.713339,buy,market,83017694
104148.0,0.0067,2025-05-13 16:31:01,1747153861.142576,sell,market,83017695
104148.1,0.0004777,2025-05-13 16:31:03,1747153863.7616572,buy,limit,83017696
104148.1,0.0265945,2025-05-13 16:31:03,1747153863.8954847,buy,market,83017697
104148.1,0.01453574,2025-05-13 16:31:05,1747153865.7527275,buy,market,83017698
104148.1,0.01728783,2025-05-13 16:31:08,1747153868.560239,buy,limit,83017699
104148.1,0.01650611,2025-05-13 16:31:08,1747153868.560239,buy,limit,83017700
104148.1,0.00040606,2025-05-13 16:31:08,1747153868.560239,buy,limit,83017701
104148.0,0.05279992,2025-05-13 16:31:08,1747153868.6813166,sell,limit,83017702
104148.1,9.601e-05,2025-05-13 16:31:20,1747153880.4627223,buy,limit,83017703
104148.1,0.00130399,2025-05-13 16:31:20,1747153880.4627223,buy,limit,83017704
104148.1,0.001,2025-05-13 16:31:20,1747153880.708361,buy,market,83017705
104148.1,0.01420212,2025-05-13 16:31:22,1747153882.7762802,buy,limit,83017706
104148.1,9.601e-05,2025-05-13 16:31:22,1747153882.7762802,buy,limit,83017707
104158.9,0.00453735,2025-05-13 16:31:25,1747153885.4411592,buy,limit,83017710
104158.9,9.601e-05,2025-05-13 16:31:25,1747153885.4411592,buy,limit,83017709
104158.9,5.04e-05,2025-05-13 16:31:25,1747153885.4411592,buy,limit,83017708
104158.8,0.00031953,2025-05-13 16:31:29,1747153889.2533648,sell,limit,83017711
104158.9,0.01196876,2025-05-13 16:31:31,1747153891.0446014,buy,market,83017712
104158.9,9.601e-05,2025-05-13 16:31:31,1747153891.0446014,buy,market,83017713
104169.9,5.04e-05,2025-05-13 16:31:31,1747153891.0446014,buy,market,83017714
104181.0,5.039e-05,2025-05-13 16:31:31,1747153891.0446014,buy,market,83017715
104192.0,5.039e-05,2025-05-13 16:31:31,1747153891.0446014,buy,market,83017716
104202.9,5.038e-05,2025-05-13 16:31:31,1747153891.0446014,buy,market,83017717
104209.0,0.27575542,2025-05-13 16:31:31,1747153891.0446014,buy,market,83017718
104204.9,0.0009,2025-05-13 16:31:31,1747153891.8882136,buy,limit,83017719
104204.9,0.0153,2025-05-13 16:31:33,1747153893.157046,buy,limit,83017720
104204.9,9.6e-05,2025-05-13 16:31:34,1747153894.524882,buy,limit,83017721
104209.6,9.6e-05,2025-05-13 16:31:40,1747153900.2999082,buy,limit,83017722
104209.6,0.00208454,2025-05-13 16:31:40,1747153900.2999082,buy,limit,83017723
104209.6,0.00479802,2025-05-13 16:31:44,1747153904.030387,buy,market,83017724
104209.6,0.00023636,2025-05-13 16:31:44,1747153904.0400712,buy,limit,83017725
104209.6,0.00938719,2025-05-13 16:31:44,1747153904.9427605,buy,limit,83017726
104209.6,0.005,2025-05-13 16:31:44,1747153904.9427605,buy,limit,83017727
104209.6,9.6e-05,2025-05-13 16:31:44,1747153904.9427605,buy,limit,83017728
104213.9,5.038e-05,2025-05-13 16:31:44,1747153904.9427607,buy,limit,83017729
104222.2,0.00067043,2025-05-13 16:31:44,1747153904.9427607,buy,limit,83017730
104222.6,0.00570187,2025-05-13 16:31:45,1747153905.2062058,buy,limit,83017731
104222.6,0.00019188,2025-05-13 16:31:50,1747153910.4179122,buy,limit,83017732
104222.6,0.00071373,2025-05-13 16:31:51,1747153911.0593288,buy,market,83017733
104222.5,0.0001,2025-05-13 16:31:51,1747153911.4333842,sell,limit,83017734
104222.5,0.00011869,2025-05-13 16:31:51,1747153911.4333842,sell,limit,83017735
104222.5,0.00088131,2025-05-13 16:31:55,1747153915.6745563,sell,limit,83017736
104222.5,0.0001,2025-05-13 16:31:55,1747153915.6745563,sell,limit,83017737
104222.5,0.0001,2025-05-13 16:31:55,1747153915.6745563,sell,limit,83017738
104205.2,0.00350638,2025-05-13 16:31:55,1747153915.6745563,sell,limit,83017739
104204.6,9.595e-05,2025-05-13 16:32:03,1747153923.0219448,buy,market,83017740
104204.6,0.00115528,2025-05-13 16:32:03,1747153923.0219448,buy,market,83017741
104204.6,5e-05,2025-05-13 16:32:03,1747153923.217866,buy,market,83017742
104204.6,0.0144,2025-05-13 16:32:06,1747153926.5228329,buy,limit,83017743
104204.6,9.595e-05,2025-05-13 16:32:09,1747153929.1154454,buy,limit,83017744
104204.6,0.01030288,2025-05-13 16:32:09,1747153929.1154454,buy,limit,83017745
104225.1,5.037e-05,2025-05-13 16:32:16,1747153936.1992807,buy,market,83017746
104225.1,9.596e-05,2025-05-13 16:32:16,1747153936.1992807,buy,market,83017747
104225.1,0.01650611,2025-05-13 16:32:16,1747153936.1992807,buy,market,83017748
104235.9,0.01397906,2025-05-13 16:32:16,1747153936.199281,buy,market,83017749
104236.0,5.037e-05,2025-05-13 16:32:16,1747153936.199281,buy,market,83017750
104239.6,0.01952522,2025-05-13 16:32:16,1747153936.199281,buy,market,83017751
104237.1,0.00217383,2025-05-13 16:32:16,1747153936.2157552,sell,limit,83017752
104237.1,0.0021741,2025-05-13 16:32:16,1747153936.225752,sell,limit,83017753
104237.1,0.00188065,2025-05-13 16:32:16,1747153936.236085,sell,limit,83017754
104237.1,0.00217458,2025-05-13 16:32:16,1747153936.245201,sell,limit,83017755
104237.1,0.00217481,2025-05-13 16:32:16,1747153936.2548432,sell,limit,83017756
104237.1,0.00217505,2025-05-13 16:32:16,1747153936.2726521,sell,limit,83017757
104237.1,0.00217532,2025-05-13 16:32:16,1747153936.2901201,sell,limit,83017758
104237.1,0.0021756,2025-05-13 16:32:16,1747153936.3751616,sell,limit,83017759
104237.1,0.0011781,2025-05-13 16:32:16,1747153936.5251074,sell,limit,83017760
104237.1,0.002176,2025-05-13 16:32:16,1747153936.8092666,sell,limit,83017761
104237.1,0.00127645,2025-05-13 16:32:16,1747153936.9799368,sell,limit,83017762
104237.1,0.00089978,2025-05-13 16:32:16,1747153936.9799368,sell,limit,83017763
104237.1,0.00100022,2025-05-13 16:32:17,1747153937.0505068,sell,limit,83017764
104230.5,0.00046798,2025-05-13 16:32:17,1747153937.8419032,buy,limit,83017765
104230.4,0.0001,2025-05-13 16:32:20,1747153940.8537965,sell,market,83017766
104230.4,0.0001,2025-05-13 16:32:20,1747153940.8537965,sell,market,83017767
104230.4,0.001,2025-05-13 16:32:20,1747153940.8537965,sell,market,83017768
104225.0,5.037e-05,2025-05-13 16:32:20,1747153940.8537965,sell,market,83017769
104215.8,0.02505194,2025-05-13 16:32:20,1747153940.8537965,sell,market,83017770
104215.9,0.00017822,2025-05-13 16:32:21,1747153941.6195369,buy,limit,83017771
104215.8,0.0001,2025-05-13 16:32:25,1747153945.6944342,sell,limit,83017772
104215.8,3.862e-05,2025-05-13 16:32:25,1747153945.6944342,sell,limit,83017773
104215.9,0.03336629,2025-05-13 16:32:25,1747153945.754863,buy,market,83017776
104215.9,0.01632789,2025-05-13 16:32:25,1747153945.754863,buy,market,83017774
104215.9,9.595e-05,2025-05-13 16:32:25,1747153945.754863,buy,market,83017775
104215.9,0.00364839,2025-05-13 16:32:27,1747153947.4432783,buy,limit,83017777
104215.8,6.138e-05,2025-05-13 16:32:30,1747153950.7982285,sell,limit,83017778
104215.8,0.001,2025-05-13 16:32:30,1747153950.7982285,sell,limit,83017779
104215.8,0.0001,2025-05-13 16:32:30,1747153950.7982285,sell,limit,83017780
104214.0,5.037e-05,2025-05-13 16:32:30,1747153950.7982285,sell,limit,83017781
104204.5,0.00959,2025-05-13 16:32:30,1747153950.7982287,sell,limit,83017782
104203.0,5.038e-05,2025-05-13 16:32:30,1747153950.7982287,sell,limit,83017783
104193.1,0.00537513,2025-05-13 16:32:30,1747153950.7982287,sell,limit,83017784
104192.0,5.038e-05,2025-05-13 16:32:30,1747153950.7982287,sell,limit,83017785
104182.4,0.25642573,2025-05-13 16:32:30,1747153950.7982287,sell,limit,83017786
104188.1,9.596e-05,2025-05-13 16:32:38,1747153958.5947418,buy,limit,83017787
104188.1,0.01520404,2025-05-13 16:32:38,1747153958.5947418,buy,limit,83017788
104192.9,5e-05,2025-05-13 16:32:39,1747153959.5453403,buy,limit,83017789
104192.9,9.598e-05,2025-05-13 16:32:40,1747153960.149864,buy,limit,83017790
104197.0,8.293e-05,2025-05-13 16:32:44,1747153964.779371,buy,limit,83017791
104196.9,0.00984176,2025-05-13 16:32:47,1747153967.6896913,sell,limit,83017792
104196.9,0.00089254,2025-05-13 16:32:48,1747153968.0854363,sell,market,83017793
104197.0,0.00070402,2025-05-13 16:32:50,1747153970.5741904,buy,limit,83017794
104197.0,0.00014183,2025-05-13 16:32:58,1747153978.7550573,buy,limit,83017795
104197.0,0.00030107,2025-05-13 16:33:03,1747153983.042986,buy,market,83017796
104197.0,5e-05,2025-05-13 16:33:03,1747153983.2215698,buy,market,83017797
104197.0,0.00119965,2025-05-13 16:33:14,1747153994.6936355,buy,market,83017798
104196.9,0.00021,2025-05-13 16:33:23,1747154003.486521,sell,limit,83017799
104196.9,0.00079,2025-05-13 16:33:24,1747154004.9701638,sell,market,83017800
104196.9,0.0001,2025-05-13 16:33:24,1747154004.9701638,sell,market,83017801
104196.9,0.0001,2025-05-13 16:33:24,1747154004.9701638,sell,market,83017802
104196.9,6.468e-05,2025-05-13 16:33:24,1747154004.9701638,sell,market,83017803
104181.0,5.039e-05,2025-05-13 16:33:24,1747154004.970164,sell,market,83017804
104170.0,5.039e-05,2025-05-13 16:33:24,1747154004.970164,sell,market,83017805
104159.0,5.04e-05,2025-05-13 16:33:24,1747154004.970164,sell,market,83017806
104148.0,0.00098614,2025-05-13 16:33:24,1747154004.970164,sell,market,83017807
104148.1,9.772e-05,2025-05-13 16:33:27,1747154007.9685395,buy,limit,83017808
104148.0,0.001,2025-05-13 16:33:31,1747154011.268679,sell,market,83017809
104148.1,0.01640839,2025-05-13 16:33:36,1747154016.7697568,buy,market,83017810
104148.1,9.598e-05,2025-05-13 16:33:36,1747154016.769757,buy,market,83017811
104163.0,0.01709917,2025-05-13 16:33:36,1747154016.769757,buy,market,83017812
104163.0,9.601e-05,2025-05-13 16:33:38,1747154018.6214902,buy,limit,83017813
104163.0,0.01520399,2025-05-13 16:33:38,1747154018.6214902,buy,limit,83017814
104170.1,5.04e-05,2025-05-13 16:33:45,1747154025.9526443,buy,limit,83017815
104170.1,4.418e-05,2025-05-13 16:33:45,1747154025.9526443,buy,limit,83017816
104170.1,3.887e-05,2025-05-13 16:33:48,1747154028.0516891,buy,limit,83017817
104170.1,0.00096,2025-05-13 16:33:55,1747154035.8985105,buy,market,83017818
104170.1,0.01550724,2025-05-13 16:33:58,1747154038.1024964,buy,market,83017819
104170.1,9.601e-05,2025-05-13 16:33:58,1747154038.1024964,buy,market,83017820
104180.0,0.04434186,2025-05-13 16:33:58,1747154038.1024964,buy,market,83017821
104177.2,0.0001,2025-05-13 16:34:11,1747154051.0821612,sell,limit,83017822
104177.2,2.52e-06,2025-05-13 16:34:11,1747154051.0821612,sell,limit,83017823
104177.3,0.00013822,2025-05-13 16:34:14,1747154054.0931425,buy,market,83017825
104177.3,9.6e-05,2025-05-13 16:34:14,1747154054.0931425,buy,market,83017824
104177.3,0.00027521,2025-05-13 16:34:25,1747154065.5190408,buy,limit,83017826
104177.2,9.748e-05,2025-05-13 16:34:26,1747154066.0877554,sell,market,83017827
104177.2,0.001,2025-05-13 16:34:26,1747154066.0877554,sell,market,83017828
104177.2,0.0001,2025-05-13 16:34:26,1747154066.0877554,sell,market,83017829
104172.0,0.02879658,2025-05-13 16:34:26,1747154066.0877554,sell,market,83017830
104169.4,0.01800108,2025-05-13 16:34:26,1747154066.0877554,sell,market,83017831
104159.1,9.599e-05,2025-05-13 16:34:33,1747154073.2690232,buy,market,83017832
104159.1,2.411e-05,2025-05-13 16:34:33,1747154073.2690232,buy,market,83017833
104159.1,0.00958927,2025-05-13 16:34:36,1747154076.4378045,buy,market,83017834
104159.0,5.04e-05,2025-05-13 16:34:40,1747154080.60473,sell,market,83017835
104159.0,0.0001,2025-05-13 16:34:40,1747154080.60473,sell,market,83017836
104159.0,0.0001,2025-05-13 16:34:40,1747154080.60473,sell,market,83017837
104159.0,0.001,2025-05-13 16:34:40,1747154080.60473,sell,market,83017838
104148.0,0.0435926,2025-05-13 16:34:40,1747154080.60473,sell,market,83017839
104148.1,0.02002337,2025-05-13 16:34:42,1747154082.1957672,buy,limit,83017841
104148.1,0.01650611,2025-05-13 16:34:42,1747154082.1957672,buy,limit,83017840
104148.1,0.01311315,2025-05-13 16:34:42,1747154082.6073825,buy,limit,83017842
104148.1,9.601e-05,2025-05-13 16:35:08,1747154108.6728206,buy,limit,83017843
104148.1,0.01520399,2025-05-13 16:35:08,1747154108.6728206,buy,limit,83017844
104160.9,0.018433,2025-05-13 16:35:21,1747154121.5562747,sell,market,83017845
104161.0,9.602e-05,2025-05-13 16:35:24,1747154124.577802,buy,limit,83017846
104161.0,9.131e-05,2025-05-13 16:35:24,1747154124.577802,buy,limit,83017847
104160.9,0.0001,2025-05-13 16:35:26,1747154126.6627553,sell,market,83017848
104160.9,0.000398,2025-05-13 16:35:26,1747154126.6627553,sell,market,83017849
104161.0,0.00832365,2025-05-13 16:35:27,1747154127.425337,buy,market,83017850
104161.0,0.00093664,2025-05-13 16:35:29,1747154129.1931226,buy,limit,83017851
104161.0,0.00189173,2025-05-13 16:35:30,1747154130.1207876,buy,limit,83017852
104161.0,9.459e-05,2025-05-13 16:35:35,1747154135.8799238,buy,limit,83017853
104160.9,0.005602,2025-05-13 16:35:36,1747154136.5108702,sell,market,83017854
104160.9,0.0001,2025-05-13 16:35:36,1747154136.5108705,sell,market,83017857
104152.4,0.003527,2025-05-13 16:35:36,1747154136.5108705,sell,market,83017858
104160.9,0.0001,2025-05-13 16:35:36,1747154136.5108705,sell,market,83017855
104160.9,0.001,2025-05-13 16:35:36,1747154136.5108705,sell,market,83017856
104152.5,0.0151,2025-05-13 16:35:38,1747154138.575856,buy,limit,83017859
104152.5,9.601e-05,2025-05-13 16:35:39,1747154139.6812356,buy,limit,83017860
104170.1,5.04e-05,2025-05-13 16:35:43,1747154143.6117833,buy,limit,83017861
104170.1,4.326e-05,2025-05-13 16:35:43,1747154143.6117833,buy,limit,83017862
104170.1,0.00705404,2025-05-13 16:35:49,1747154149.0615542,buy,market,83017863
104170.0,0.007998,2025-05-13 16:35:49,1747154149.6173387,sell,market,83017864
104170.1,0.0012,2025-05-13 16:35:50,1747154150.2816474,buy,limit,83017865
104170.1,9.6e-05,2025-05-13 16:35:53,1747154153.3341079,buy,limit,83017866
104180.0,0.00096,2025-05-13 16:35:53,1747154153.3341079,buy,limit,83017867
104181.0,5.039e-05,2025-05-13 16:35:53,1747154153.3341079,buy,limit,83017868
104191.9,5.039e-05,2025-05-13 16:35:53,1747154153.3341079,buy,limit,83017869
104197.9,0.03614259,2025-05-13 16:35:53,1747154153.9918683,sell,limit,83017870
104198.0,0.001,2025-05-13 16:35:54,1747154154.3671746,buy,market,83017871
104197.9,9.404e-05,2025-05-13 16:35:57,1747154157.4218998,sell,limit,83017872
104200.0,0.00981471,2025-05-13 16:36:01,1747154161.320113,buy,market,83017877
104198.2,0.013,2025-05-13 16:36:01,1747154161.320113,buy,market,83017876
104198.0,0.00667481,2025-05-13 16:36:01,1747154161.320113,buy,market,83017873
104198.0,9.6e-05,2025-05-13 16:36:01,1747154161.320113,buy,market,83017874
104198.0,0.01650611,2025-05-13 16:36:01,1747154161.320113,buy,market,83017875
104200.0,0.0863,2025-05-13 16:36:02,1747154162.2816231,buy,limit,83017878
104200.0,5e-05,2025-05-13 16:36:03,1747154163.2118573,buy,market,83017879
104200.0,0.00063566,2025-05-13 16:36:09,1747154169.536674,buy,limit,83017880
104199.9,0.00107095,2025-05-13 16:36:09,1747154169.7381039,sell,market,83017881
104199.9,0.0001,2025-05-13 16:36:09,1747154169.7381039,sell,market,83017882
104199.9,0.0001,2025-05-13 16:36:09,1747154169.7381039,sell,market,83017883
104199.9,0.001,2025-05-13 16:36:09,1747154169.7381039,sell,market,83017884
104183.2,0.01313105,2025-05-13 16:36:09,1747154169.7381039,sell,market,83017885
104183.3,0.0001,2025-05-13 16:36:10,1747154170.422306,buy,market,83017886
104183.3,0.01640611,2025-05-13 16:36:13,1747154173.0781486,buy,limit,83017887
104183.3,9.597e-05,2025-05-13 16:36:13,1747154173.0781486,buy,limit,83017888
104200.0,0.0959,2025-05-13 16:36:14,1747154174.0373018,buy,limit,83017889
104200.0,0.0531,2025-05-13 16:36:15,1747154175.1740305,buy,limit,83017890
104200.0,0.00418761,2025-05-13 16:36:23,1747154183.6491427,buy,market,83017891
104200.0,0.0959,2025-05-13 16:36:26,1747154186.7801862,buy,limit,83017892
104200.0,0.0959,2025-05-13 16:36:38,1747154198.581183,buy,limit,83017893
104200.0,0.0151,2025-05-13 16:36:39,1747154199.3791218,buy,limit,83017894
104200.0,5e-05,2025-05-13 16:36:39,1747154199.4088328,buy,limit,83017895
104200.0,0.004,2025-05-13 16:36:49,1747154209.901365,buy,limit,83017896
104200.0,0.0259,2025-05-13 16:36:50,1747154210.8938496,buy,limit,83017897
104200.0,5e-05,2025-05-13 16:37:03,1747154223.2016742,buy,market,83017898
104200.0,0.00355054,2025-05-13 16:37:03,1747154223.3239892,buy,market,83017899
104199.9,0.07349792,2025-05-13 16:37:05,1747154225.628675,sell,limit,83017900
104199.9,0.0001,2025-05-13 16:37:05,1747154225.628675,sell,limit,83017901
104199.9,0.0001,2025-05-13 16:37:05,1747154225.628675,sell,limit,83017902
104199.9,0.001,2025-05-13 16:37:05,1747154225.628675,sell,limit,83017903
104199.9,0.00190208,2025-05-13 16:37:05,1747154225.628675,sell,limit,83017904
104199.9,1.73e-05,2025-05-13 16:37:05,1747154225.6290672,sell,limit,83017905
104181.0,5.039e-05,2025-05-13 16:37:05,1747154225.6581175,sell,limit,83017906
104170.0,5.039e-05,2025-05-13 16:37:05,1747154225.839749,sell,limit,83017907
104160.9,0.001,2025-05-13 16:37:06,1747154226.219767,sell,market,83017908
104160.9,0.42238372,2025-05-13 16:37:06,1747154226.4332535,sell,limit,83017909
104159.0,5.04e-05,2025-05-13 16:37:06,1747154226.4332535,sell,limit,83017910
104148.0,0.32926474,2025-05-13 16:37:06,1747154226.4332535,sell,limit,83017911
104148.0,0.11497126,2025-05-13 16:37:06,1747154226.454367,sell,limit,83017912
104148.0,5.04e-05,2025-05-13 16:37:06,1747154226.454367,sell,limit,83017913
104137.0,5.041e-05,2025-05-13 16:37:06,1747154226.8156602,sell,limit,83017914
104103.5,0.0096,2025-05-13 16:37:07,1747154227.5916874,sell,limit,83017915
104096.0,0.006,2025-05-13 16:37:07,1747154227.6358771,sell,limit,83017916
104096.0,1e-05,2025-05-13 16:37:07,1747154227.6444244,sell,limit,83017917
104093.0,5.043e-05,2025-05-13 16:37:07,1747154227.667662,sell,limit,83017918
104050.2,0.00259737,2025-05-13 16:37:08,1747154228.4575567,sell,limit,83017919
104050.3,9.597e-05,2025-05-13 16:37:17,1747154237.9720435,buy,market,83017920
104050.3,0.01650611,2025-05-13 16:37:17,1747154237.9720435,buy,market,83017921
104062.8,0.00247277,2025-05-13 16:37:17,1747154237.9720435,buy,market,83017922
104074.8,0.04338442,2025-05-13 16:37:17,1747154237.9720435,buy,market,83017923
104065.0,0.0001,2025-05-13 16:37:26,1747154246.036113,sell,market,83017924
104065.0,0.00864966,2025-05-13 16:37:28,1747154248.830789,sell,limit,83017925
104065.1,9.61e-05,2025-05-13 16:37:33,1747154253.9280107,buy,limit,83017926
104065.1,0.01730498,2025-05-13 16:37:33,1747154253.9280107,buy,limit,83017927
104065.1,0.00944623,2025-05-13 16:37:33,1747154253.9280107,buy,limit,83017928
104065.1,9.61e-05,2025-05-13 16:37:43,1747154263.360465,buy,limit,83017929
104065.1,0.00028846,2025-05-13 16:37:43,1747154263.360465,buy,limit,83017930
104065.0,5.044e-05,2025-05-13 16:37:47,1747154267.8041453,sell,limit,83017938
104065.0,5.044e-05,2025-05-13 16:37:47,1747154267.8041453,sell,limit,83017937
104065.0,5.044e-05,2025-05-13 16:37:47,1747154267.8041453,sell,limit,83017935
104065.0,5.044e-05,2025-05-13 16:37:47,1747154267.8041453,sell,limit,83017936
104065.0,0.001,2025-05-13 16:37:47,1747154267.8041453,sell,limit,83017933
104065.0,5.044e-05,2025-05-13 16:37:47,1747154267.8041453,sell,limit,83017934
104065.0,0.0001,2025-05-13 16:37:47,1747154267.8041453,sell,limit,83017932
104065.0,0.0001,2025-05-13 16:37:47,1747154267.8041453,sell,limit,83017931
104060.0,5.045e-05,2025-05-13 16:37:49,1747154269.294133,sell,market,83017939
104060.0,0.0001,2025-05-13 16:37:49,1747154269.294133,sell,market,83017940
104060.0,0.0001,2025-05-13 16:37:49,1747154269.294133,sell,market,83017941
104050.2,0.00126955,2025-05-13 16:37:49,1747154269.294133,sell,market,83017942
104050.3,0.0065625,2025-05-13 16:37:49,1747154269.8413515,buy,limit,83017943
104050.3,0.0570872,2025-05-13 16:38:02,1747154282.1421123,buy,market,83017944
104050.2,0.00026964,2025-05-13 16:38:02,1747154282.619667,sell,market,83017945
104050.3,8.872e-05,2025-05-13 16:38:03,1747154283.647296,buy,limit,83017946
104050.3,0.00039188,2025-05-13 16:38:22,1747154302.299666,buy,limit,83017947
104050.2,0.0001131,2025-05-13 16:38:22,1747154302.8211408,sell,limit,83017948
104050.2,0.00390196,2025-05-13 16:38:33,1747154313.8504055,sell,limit,83017949
104050.2,0.00483606,2025-05-13 16:38:52,1747154332.1062503,sell,market,83017950
104050.3,0.000498,2025-05-13 16:38:54,1747154334.4375784,buy,market,83017951
104050.3,0.00753444,2025-05-13 16:38:56,1747154336.2602944,buy,limit,83017952
104050.3,9.5e-05,2025-05-13 16:38:58,1747154338.6915913,buy,market,83017953
104050.2,0.00207944,2025-05-13 16:39:01,1747154341.4490361,sell,limit,83017954
104050.3,0.00044557,2025-05-13 16:39:04,1747154344.7198033,buy,market,83017955
104050.2,0.00014391,2025-05-13 16:39:18,1747154358.1675777,sell,limit,83017956
104050.2,0.00394041,2025-05-13 16:39:29,1747154369.1101148,sell,limit,83017957
104050.3,9.609e-05,2025-05-13 16:39:31,1747154371.924556,buy,market,83017958
104050.3,0.00045391,2025-05-13 16:39:31,1747154371.924556,buy,market,83017959
104050.2,0.04841283,2025-05-13 16:39:42,1747154382.4584432,sell,market,83017960
104050.3,7.176e-05,2025-05-13 16:39:51,1747154391.5098486,buy,limit,83017961
104050.3,0.00058927,2025-05-13 16:40:02,1747154402.325934,buy,market,83017962
104050.2,0.0010085,2025-05-13 16:40:03,1747154403.062859,sell,limit,83017963
104050.3,0.00079699,2025-05-13 16:40:12,1747154412.581084,buy,limit,83017964
104050.3,9.47e-06,2025-05-13 16:40:22,1747154422.0466666,buy,limit,83017965
104050.3,0.00035461,2025-05-13 16:40:24,1747154424.289894,buy,limit,83017966
104050.3,0.00019126,2025-05-13 16:40:25,1747154425.0385556,buy,limit,83017967
104050.2,0.002863,2025-05-13 16:40:27,1747154427.8765056,sell,market,83017969
104050.2,1.3e-05,2025-05-13 16:40:27,1747154427.8765056,sell,market,83017968
104050.2,0.0049505,2025-05-13 16:40:39,1747154439.152042,sell,limit,83017970
104050.3,0.00030443,2025-05-13 16:40:40,1747154440.091775,buy,limit,83017971
104050.3,0.00036009,2025-05-13 16:40:43,1747154443.1179833,buy,limit,83017972
104050.3,0.00093866,2025-05-13 16:40:47,1747154447.3634267,buy,limit,83017973
104050.3,0.00019221,2025-05-13 16:40:53,1747154453.9376807,buy,market,83017974
104050.2,0.0007131,2025-05-13 16:40:59,1747154459.8046153,sell,limit,83017975
104050.2,0.00081068,2025-05-13 16:41:05,1747154465.329522,sell,limit,83017976
104050.2,0.0049505,2025-05-13 16:41:17,1747154477.9618282,sell,limit,83017977
104050.2,0.00010836,2025-05-13 16:41:21,1747154481.005067,sell,limit,83017978
104050.3,0.00138071,2025-05-13 16:42:01,1747154521.7636964,buy,market,83017979
104050.2,0.00963725,2025-05-13 16:42:01,1747154521.7897148,sell,market,83017980
104050.2,0.0089082,2025-05-13 16:42:04,1747154524.6923113,sell,market,83017987
104050.2,0.005625,2025-05-13 16:42:04,1747154524.6923113,sell,market,83017986
104050.2,0.00961074,2025-05-13 16:42:04,1747154524.6923113,sell,market,83017985
104050.2,0.001,2025-05-13 16:42:04,1747154524.6923113,sell,market,83017984
104050.2,0.0001,2025-05-13 16:42:04,1747154524.6923113,sell,market,83017983
104050.2,0.0001,2025-05-13 16:42:04,1747154524.6923113,sell,market,83017982
104050.2,0.00348829,2025-05-13 16:42:04,1747154524.6923113,sell,market,83017981
104050.3,0.01086274,2025-05-13 16:42:21,1747154541.3966196,buy,limit,83017988
104050.3,9.609e-05,2025-05-13 16:42:21,1747154541.3966196,buy,limit,83017989
104060.6,0.00039188,2025-05-13 16:42:21,1747154541.3966196,buy,limit,83017990
104071.0,5.045e-05,2025-05-13 16:42:21,1747154541.3966196,buy,limit,83017991
104081.7,0.03505587,2025-05-13 16:42:21,1747154541.3966196,buy,limit,83017992
104081.6,0.001,2025-05-13 16:42:26,1747154546.943733,sell,limit,83017993
104081.6,0.0001,2025-05-13 16:42:26,1747154546.943733,sell,limit,83017994
104081.6,0.0001,2025-05-13 16:42:26,1747154546.943733,sell,limit,83017995
104061.3,0.00356118,2025-05-13 16:42:26,1747154546.943733,sell,limit,83017996
104061.4,0.01650611,2025-05-13 16:42:30,1747154550.9123025,buy,market,83017997
104061.4,9.607e-05,2025-05-13 16:42:30,1747154550.9123027,buy,market,83017998
104067.6,0.01222623,2025-05-13 16:42:30,1747154550.9123027,buy,market,83017999
104067.6,0.00422693,2025-05-13 16:42:33,1747154553.2809155,buy,market,83018001
104067.6,9.609e-05,2025-05-13 16:42:33,1747154553.2809155,buy,market,83018000
104067.6,0.00121879,2025-05-13 16:42:35,1747154555.2903383,buy,limit,83018002
104067.5,0.001,2025-05-13 16:42:45,1747154565.145273,sell,limit,83018003
104067.5,0.0001,2025-05-13 16:42:45,1747154565.145273,sell,limit,83018004
104067.5,0.0001,2025-05-13 16:42:45,1747154565.145273,sell,limit,83018005
104067.5,0.0037505,2025-05-13 16:42:45,1747154565.145273,sell,limit,83018006
104067.5,0.0002495,2025-05-13 16:42:50,1747154570.0635452,sell,limit,83018007
104067.5,0.02557229,2025-05-13 16:42:50,1747154570.0635452,sell,limit,83018008
104067.5,0.00019221,2025-05-13 16:42:54,1747154574.997331,sell,market,83018009
104067.5,0.0001,2025-05-13 16:43:31,1747154611.325731,sell,limit,83018010
104067.5,0.0001,2025-05-13 16:43:31,1747154611.325731,sell,limit,83018011
104067.5,0.001,2025-05-13 16:43:31,1747154611.325731,sell,limit,83018012
104067.5,0.0001,2025-05-13 16:43:31,1747154611.325731,sell,limit,83018013
104060.1,0.00096098,2025-05-13 16:43:35,1747154615.105499,buy,market,83018014
104060.0,0.001,2025-05-13 16:43:46,1747154626.435214,sell,limit,83018018
104060.0,0.0001,2025-05-13 16:43:46,1747154626.435214,sell,limit,83018017
104060.0,5.045e-05,2025-05-13 16:43:46,1747154626.435214,sell,limit,83018015
104060.0,0.0001,2025-05-13 16:43:46,1747154626.435214,sell,limit,83018016
104050.3,0.35,2025-05-13 16:43:46,1747154626.5827022,buy,market,83018019
104050.3,0.00215853,2025-05-13 16:43:47,1747154627.5075445,buy,market,83018020
104050.3,0.01196191,2025-05-13 16:43:49,1747154629.1036952,buy,market,83018021
104050.2,0.00037549,2025-05-13 16:43:50,1747154630.825074,sell,limit,83018022
104050.2,0.01462451,2025-05-13 16:43:50,1747154630.825074,sell,limit,83018023
104050.3,0.00017989,2025-05-13 16:43:52,1747154632.2699564,buy,limit,83018024
104050.3,0.00019221,2025-05-13 16:43:54,1747154634.062899,buy,market,83018025
104050.3,0.00017991,2025-05-13 16:43:54,1747154634.063051,buy,limit,83018026
104050.3,9.468e-05,2025-05-13 16:43:57,1747154637.5890198,buy,limit,83018027
104050.2,0.00282192,2025-05-13 16:44:00,1747154640.6217058,sell,market,83018028
104050.3,0.00097219,2025-05-13 16:44:03,1747154643.2784343,buy,market,83018030
104050.3,0.00101175,2025-05-13 16:44:03,1747154643.2784343,buy,market,83018031
104050.3,0.00090685,2025-05-13 16:44:03,1747154643.2784343,buy,market,83018029
104050.3,0.00096343,2025-05-13 16:44:03,1747154643.2784343,buy,market,83018032
104050.2,0.00240895,2025-05-13 16:44:04,1747154644.4165654,sell,limit,83018033
104050.2,0.00148251,2025-05-13 16:44:06,1747154646.4887571,sell,limit,83018035
104050.2,0.0001,2025-05-13 16:44:06,1747154646.4887571,sell,limit,83018036
104050.2,0.30013462,2025-05-13 16:44:06,1747154646.4887571,sell,limit,83018034
104050.2,0.0001,2025-05-13 16:44:06,1747154646.4887574,sell,limit,83018037
104050.2,0.001,2025-05-13 16:44:06,1747154646.4887574,sell,limit,83018038
104049.0,0.00818287,2025-05-13 16:44:06,1747154646.4887574,sell,limit,83018039
104049.0,0.00020068,2025-05-13 16:44:06,1747154646.4915524,sell,limit,83018040
104049.0,5.045e-05,2025-05-13 16:44:06,1747154646.4915524,sell,limit,83018041
104038.0,5.046e-05,2025-05-13 16:44:06,1747154646.4915526,sell,limit,83018042
104027.0,5.046e-05,2025-05-13 16:44:06,1747154646.4915526,sell,limit,83018043
104000.0,0.07722035,2025-05-13 16:44:16,1747154656.5986362,sell,market,83018054
104002.5,0.00961,2025-05-13 16:44:16,1747154656.5986362,sell,market,83018053
104002.6,0.03098372,2025-05-13 16:44:16,1747154656.5986362,sell,market,83018052
104005.0,5.047e-05,2025-05-13 16:44:16,1747154656.5986362,sell,market,83018051
104019.0,0.00025054,2025-05-13 16:44:16,1747154656.5986362,sell,market,83018049
104016.0,5.047e-05,2025-05-13 16:44:16,1747154656.5986362,sell,market,83018050
104025.0,0.001,2025-05-13 16:44:16,1747154656.5986362,sell,market,83018047
104025.0,0.0001,2025-05-13 16:44:16,1747154656.5986362,sell,market,83018046
104025.0,0.0001,2025-05-13 16:44:16,1747154656.5986362,sell,market,83018045
104025.0,0.00025053,2025-05-13 16:44:16,1747154656.5986362,sell,market,83018044
104025.0,0.00077269,2025-05-13 16:44:16,1747154656.5986362,sell,market,83018048
104000.0,0.00045143,2025-05-13 16:44:24,1747154664.3277075,sell,limit,83018055
104000.1,1.914e-05,2025-05-13 16:44:26,1747154666.042625,buy,limit,83018056
104000.0,0.0049505,2025-05-13 16:44:44,1747154684.1430104,sell,limit,83018057
104000.1,0.00064413,2025-05-13 16:44:48,1747154688.1844518,buy,limit,83018058
104000.1,0.01584284,2025-05-13 16:44:51,1747154691.1065125,buy,market,83018059
104000.1,9.614e-05,2025-05-13 16:44:51,1747154691.1065125,buy,market,83018060
104000.1,0.00250744,2025-05-13 16:44:51,1747154691.1065125,buy,market,83018061
104000.1,0.00336577,2025-05-13 16:44:55,1747154695.0143154,buy,market,83018062
104000.0,0.25973767,2025-05-13 16:45:12,1747154712.6576989,sell,limit,83018064
104000.0,0.01353156,2025-05-13 16:45:12,1747154712.6576989,sell,limit,83018063
104000.1,0.00023683,2025-05-13 16:45:20,1747154720.0897367,buy,limit,83018065
104000.1,9.473e-05,2025-05-13 16:45:28,1747154728.6242301,buy,limit,83018066
104000.1,0.00017824,2025-05-13 16:45:34,1747154734.5548573,buy,limit,83018067
104000.1,9.11e-05,2025-05-13 16:45:47,1747154747.168689,buy,limit,83018068
104000.1,0.00364484,2025-05-13 16:45:49,1747154749.2293096,buy,limit,83018069
104000.0,0.03,2025-05-13 16:46:05,1747154765.2101316,sell,market,83018070
104000.0,0.005,2025-05-13 16:46:05,1747154765.2101316,sell,market,83018071
104000.0,0.015,2025-05-13 16:46:05,1747154765.2101316,sell,market,83018072
104000.0,0.0015,2025-05-13 16:46:05,1747154765.2101316,sell,market,83018073
104000.0,0.0015,2025-05-13 16:46:05,1747154765.2101316,sell,market,83018074
104000.0,0.0015,2025-05-13 16:46:05,1747154765.2101316,sell,market,83018075
104000.0,0.001,2025-05-13 16:46:05,1747154765.2101316,sell,market,83018076
104000.0,0.0015,2025-05-13 16:46:05,1747154765.2101316,sell,market,83018077
104000.0,0.08,2025-05-13 16:46:05,1747154765.210132,sell,market,83018085
104000.0,0.002,2025-05-13 16:46:05,1747154765.210132,sell,market,83018084
104000.0,5e-05,2025-05-13 16:46:05,1747154765.210132,sell,market,83018083
104000.0,0.0005,2025-05-13 16:46:05,1747154765.210132,sell,market,83018082
104000.0,0.0005,2025-05-13 16:46:05,1747154765.210132,sell,market,83018081
104000.0,0.0155,2025-05-13 16:46:05,1747154765.210132,sell,market,83018080
104000.0,0.00145,2025-05-13 16:46:05,1747154765.210132,sell,market,83018079
104000.0,0.003,2025-05-13 16:46:05,1747154765.210132,sell,market,83018078
104000.1,0.00116273,2025-05-13 16:46:05,1747154765.413645,buy,limit,83018086
104000.0,0.04796993,2025-05-13 16:46:11,1747154771.5158517,sell,limit,83018087
104000.1,0.00938085,2025-05-13 16:46:11,1747154771.834469,buy,limit,83018088
104000.1,0.002646,2025-05-13 16:46:12,1747154772.2233877,buy,limit,83018089
103941.5,5.5e-05,2025-05-13 16:46:19,1747154779.7334104,sell,market,83018105
103949.3,0.02879658,2025-05-13 16:46:19,1747154779.7334104,sell,market,83018104
103950.0,5.05e-05,2025-05-13 16:46:19,1747154779.7334104,sell,market,83018103
103953.2,0.0310906,2025-05-13 16:46:19,1747154779.7334104,sell,market,83018102
103961.0,5.049e-05,2025-05-13 16:46:19,1747154779.7334104,sell,market,83018100
103961.0,0.00601,2025-05-13 16:46:19,1747154779.7334104,sell,market,83018099
103972.0,5.049e-05,2025-05-13 16:46:19,1747154779.7334104,sell,market,83018098
103954.3,0.0008,2025-05-13 16:46:19,1747154779.7334104,sell,market,83018101
103994.0,5.048e-05,2025-05-13 16:46:19,1747154779.7334104,sell,market,83018096
104000.0,0.0322924,2025-05-13 16:46:19,1747154779.7334104,sell,market,83018090
104000.0,0.00480769,2025-05-13 16:46:19,1747154779.7334104,sell,market,83018091
104000.0,0.0001,2025-05-13 16:46:19,1747154779.7334104,sell,market,83018092
103983.0,5.048e-05,2025-05-13 16:46:19,1747154779.7334104,sell,market,83018097
104000.0,0.001,2025-05-13 16:46:19,1747154779.7334104,sell,market,83018094
104000.0,0.0089298,2025-05-13 16:46:19,1747154779.7334104,sell,market,83018095
104000.0,0.0001,2025-05-13 16:46:19,1747154779.7334104,sell,market,83018093
103940.7,0.135,2025-05-13 16:46:19,1747154779.7334106,sell,market,83018106
103939.8,0.0005,2025-05-13 16:46:19,1747154779.7334106,sell,market,83018107
103939.1,0.00199399,2025-05-13 16:46:19,1747154779.7334106,sell,market,83018108
103936.9,0.02645326,2025-05-13 16:46:19,1747154779.7334106,sell,market,83018109
103945.8,0.00839773,2025-05-13 16:46:21,1747154781.4367232,buy,market,83018114
103941.8,0.07160227,2025-05-13 16:46:21,1747154781.4367232,buy,market,83018113
103937.0,9.616e-05,2025-05-13 16:46:21,1747154781.4367232,buy,market,83018111
103937.0,0.01650611,2025-05-13 16:46:21,1747154781.4367232,buy,market,83018110
103941.8,0.06339773,2025-05-13 16:46:21,1747154781.4367232,buy,market,83018112
103941.6,0.02995201,2025-05-13 16:46:23,1747154783.6726027,sell,market,83018115
103941.6,0.00019777,2025-05-13 16:46:29,1747154789.4559114,sell,limit,83018116
103972.0,5.049e-05,2025-05-13 16:46:36,1747154796.3581684,buy,limit,83018121
103973.5,0.07007494,2025-05-13 16:46:36,1747154796.3581684,buy,limit,83018122
103961.1,5.05e-05,2025-05-13 16:46:36,1747154796.3581684,buy,limit,83018120
103941.7,0.00775542,2025-05-13 16:46:36,1747154796.3581684,buy,limit,83018117
103941.7,0.01650611,2025-05-13 16:46:36,1747154796.3581684,buy,limit,83018118
103941.7,9.62e-05,2025-05-13 16:46:36,1747154796.3581684,buy,limit,83018119
103973.5,9.62e-05,2025-05-13 16:46:37,1747154797.1601033,buy,market,83018123
103973.5,0.0002217,2025-05-13 16:46:37,1747154797.1601033,buy,market,83018124
103973.4,0.04,2025-05-13 16:46:40,1747154800.2937486,sell,market,83018133
103973.4,0.0001,2025-05-13 16:46:40,1747154800.2937486,sell,market,83018138
103973.4,0.00028244,2025-05-13 16:46:40,1747154800.2937486,sell,market,83018137
103973.4,0.72129276,2025-05-13 16:46:40,1747154800.2937486,sell,market,83018136
103973.4,0.03108363,2025-05-13 16:46:40,1747154800.2937486,sell,market,83018135
103973.4,0.004,2025-05-13 16:46:40,1747154800.2937486,sell,market,83018134
103973.4,0.001,2025-05-13 16:46:40,1747154800.2937486,sell,market,83018139
103973.4,0.313541,2025-05-13 16:46:40,1747154800.2937486,sell,market,83018132
103973.4,0.02879658,2025-05-13 16:46:40,1747154800.2937486,sell,market,83018130
103973.4,0.0109189,2025-05-13 16:46:40,1747154800.2937486,sell,market,83018129
103973.4,0.1,2025-05-13 16:46:40,1747154800.2937486,sell,market,83018128
103973.4,0.01660149,2025-05-13 16:46:40,1747154800.2937486,sell,market,83018127
103973.4,0.48084215,2025-05-13 16:46:40,1747154800.2937486,sell,market,83018126
103973.4,0.07644281,2025-05-13 16:46:40,1747154800.2937486,sell,market,83018125
103973.4,1.443,2025-05-13 16:46:40,1747154800.2937486,sell,market,83018131
103954.4,0.04448729,2025-05-13 16:46:40,1747154800.2937489,sell,market,83018156
103955.9,4.80973073,2025-05-13 16:46:40,1747154800.2937489,sell,market,83018155
103960.4,1.385196,2025-05-13 16:46:40,1747154800.2937489,sell,market,83018154
103960.6,4.80951392,2025-05-13 16:46:40,1747154800.2937489,sell,market,83018153
103961.0,5.049e-05,2025-05-13 16:46:40,1747154800.2937489,sell,market,83018152
103964.8,0.8,2025-05-13 16:46:40,1747154800.2937489,sell,market,83018151
103964.9,4.80931545,2025-05-13 16:46:40,1747154800.2937489,sell,market,83018149
103964.9,0.249624,2025-05-13 16:46:40,1747154800.2937489,sell,market,83018148
103964.9,0.38474523,2025-05-13 16:46:40,1747154800.2937489,sell,market,83018150
103967.0,2.40460864,2025-05-13 16:46:40,1747154800.2937489,sell,market,83018146
103967.6,2.40459399,2025-05-13 16:46:40,1747154800.2937489,sell,market,83018145
103969.6,2.40454774,2025-05-13 16:46:40,1747154800.2937489,sell,market,83018144
103970.8,1.15433,2025-05-13 16:46:40,1747154800.2937489,sell,market,83018143
103973.4,0.00981962,2025-05-13 16:46:40,1747154800.2937489,sell,market,83018142
103973.4,0.00039562,2025-05-13 16:46:40,1747154800.2937489,sell,market,83018141
103973.4,0.0001,2025-05-13 16:46:40,1747154800.2937489,sell,market,83018140
103966.9,0.06103952,2025-05-13 16:46:40,1747154800.2937489,sell,market,83018147
103964.6,0.0411672,2025-05-13 16:46:41,1747154801.1188545,buy,market,83018159
103964.6,9.618e-05,2025-05-13 16:46:41,1747154801.1188545,buy,market,83018158
103964.6,0.01650611,2025-05-13 16:46:41,1747154801.1188545,buy,market,83018157
103950.0,5.05e-05,2025-05-13 16:46:54,1747154814.3517098,sell,market,83018160
103950.0,0.0001,2025-05-13 16:46:54,1747154814.3517098,sell,market,83018161
103950.0,0.00029902,2025-05-13 16:46:54,1747154814.3517098,sell,market,83018162
103939.1,0.03156679,2025-05-13 16:46:57,1747154817.977184,sell,market,83018169
103931.4,0.85987116,2025-05-13 16:46:57,1747154817.977184,sell,market,83018172
103933.1,0.135,2025-05-13 16:46:57,1747154817.977184,sell,market,83018171
103939.0,5.051e-05,2025-05-13 16:46:57,1747154817.977184,sell,market,83018170
103939.6,0.0009621,2025-05-13 16:46:57,1747154817.977184,sell,market,83018168
103950.0,0.04,2025-05-13 16:46:57,1747154817.977184,sell,market,83018166
103941.1,0.02879658,2025-05-13 16:46:57,1747154817.977184,sell,market,83018167
103950.0,0.0001,2025-05-13 16:46:57,1747154817.977184,sell,market,83018165
103950.0,0.0001,2025-05-13 16:46:57,1747154817.977184,sell,market,83018164
103950.0,0.00070098,2025-05-13 16:46:57,1747154817.977184,sell,market,83018163
103931.4,9.62e-05,2025-05-13 16:46:58,1747154818.3293135,buy,limit,83018173
103931.4,0.06715481,2025-05-13 16:46:58,1747154818.3293135,buy,limit,83018174
103929.4,0.00025687,2025-05-13 16:47:03,1747154823.804582,sell,limit,83018175
103929.5,8.581e-05,2025-05-13 16:47:06,1747154826.0469375,buy,limit,83018176
103929.5,9.387e-05,2025-05-13 16:47:09,1747154829.0285118,buy,limit,83018177
103929.5,0.01632643,2025-05-13 16:47:11,1747154831.7248263,buy,limit,83018178
103950.0,5.051e-05,2025-05-13 16:47:11,1747154831.7248263,buy,limit,83018179
103954.6,9.621e-05,2025-05-13 16:47:11,1747154831.7248263,buy,limit,83018180
103954.7,0.08352685,2025-05-13 16:47:11,1747154831.7248263,buy,limit,83018181
103954.6,0.00020871,2025-05-13 16:47:15,1747154835.5118773,sell,limit,83018182
103954.7,8.969e-05,2025-05-13 16:47:18,1747154838.4844158,buy,limit,83018183
103954.7,0.00011555,2025-05-13 16:47:21,1747154841.7612865,buy,market,83018184
103954.7,0.00014216,2025-05-13 16:47:22,1747154842.0400872,buy,limit,83018185
103954.7,0.00014216,2025-05-13 16:47:23,1747154843.0406144,buy,limit,83018186
103954.7,0.01601655,2025-05-13 16:47:27,1747154847.0512373,buy,market,83018187
103954.7,9.619e-05,2025-05-13 16:47:27,1747154847.0512373,buy,market,83018188
103954.8,0.018,2025-05-13 16:47:27,1747154847.0512373,buy,market,83018189
103960.9,5.05e-05,2025-05-13 16:47:27,1747154847.0512373,buy,market,83018190
103961.9,0.00431474,2025-05-13 16:47:27,1747154847.0512373,buy,market,83018191
103967.8,0.00010095,2025-05-13 16:47:36,1747154856.723218,sell,market,83018192
103967.9,8.794e-05,2025-05-13 16:47:50,1747154870.550589,buy,limit,83018193
103967.8,0.00015034,2025-05-13 16:47:53,1747154873.8387456,sell,limit,83018194
103967.9,0.00026856,2025-05-13 16:47:53,1747154873.8472836,buy,limit,83018195
103967.9,0.00048092,2025-05-13 16:48:00,1747154880.3216507,buy,market,83018196
103967.9,4.785e-05,2025-05-13 16:48:11,1747154891.0495834,buy,limit,83018197
103967.9,0.00500173,2025-05-13 16:48:21,1747154901.6743965,buy,limit,83018198
103967.8,0.0009372,2025-05-13 16:48:44,1747154924.6845613,sell,limit,83018202
103967.8,0.001,2025-05-13 16:48:44,1747154924.6845613,sell,limit,83018201
103967.8,0.0001,2025-05-13 16:48:44,1747154924.6845613,sell,limit,83018200
103967.8,0.0001,2025-05-13 16:48:44,1747154924.6845613,sell,limit,83018199
103967.9,0.00091698,2025-05-13 16:48:45,1747154925.2495854,buy,limit,83018203
103967.9,0.00018005,2025-05-13 16:48:48,1747154928.560678,buy,limit,83018204
103967.9,0.00083638,2025-05-13 16:48:48,1747154928.9254344,buy,market,83018205
103967.8,0.0061237,2025-05-13 16:48:56,1747154936.6160166,sell,market,83018206
103967.8,0.0001,2025-05-13 16:48:56,1747154936.6160166,sell,market,83018207
103967.8,0.0001,2025-05-13 16:48:56,1747154936.6160166,sell,market,83018208
103950.0,5.05e-05,2025-05-13 16:48:56,1747154936.6160166,sell,market,83018209
103939.0,5.051e-05,2025-05-13 16:48:56,1747154936.6160166,sell,market,83018210
103928.0,5.051e-05,2025-05-13 16:48:56,1747154936.6160166,sell,market,83018211
103918.3,9.799e-05,2025-05-13 16:48:56,1747154936.6160166,sell,market,83018212
103917.0,5.052e-05,2025-05-13 16:48:56,1747154936.6160166,sell,market,83018213
103915.8,0.03682047,2025-05-13 16:48:56,1747154936.6160169,sell,market,83018217
103915.8,0.02337,2025-05-13 16:48:56,1747154936.6160169,sell,market,83018216
103917.0,0.02879658,2025-05-13 16:48:56,1747154936.6160169,sell,market,83018214
103915.8,0.00438922,2025-05-13 16:48:56,1747154936.6160169,sell,market,83018215
103915.8,0.00011726,2025-05-13 16:48:57,1747154937.2414353,sell,limit,83018218
103915.9,0.00019066,2025-05-13 16:49:00,1747154940.0546596,buy,limit,83018219
103915.9,0.00246984,2025-05-13 16:49:01,1747154941.3348486,buy,market,83018220
103915.9,0.01384561,2025-05-13 16:49:05,1747154945.1361349,buy,market,83018221
103915.9,9.618e-05,2025-05-13 16:49:05,1747154945.1361349,buy,market,83018222
103915.9,0.1,2025-05-13 16:49:05,1747154945.1361349,buy,market,83018223
103915.9,0.16057284,2025-05-13 16:49:05,1747154945.1361349,buy,market,83018224
103915.8,3.302e-05,2025-05-13 16:49:05,1747154945.516434,sell,limit,83018225
103915.9,0.30571882,2025-05-13 16:49:10,1747154950.3342,buy,limit,83018230
103915.9,0.135,2025-05-13 16:49:10,1747154950.3342,buy,limit,83018226
103915.9,0.20634554,2025-05-13 16:49:10,1747154950.3342,buy,limit,83018227
103915.9,9.618e-05,2025-05-13 16:49:10,1747154950.3342,buy,limit,83018228
103915.9,0.01650611,2025-05-13 16:49:10,1747154950.3342,buy,limit,83018229
103915.9,0.00417944,2025-05-13 16:50:04,1747155004.6733706,buy,market,83018231
103915.9,0.00020701,2025-05-13 16:50:05,1747155005.2809417,buy,market,83018232
103929.9,0.41064771,2025-05-13 16:50:14,1747155014.2171776,buy,market,83018237
103928.1,5.052e-05,2025-05-13 16:50:14,1747155014.2171776,buy,market,83018236
103915.9,0.01211966,2025-05-13 16:50:14,1747155014.2171776,buy,market,83018233
103925.3,9.622e-05,2025-05-13 16:50:14,1747155014.2171776,buy,market,83018234
103925.4,0.135,2025-05-13 16:50:14,1747155014.2171776,buy,market,83018235
103939.0,5.051e-05,2025-05-13 16:50:29,1747155029.9195714,buy,market,83018238
103939.0,0.04795842,2025-05-13 16:50:29,1747155029.9195714,buy,market,83018239
103939.0,9.386e-05,2025-05-13 16:50:35,1747155035.1297038,buy,limit,83018240
103938.9,0.0001,2025-05-13 16:50:37,1747155037.5232384,sell,limit,83018241
103938.9,0.0001,2025-05-13 16:50:37,1747155037.5232387,sell,limit,83018242
103938.9,0.00024971,2025-05-13 16:50:37,1747155037.5232387,sell,limit,83018243
103939.0,0.00017217,2025-05-13 16:50:39,1747155039.501105,buy,limit,83018244
103939.0,4.739e-05,2025-05-13 16:50:40,1747155040.0377734,buy,limit,83018245
103938.9,0.00068099,2025-05-13 16:50:43,1747155043.8627098,sell,limit,83018246
103939.0,0.00018163,2025-05-13 16:50:52,1747155052.1722498,buy,limit,83018247
103915.0,0.01273204,2025-05-13 16:50:54,1747155054.9500642,sell,limit,83018253
103917.0,5.052e-05,2025-05-13 16:50:54,1747155054.9500642,sell,limit,83018252
103928.0,5.051e-05,2025-05-13 16:50:54,1747155054.9500642,sell,limit,83018251
103938.9,0.0001,2025-05-13 16:50:54,1747155054.9500642,sell,limit,83018249
103938.9,0.0001,2025-05-13 16:50:54,1747155054.9500642,sell,limit,83018248
103938.9,0.001,2025-05-13 16:50:54,1747155054.9500642,sell,limit,83018250
103915.1,9.621e-05,2025-05-13 16:51:11,1747155071.7220242,buy,market,83018254
103915.1,3.79e-06,2025-05-13 16:51:11,1747155071.7220242,buy,market,83018255
103915.1,0.00014083,2025-05-13 16:51:21,1747155081.6887703,buy,limit,83018256
103915.1,0.00020871,2025-05-13 16:51:22,1747155082.8636847,buy,market,83018257
103915.0,0.01109486,2025-05-13 16:51:27,1747155087.9309766,sell,market,83018258
103915.0,0.00068099,2025-05-13 16:51:31,1747155091.6195304,sell,limit,83018259
103915.0,0.00081903,2025-05-13 16:51:32,1747155092.3351672,sell,market,83018260
103915.1,0.00021375,2025-05-13 16:51:32,1747155092.4434013,buy,limit,83018261
103915.1,4.741e-05,2025-05-13 16:51:33,1747155093.0537293,buy,limit,83018262
103915.0,9.623e-05,2025-05-13 16:51:37,1747155097.8581629,sell,limit,83018263
103915.0,0.00167315,2025-05-13 16:51:37,1747155097.9003615,sell,limit,83018268
103915.0,0.001,2025-05-13 16:51:37,1747155097.9003615,sell,limit,83018267
103915.0,0.0001,2025-05-13 16:51:37,1747155097.9003615,sell,limit,83018265
103915.0,0.23012685,2025-05-13 16:51:37,1747155097.9003615,sell,limit,83018264
103915.0,0.0001,2025-05-13 16:51:37,1747155097.9003615,sell,limit,83018266
103915.0,0.00025149,2025-05-13 16:51:37,1747155097.9047172,sell,limit,83018269
103906.1,0.0016,2025-05-13 16:51:37,1747155097.9047172,sell,limit,83018270
103906.0,5.052e-05,2025-05-13 16:51:37,1747155097.9047172,sell,limit,83018271
103901.6,0.01650611,2025-05-13 16:51:38,1747155098.3157232,buy,market,83018272
103901.6,0.07972629,2025-05-13 16:51:38,1747155098.3157232,buy,market,83018273
103901.6,0.00051608,2025-05-13 16:51:41,1747155101.5797544,buy,limit,83018274
103901.5,0.00962,2025-05-13 16:51:42,1747155102.621819,sell,limit,83018275
103901.5,0.0001,2025-05-13 16:51:42,1747155102.621819,sell,limit,83018276
103901.5,0.0001,2025-05-13 16:51:42,1747155102.621819,sell,limit,83018277
103901.5,0.00098,2025-05-13 16:51:42,1747155102.621819,sell,limit,83018278
103901.5,2e-05,2025-05-13 16:51:42,1747155102.6220334,sell,limit,83018279
103901.1,0.00918,2025-05-13 16:51:42,1747155102.6220334,sell,limit,83018280
103901.1,5.955e-05,2025-05-13 16:51:42,1747155102.6228447,sell,limit,83018281
103895.0,5.053e-05,2025-05-13 16:51:42,1747155102.6257794,sell,limit,83018282
103884.0,5.053e-05,2025-05-13 16:51:42,1747155102.660811,sell,limit,83018283
103875.0,0.00096269,2025-05-13 16:51:42,1747155102.660811,sell,limit,83018284
103873.0,5.054e-05,2025-05-13 16:51:42,1747155102.681898,sell,limit,83018285
103862.1,0.00040496,2025-05-13 16:51:52,1747155112.8443708,buy,limit,83018286
103862.0,5.054e-05,2025-05-13 16:51:55,1747155115.3695111,sell,market,83018287
103862.0,0.0001,2025-05-13 16:51:55,1747155115.3695111,sell,market,83018288
103862.0,4.167e-05,2025-05-13 16:51:55,1747155115.3695111,sell,market,83018289
103862.1,0.01635952,2025-05-13 16:51:57,1747155117.1789436,buy,limit,83018290
103862.0,5.833e-05,2025-05-13 16:51:57,1747155117.3023713,sell,limit,83018291
103862.0,0.001,2025-05-13 16:51:57,1747155117.3023713,sell,limit,83018292
103862.0,0.0001,2025-05-13 16:51:57,1747155117.3023713,sell,limit,83018293
103851.1,0.00024319,2025-05-13 16:51:57,1747155117.589421,sell,limit,83018294
103851.2,0.00481162,2025-05-13 16:51:58,1747155118.1791306,buy,limit,83018295
103850.0,0.71995018,2025-05-13 16:51:58,1747155118.6107101,sell,limit,83018298
103851.0,5.055e-05,2025-05-13 16:51:58,1747155118.6107101,sell,limit,83018297
103851.1,0.00900081,2025-05-13 16:51:58,1747155118.6107101,sell,limit,83018296
103850.0,0.774212,2025-05-13 16:51:58,1747155118.6121066,sell,limit,83018299
103850.1,0.00144422,2025-05-13 16:52:01,1747155121.474191,buy,limit,83018300
103850.1,0.00188163,2025-05-13 16:52:02,1747155122.7053711,buy,market,83018301
103850.1,9.49e-06,2025-05-13 16:52:06,1747155126.0474453,buy,limit,83018302
103850.0,0.78487921,2025-05-13 16:52:18,1747155138.7200055,sell,limit,83018303
103850.0,0.81388472,2025-05-13 16:52:18,1747155138.7299268,sell,limit,83018304
103850.0,0.78565175,2025-05-13 16:52:18,1747155138.7360246,sell,limit,83018305
103850.0,0.00243802,2025-05-13 16:52:24,1747155144.1849186,sell,limit,83018306
103850.1,0.00086893,2025-05-13 16:52:25,1747155145.6222718,buy,limit,83018307
103850.1,5e-05,2025-05-13 16:52:25,1747155145.655882,buy,market,83018308
103850.1,0.00076379,2025-05-13 16:52:38,1747155158.3600593,buy,limit,83018309
103850.1,0.00867222,2025-05-13 16:52:46,1747155166.0754046,buy,limit,83018310
103850.0,0.0001,2025-05-13 16:53:03,1747155183.9684699,sell,market,83018311
103850.0,0.00011555,2025-05-13 16:53:18,1747155198.8227842,sell,market,83018312
103850.0,0.00048146,2025-05-13 16:53:25,1747155205.015357,sell,market,83018313
103850.1,0.00047907,2025-05-13 16:53:28,1747155208.6017003,buy,limit,83018314
103850.1,0.00473182,2025-05-13 16:53:28,1747155208.66702,buy,limit,83018315
103850.0,0.0007725,2025-05-13 16:53:37,1747155217.6103904,sell,market,83018316
103850.1,0.00967982,2025-05-13 16:53:45,1747155225.1937675,buy,market,83018317
103850.1,9.628e-05,2025-05-13 16:53:50,1747155230.7944415,buy,limit,83018318
103850.1,8.221e-05,2025-05-13 16:53:50,1747155230.7944415,buy,limit,83018319
103850.0,3.769e-05,2025-05-13 16:53:57,1747155237.1273775,sell,limit,83018320
103850.1,0.00044793,2025-05-13 16:54:07,1747155247.3345706,buy,limit,83018321
103850.1,0.00019728,2025-05-13 16:54:26,1747155266.405372,buy,limit,83018322
103850.0,0.00315184,2025-05-13 16:54:26,1747155266.4457486,sell,market,83018323
103850.0,0.00986037,2025-05-13 16:54:29,1747155269.3481154,sell,market,83018324
103850.1,0.0158609,2025-05-13 16:54:35,1747155275.2043152,buy,limit,83018325
103858.7,0.00904522,2025-05-13 16:54:35,1747155275.2043152,buy,limit,83018326
103858.7,0.00037132,2025-05-13 16:54:35,1747155275.2043152,buy,limit,83018327
103858.7,0.00065,2025-05-13 16:54:35,1747155275.2043152,buy,limit,83018328
103858.7,0.20412256,2025-05-13 16:54:35,1747155275.2043152,buy,limit,83018329
103858.7,0.00020364,2025-05-13 16:54:48,1747155288.6374507,buy,limit,83018330
103858.6,0.01,2025-05-13 16:54:56,1747155296.0603127,sell,market,83018331
103858.7,0.00027912,2025-05-13 16:54:59,1747155299.6176202,buy,limit,83018332
103858.7,0.00014229,2025-05-13 16:55:00,1747155300.8182366,buy,limit,83018333
103858.7,0.20702,2025-05-13 16:55:09,1747155309.2906852,buy,limit,83018334
103858.7,0.00019391,2025-05-13 16:55:14,1747155314.1593735,buy,market,83018335
103858.7,0.00675735,2025-05-13 16:55:19,1747155319.3719347,buy,market,83018336
103858.7,0.00023484,2025-05-13 16:55:23,1747155323.591657,buy,limit,83018337
103858.6,0.0001,2025-05-13 16:55:35,1747155335.4719489,sell,limit,83018338
103858.6,1.5e-05,2025-05-13 16:55:35,1747155335.4719489,sell,limit,83018339
103858.7,0.00015178,2025-05-13 16:55:44,1747155344.4891238,buy,limit,83018340
103858.7,0.00054013,2025-05-13 16:55:48,1747155348.44098,buy,limit,83018341
103858.7,0.0001409,2025-05-13 16:55:50,1747155350.4555678,buy,limit,83018342
103858.6,0.0001,2025-05-13 16:55:51,1747155351.5708327,sell,market,83018345
103858.6,0.00502142,2025-05-13 16:55:51,1747155351.5708327,sell,market,83018346
103858.6,8.5e-05,2025-05-13 16:55:51,1747155351.5708327,sell,market,83018343
103858.6,0.001,2025-05-13 16:55:51,1747155351.5708327,sell,market,83018344
103855.1,0.00912807,2025-05-13 16:55:53,1747155353.0546277,buy,limit,83018347
103855.1,0.00094865,2025-05-13 16:56:13,1747155373.9683096,buy,limit,83018348
103855.0,0.22638814,2025-05-13 16:56:17,1747155377.3001494,sell,limit,83018354
103855.0,0.001,2025-05-13 16:56:17,1747155377.3001494,sell,limit,83018352
103855.0,0.2588,2025-05-13 16:56:17,1747155377.3001494,sell,limit,83018353
103855.0,0.0001,2025-05-13 16:56:17,1747155377.3001494,sell,limit,83018350
103855.0,0.00361186,2025-05-13 16:56:17,1747155377.3001494,sell,limit,83018349
103855.0,0.0001,2025-05-13 16:56:17,1747155377.3001494,sell,limit,83018351
103851.4,0.00099219,2025-05-13 16:56:24,1747155384.9184735,buy,limit,83018355
103851.4,0.00052758,2025-05-13 16:56:32,1747155392.4541013,buy,market,83018356
103851.4,0.09943211,2025-05-13 16:56:34,1747155394.3934119,buy,market,83018360
103851.4,0.01498634,2025-05-13 16:56:34,1747155394.3934119,buy,market,83018357
103851.4,9.628e-05,2025-05-13 16:56:34,1747155394.3934119,buy,market,83018358
103851.4,0.030072,2025-05-13 16:56:34,1747155394.3934119,buy,market,83018359
103851.4,1.879e-05,2025-05-13 16:56:48,1747155408.0526571,buy,limit,83018361
103851.3,9.391e-05,2025-05-13 16:56:52,1747155412.8773293,sell,market,83018363
103851.3,0.0001,2025-05-13 16:56:52,1747155412.8773293,sell,market,83018362
103851.3,6.09e-06,2025-05-13 16:56:56,1747155416.9202292,sell,market,83018364
103851.3,0.00030594,2025-05-13 16:56:56,1747155416.9202292,sell,market,83018365
103851.3,1.715e-05,2025-05-13 16:57:04,1747155424.8095484,sell,limit,83018366
103851.4,0.01445406,2025-05-13 16:57:09,1747155429.9855797,buy,market,83018367
103851.4,0.00240729,2025-05-13 16:57:16,1747155436.14931,buy,market,83018368
103851.4,0.00100487,2025-05-13 16:57:32,1747155452.0524876,buy,limit,83018369
103851.4,0.02712476,2025-05-13 16:57:39,1747155459.123936,buy,limit,83018370
103851.4,0.01699765,2025-05-13 16:57:39,1747155459.123936,buy,limit,83018371
103851.4,0.00096291,2025-05-13 16:57:39,1747155459.8129108,buy,market,83018372
103851.4,0.01878857,2025-05-13 16:57:42,1747155462.3896015,buy,limit,83018373
103851.3,0.00881715,2025-05-13 16:57:45,1747155465.9477222,sell,market,83018377
103851.3,0.001,2025-05-13 16:57:45,1747155465.9477222,sell,market,83018376
103851.3,0.0001,2025-05-13 16:57:45,1747155465.9477222,sell,market,83018375
103851.3,8.285e-05,2025-05-13 16:57:45,1747155465.9477222,sell,market,83018374
103851.4,9.394e-05,2025-05-13 16:57:47,1747155467.5142896,buy,limit,83018378
103851.3,0.00052758,2025-05-13 16:57:52,1747155472.078094,sell,market,83018379
103851.4,0.00199813,2025-05-13 16:57:54,1747155474.8433063,buy,limit,83018380
103851.4,0.00168358,2025-05-13 16:57:54,1747155474.8433063,buy,limit,83018381
103851.4,0.00028183,2025-05-13 16:57:59,1747155479.6826625,buy,limit,83018382
103851.3,0.00069751,2025-05-13 16:58:16,1747155496.848356,sell,market,83018383
103851.4,0.00094868,2025-05-13 16:58:26,1747155506.79214,buy,limit,83018384
103850.0,0.00377438,2025-05-13 16:58:27,1747155507.4714956,sell,market,83018394
103840.0,5.055e-05,2025-05-13 16:58:27,1747155507.4714956,sell,market,83018395
103829.4,0.0188913,2025-05-13 16:58:27,1747155507.4714956,sell,market,83018397
103850.0,0.000155,2025-05-13 16:58:27,1747155507.4714956,sell,market,83018393
103830.2,0.0008,2025-05-13 16:58:27,1747155507.4714956,sell,market,83018396
103850.0,0.01302445,2025-05-13 16:58:27,1747155507.4714956,sell,market,83018392
103850.0,0.07206662,2025-05-13 16:58:27,1747155507.4714956,sell,market,83018390
103850.0,0.03239809,2025-05-13 16:58:27,1747155507.4714956,sell,market,83018389
103851.3,0.001,2025-05-13 16:58:27,1747155507.4714956,sell,market,83018388
103851.3,0.0001,2025-05-13 16:58:27,1747155507.4714956,sell,market,83018387
103851.3,0.0001,2025-05-13 16:58:27,1747155507.4714956,sell,market,83018386
103851.3,0.00440148,2025-05-13 16:58:27,1747155507.4714956,sell,market,83018385
103850.0,0.00323813,2025-05-13 16:58:27,1747155507.4714956,sell,market,83018391
103829.5,0.01223098,2025-05-13 16:58:44,1747155524.9031181,buy,limit,83018398
103818.0,5.056e-05,2025-05-13 16:58:47,1747155527.455423,sell,market,83018405
103785.1,0.0016,2025-05-13 16:58:47,1747155527.455423,sell,market,83018412
103796.0,5.057e-05,2025-05-13 16:58:47,1747155527.455423,sell,market,83018411
103800.5,0.00963,2025-05-13 16:58:47,1747155527.455423,sell,market,83018410
103800.6,0.03297268,2025-05-13 16:58:47,1747155527.455423,sell,market,83018409
103801.1,0.00924845,2025-05-13 16:58:47,1747155527.455423,sell,market,83018408
103807.0,5.057e-05,2025-05-13 16:58:47,1747155527.455423,sell,market,83018407
103829.0,5.056e-05,2025-05-13 16:58:47,1747155527.455423,sell,market,83018403
103826.0,0.00601,2025-05-13 16:58:47,1747155527.455423,sell,market,83018404
103829.4,0.001,2025-05-13 16:58:47,1747155527.455423,sell,market,83018402
103829.4,0.0001,2025-05-13 16:58:47,1747155527.455423,sell,market,83018401
103829.4,0.0001,2025-05-13 16:58:47,1747155527.455423,sell,market,83018400
103829.4,0.00037106,2025-05-13 16:58:47,1747155527.455423,sell,market,83018399
103816.5,5.5e-05,2025-05-13 16:58:47,1747155527.455423,sell,market,83018406
103780.0,0.0002,2025-05-13 16:58:47,1747155527.4554234,sell,market,83018422
103780.0,0.00111112,2025-05-13 16:58:47,1747155527.4554234,sell,market,83018423
103780.0,0.00068888,2025-05-13 16:58:47,1747155527.4554234,sell,market,83018421
103780.0,0.00222222,2025-05-13 16:58:47,1747155527.4554234,sell,market,83018425
103780.0,0.00666666,2025-05-13 16:58:47,1747155527.4554234,sell,market,83018424
103780.0,0.00071096,2025-05-13 16:58:47,1747155527.4554234,sell,market,83018420
103780.0,0.00033333,2025-05-13 16:58:47,1747155527.4554234,sell,market,83018426
103780.0,0.00357728,2025-05-13 16:58:47,1747155527.4554234,sell,market,83018418
103780.0,5e-05,2025-05-13 16:58:47,1747155527.4554234,sell,market,83018417
103780.0,0.03114107,2025-05-13 16:58:47,1747155527.4554234,sell,market,83018416
103780.7,0.0005,2025-05-13 16:58:47,1747155527.4554234,sell,market,83018415
103782.4,9.812e-05,2025-05-13 16:58:47,1747155527.4554234,sell,market,83018414
103785.0,5.058e-05,2025-05-13 16:58:47,1747155527.4554234,sell,market,83018413
103780.0,0.00058254,2025-05-13 16:58:47,1747155527.4554234,sell,market,83018419
103780.0,0.00311427,2025-05-13 16:58:47,1747155527.4554234,sell,market,83018427
103780.3,0.00566402,2025-05-13 16:58:47,1747155527.5986702,buy,limit,83018428
103780.3,0.000192,2025-05-13 16:58:47,1747155527.8699734,buy,market,83018429
103780.3,0.01065009,2025-05-13 16:58:47,1747155527.923261,buy,market,83018430
103780.3,0.01155347,2025-05-13 16:58:47,1747155527.923261,buy,market,83018431
103780.3,0.00018037,2025-05-13 16:58:52,1747155532.470424,buy,limit,83018432
103780.3,0.00094933,2025-05-13 16:58:59,1747155539.037535,buy,limit,83018433
103780.2,0.0001,2025-05-13 16:59:03,1747155543.3791983,sell,market,83018434
103780.2,0.0001,2025-05-13 16:59:03,1747155543.3791983,sell,market,83018435
103780.2,9.376e-05,2025-05-13 16:59:03,1747155543.3791983,sell,market,83018436
103775.0,0.00947001,2025-05-13 16:59:04,1747155544.843673,buy,limit,83018437
103775.0,9.635e-05,2025-05-13 16:59:20,1747155560.8517294,buy,limit,83018438
103775.0,1.018e-05,2025-05-13 16:59:20,1747155560.8517294,buy,limit,83018439
103749.9,0.01200043,2025-05-13 16:59:32,1747155572.3253872,sell,market,83018449
103749.9,0.11331789,2025-05-13 16:59:32,1747155572.3253872,sell,market,83018448
103751.1,0.00925291,2025-05-13 16:59:32,1747155572.3253872,sell,market,83018447
103751.2,0.01407699,2025-05-13 16:59:32,1747155572.3253872,sell,market,83018446
103752.0,5.06e-05,2025-05-13 16:59:32,1747155572.3253872,sell,market,83018445
103774.0,5.059e-05,2025-05-13 16:59:32,1747155572.3253872,sell,market,83018443
103774.9,0.0001,2025-05-13 16:59:32,1747155572.3253872,sell,market,83018442
103774.9,0.0001,2025-05-13 16:59:32,1747155572.3253872,sell,market,83018441
103774.9,0.001,2025-05-13 16:59:32,1747155572.3253872,sell,market,83018440
103763.0,5.059e-05,2025-05-13 16:59:32,1747155572.3253872,sell,market,83018444
103750.0,0.0001,2025-05-13 16:59:34,1747155574.6546693,buy,market,83018450
103749.9,0.00016809,2025-05-13 16:59:35,1747155575.443231,sell,limit,83018451
103750.0,4.748e-05,2025-05-13 16:59:42,1747155582.040709,buy,limit,83018452
103750.0,0.01635863,2025-05-13 16:59:42,1747155582.3604848,buy,limit,83018453
103750.0,9.636e-05,2025-05-13 16:59:42,1747155582.3604848,buy,limit,83018454
103750.0,0.10110626,2025-05-13 16:59:42,1747155582.360485,buy,limit,83018455
103750.0,0.06889875,2025-05-13 16:59:42,1747155582.360485,buy,limit,83018456
103750.0,0.00643076,2025-05-13 16:59:44,1747155584.1540298,buy,market,83018457
103749.9,0.00240964,2025-05-13 16:59:45,1747155585.111385,sell,market,83018458
103750.0,0.001,2025-05-13 17:00:01,1747155601.6506631,buy,limit,83018459
103750.0,0.00012,2025-05-13 17:00:03,1747155603.5245926,buy,market,83018460
103749.9,0.0009664,2025-05-13 17:00:04,1747155604.8453877,sell,market,83018461
103750.0,0.0001206,2025-05-13 17:00:05,1747155605.2476258,buy,limit,83018462
103750.0,9.496e-05,2025-05-13 17:00:06,1747155606.6178882,buy,limit,83018463
103750.0,0.00360962,2025-05-13 17:00:07,1747155607.0106435,buy,market,83018464
103750.0,0.0072337,2025-05-13 17:00:09,1747155609.0930088,buy,market,83018465
103750.0,0.00173927,2025-05-13 17:00:09,1747155609.914933,buy,market,83018466
103750.0,0.00173927,2025-05-13 17:00:09,1747155609.914933,buy,market,83018466
103750.0,9.5e-06,2025-05-13 17:00:10,1747155610.0483432,buy,limit,83018467
103749.9,2.6e-05,2025-05-13 17:00:10,1747155610.5025325,sell,market,83018468
103749.9,0.00285,2025-05-13 17:00:10,1747155610.5025325,sell,market,83018469
103750.0,0.01963483,2025-05-13 17:00:20,1747155620.8225439,buy,market,83018470
103750.0,0.00146525,2025-05-13 17:00:23,1747155623.4722767,buy,market,83018471
103750.0,0.06878402,2025-05-13 17:00:23,1747155623.949706,buy,market,83018472
103749.9,0.01,2025-05-13 17:00:46,1747155646.8753607,sell,market,83018473
103749.9,0.00605,2025-05-13 17:00:48,1747155648.4200473,sell,limit,83018474
103750.0,0.00156637,2025-05-13 17:01:02,1747155662.2658744,buy,market,83018475
103750.0,0.0002374,2025-05-13 17:01:08,1747155668.6508896,buy,limit,83018476
103750.0,0.00940347,2025-05-13 17:01:13,1747155673.5426257,buy,limit,83018477
103750.0,0.01880694,2025-05-13 17:01:14,1747155674.0361207,buy,limit,83018478
103749.9,0.0147,2025-05-13 17:01:22,1747155682.900912,sell,market,83018479
103750.0,0.00475378,2025-05-13 17:01:26,1747155686.1323798,buy,market,83018480
103749.9,0.00047555,2025-05-13 17:01:27,1747155687.8495853,sell,limit,83018481
103750.0,0.00309723,2025-05-13 17:01:28,1747155688.3262632,buy,limit,83018482
103750.0,0.00339321,2025-05-13 17:01:36,1747155696.3053813,buy,market,83018483
103750.0,9.4e-06,2025-05-13 17:01:38,1747155698.3764215,buy,limit,83018484
103749.9,0.00043004,2025-05-13 17:01:42,1747155702.5550432,sell,market,83018485
103796.0,5.058e-05,2025-05-13 17:01:48,1747155708.108025,buy,market,83018495
103785.2,0.00856008,2025-05-13 17:01:48,1747155708.108025,buy,market,83018494
103784.9,5.059e-05,2025-05-13 17:01:48,1747155708.108025,buy,market,83018493
103774.0,5.059e-05,2025-05-13 17:01:48,1747155708.108025,buy,market,83018491
103774.0,0.00014454,2025-05-13 17:01:48,1747155708.108025,buy,market,83018492
103750.0,0.01481986,2025-05-13 17:01:48,1747155708.108025,buy,market,83018489
103750.0,0.00849933,2025-05-13 17:01:48,1747155708.108025,buy,market,83018486
103750.0,0.02113988,2025-05-13 17:01:48,1747155708.108025,buy,market,83018487
103763.0,5.06e-05,2025-05-13 17:01:48,1747155708.108025,buy,market,83018490
103750.0,0.01650611,2025-05-13 17:01:48,1747155708.108025,buy,market,83018488
103800.0,0.00544554,2025-05-13 17:01:48,1747155708.1080253,buy,market,83018496
103800.5,0.00246007,2025-05-13 17:01:48,1747155708.1080253,buy,market,83018497
103800.4,0.00019759,2025-05-13 17:01:48,1747155708.2473912,sell,limit,83018498
103800.5,0.00047457,2025-05-13 17:02:00,1747155720.039159,buy,limit,83018499
103800.4,0.000302,2025-05-13 17:02:03,1747155723.0628483,sell,market,83018500
103800.5,0.00143992,2025-05-13 17:02:04,1747155724.6839457,buy,market,83018501
103791.7,0.00111495,2025-05-13 17:02:21,1747155741.498163,sell,market,83018506
103800.4,0.0001,2025-05-13 17:02:21,1747155741.498163,sell,market,83018502
103800.4,0.0001,2025-05-13 17:02:21,1747155741.498163,sell,market,83018503
103800.4,0.001,2025-05-13 17:02:21,1747155741.498163,sell,market,83018504
103800.0,0.00011628,2025-05-13 17:02:21,1747155741.498163,sell,market,83018505
103791.6,0.00901692,2025-05-13 17:02:27,1747155747.704486,buy,limit,83018507
103791.6,0.00181625,2025-05-13 17:02:28,1747155748.0010445,buy,limit,83018509
103791.6,0.00748919,2025-05-13 17:02:28,1747155748.0010445,buy,limit,83018508
103791.5,0.0029703,2025-05-13 17:02:30,1747155750.0833194,sell,limit,83018510
103791.5,0.0001,2025-05-13 17:02:32,1747155752.1782632,sell,limit,83018511
103791.5,0.001,2025-05-13 17:02:32,1747155752.1782632,sell,limit,83018512
103791.5,0.0001,2025-05-13 17:02:32,1747155752.1782632,sell,limit,83018513
103785.0,5.058e-05,2025-05-13 17:02:32,1747155752.1782632,sell,limit,83018514
103784.9,0.02279242,2025-05-13 17:02:32,1747155752.1782632,sell,limit,83018515
103785.0,0.00024097,2025-05-13 17:02:37,1747155757.198438,buy,limit,83018516
103785.0,0.00452307,2025-05-13 17:02:40,1747155760.2301276,buy,limit,83018517
103807.1,5.057e-05,2025-05-13 17:02:41,1747155761.319359,buy,limit,83018526
103800.5,0.00019893,2025-05-13 17:02:41,1747155761.319359,buy,limit,83018525
103800.5,0.00144,2025-05-13 17:02:41,1747155761.319359,buy,limit,83018524
103808.8,0.00016344,2025-05-13 17:02:41,1747155761.319359,buy,limit,83018527
103800.5,0.00047,2025-05-13 17:02:41,1747155761.319359,buy,limit,83018523
103800.5,0.00525544,2025-05-13 17:02:41,1747155761.319359,buy,limit,83018521
103796.0,5.058e-05,2025-05-13 17:02:41,1747155761.319359,buy,limit,83018520
103785.0,0.018,2025-05-13 17:02:41,1747155761.319359,buy,limit,83018519
103785.0,0.01174207,2025-05-13 17:02:41,1747155761.319359,buy,limit,83018518
103800.5,0.00246,2025-05-13 17:02:41,1747155761.319359,buy,limit,83018522
103817.9,0.00962102,2025-05-13 17:02:43,1747155763.8550208,sell,limit,83018528
103818.0,5.057e-05,2025-05-13 17:02:46,1747155766.650414,buy,market,83018529
103818.0,0.00018101,2025-05-13 17:02:46,1747155766.650414,buy,market,83018530
103818.0,0.00270729,2025-05-13 17:02:47,1747155767.7155337,buy,limit,83018531
103818.0,1.515e-05,2025-05-13 17:02:48,1747155768.1238701,buy,limit,83018532
103818.0,0.00018795,2025-05-13 17:02:54,1747155774.1190348,buy,limit,83018533
103818.0,0.001,2025-05-13 17:02:59,1747155779.411169,buy,market,83018534
103818.0,0.01241471,2025-05-13 17:03:00,1747155780.3924584,buy,limit,83018535
103828.9,5.056e-05,2025-05-13 17:03:00,1747155780.3924584,buy,limit,83018536
103831.8,9.632e-05,2025-05-13 17:03:00,1747155780.3924584,buy,limit,83018537
103831.9,0.08122273,2025-05-13 17:03:00,1747155780.3924584,buy,limit,83018538
103831.7,0.00094519,2025-05-13 17:03:10,1747155790.0316317,sell,limit,83018539
103831.8,0.00096309,2025-05-13 17:03:11,1747155791.7773376,buy,limit,83018540
103831.8,0.0009631,2025-05-13 17:03:17,1747155797.8925674,buy,limit,83018541
103831.7,0.00041308,2025-05-13 17:03:18,1747155798.7395942,sell,market,83018542
103831.8,0.00014375,2025-05-13 17:03:21,1747155801.693546,buy,limit,83018543
103831.8,9.396e-05,2025-05-13 17:03:22,1747155802.7097788,buy,limit,83018544
103831.8,5e-05,2025-05-13 17:03:28,1747155808.098697,buy,market,83018545
103831.8,0.00048155,2025-05-13 17:03:30,1747155810.7499285,buy,limit,83018546
103831.7,0.0001207,2025-05-13 17:03:32,1747155812.5352826,sell,market,83018547
103831.8,0.91915644,2025-05-13 17:03:39,1747155819.9831295,buy,market,83018550
103831.8,0.01573685,2025-05-13 17:03:39,1747155819.9831295,buy,market,83018548
103831.8,0.02821348,2025-05-13 17:03:39,1747155819.9831295,buy,market,83018549
103831.8,0.00088094,2025-05-13 17:03:51,1747155831.9490764,buy,limit,83018551
103831.8,0.00019262,2025-05-13 17:03:55,1747155835.9936104,buy,market,83018552
103831.7,0.001,2025-05-13 17:04:11,1747155851.3689697,sell,limit,83018555
103831.7,0.0001,2025-05-13 17:04:11,1747155851.3689697,sell,limit,83018553
103831.7,0.0001,2025-05-13 17:04:11,1747155851.3689697,sell,limit,83018554
103831.7,0.00136643,2025-05-13 17:04:11,1747155851.3689697,sell,limit,83018556
103831.7,0.00075618,2025-05-13 17:04:12,1747155852.969289,sell,limit,83018557
103831.8,0.00026503,2025-05-13 17:04:24,1747155864.1148474,buy,limit,83018558
103831.7,0.00108375,2025-05-13 17:04:25,1747155865.9012394,sell,limit,83018559
103831.8,9.489e-05,2025-05-13 17:04:40,1747155880.043081,buy,limit,83018560
103831.8,0.00187921,2025-05-13 17:04:47,1747155887.914241,buy,limit,83018561
103831.8,0.01426698,2025-05-13 17:04:49,1747155889.722088,buy,market,83018562
103831.8,0.02573302,2025-05-13 17:04:49,1747155889.722088,buy,market,83018563
103831.8,9.802e-05,2025-05-13 17:04:51,1747155891.5961134,buy,limit,83018564
103831.8,0.00216353,2025-05-13 17:04:53,1747155893.1718779,buy,market,83018565
103831.7,1.495e-05,2025-05-13 17:04:56,1747155896.5667353,sell,limit,83018566
103831.7,0.00361002,2025-05-13 17:05:21,1747155921.6588533,sell,limit,83018567
103831.8,0.00180897,2025-05-13 17:05:22,1747155922.0152183,buy,market,83018568
103831.8,0.00038926,2025-05-13 17:05:23,1747155923.866201,buy,market,83018569
103831.8,0.00014233,2025-05-13 17:05:27,1747155927.8487911,buy,limit,83018570
103831.7,0.0049,2025-05-13 17:05:28,1747155928.8751469,sell,market,83018571
103831.8,0.00047443,2025-05-13 17:05:31,1747155931.9071558,buy,limit,83018572
103831.8,8.891e-05,2025-05-13 17:05:34,1747155934.4797537,buy,limit,83018573
103831.8,0.00054027,2025-05-13 17:05:46,1747155946.3791652,buy,limit,83018574
103831.8,9.396e-05,2025-05-13 17:05:46,1747155946.9929667,buy,limit,83018575
103831.7,0.00487697,2025-05-13 17:05:54,1747155954.8984277,sell,market,83018576
103831.7,0.00015161,2025-05-13 17:05:55,1747155955.9861395,sell,limit,83018577
103831.8,0.00044979,2025-05-13 17:05:57,1747155957.0821168,buy,limit,83018578
103831.8,0.0003321,2025-05-13 17:06:05,1747155965.038879,buy,limit,83018579
103831.8,0.04058995,2025-05-13 17:06:10,1747155970.7480166,buy,limit,83018580
103831.7,5e-05,2025-05-13 17:06:15,1747155975.4096766,sell,market,83018581
103831.7,0.00426053,2025-05-13 17:06:16,1747155976.2195208,sell,limit,83018582
103831.7,0.07073947,2025-05-13 17:06:16,1747155976.2195208,sell,limit,83018583
103831.7,0.048,2025-05-13 17:06:19,1747155979.4345632,sell,market,83018584
103831.7,0.0001,2025-05-13 17:06:42,1747156002.6015246,sell,market,83018585
103831.7,0.0001,2025-05-13 17:06:42,1747156002.6015246,sell,market,83018586
103831.7,0.00076309,2025-05-13 17:06:42,1747156002.6015246,sell,market,83018587
103831.7,0.00023691,2025-05-13 17:06:44,1747156004.9320612,sell,limit,83018588
103831.7,0.01354994,2025-05-13 17:06:44,1747156004.9320612,sell,limit,83018589
103831.8,0.0003482,2025-05-13 17:06:48,1747156008.684744,buy,market,83018590
103831.8,0.01084501,2025-05-13 17:06:48,1747156008.9427972,buy,market,83018591
103831.8,0.0003594,2025-05-13 17:06:50,1747156010.3030033,buy,limit,83018592
103831.8,0.00014534,2025-05-13 17:06:53,1747156013.5887656,buy,limit,83018593
103831.8,0.01109476,2025-05-13 17:07:01,1747156021.6895618,buy,market,83018594
103831.8,9.63e-05,2025-05-13 17:07:15,1747156035.4830637,buy,limit,83018595
103831.8,0.00040539,2025-05-13 17:07:18,1747156038.4720702,buy,limit,83018596
103831.8,0.40380106,2025-05-13 17:07:19,1747156039.073408,buy,limit,83018597
103831.8,0.01650611,2025-05-13 17:07:19,1747156039.073408,buy,limit,83018598
103831.8,0.1056195,2025-05-13 17:07:19,1747156039.0734081,buy,limit,83018599
103840.1,5.056e-05,2025-05-13 17:07:31,1747156051.0402932,buy,limit,83018600
103840.1,0.0001392,2025-05-13 17:07:31,1747156051.0402932,buy,limit,83018601
103840.1,0.00091091,2025-05-13 17:07:33,1747156053.0817764,buy,limit,83018602
103840.1,0.015456,2025-05-13 17:07:37,1747156057.2218986,buy,limit,83018603
103851.0,5.055e-05,2025-05-13 17:07:37,1747156057.487499,buy,limit,83018604
103851.4,0.00010247,2025-05-13 17:07:37,1747156057.487499,buy,limit,83018605
103858.7,0.00111001,2025-05-13 17:07:37,1747156057.5448306,buy,limit,83018606
103858.7,0.00211,2025-05-13 17:07:37,1747156057.5452828,buy,limit,83018607
103858.7,0.00445395,2025-05-13 17:07:37,1747156057.7859583,buy,limit,83018608
103858.7,0.01,2025-05-13 17:07:37,1747156057.786315,buy,limit,83018609
103858.7,0.01,2025-05-13 17:07:37,1747156057.7865565,buy,limit,83018610
103858.7,0.015,2025-05-13 17:07:37,1747156057.7867732,buy,limit,83018611
103858.7,0.00365868,2025-05-13 17:07:37,1747156057.9558303,buy,limit,83018612
103858.7,0.00388537,2025-05-13 17:07:37,1747156057.9611142,buy,limit,83018613
103858.7,0.03,2025-05-13 17:07:38,1747156058.1032462,buy,limit,83018614
103858.7,0.33329602,2025-05-13 17:07:38,1747156058.1674032,buy,limit,83018615
103858.7,0.07270195,2025-05-13 17:07:38,1747156058.1674032,buy,limit,83018616
103858.7,0.00289643,2025-05-13 17:07:38,1747156058.1674032,buy,limit,83018617
103862.1,5.055e-05,2025-05-13 17:07:38,1747156058.3189712,buy,limit,83018618
103873.1,5.054e-05,2025-05-13 17:07:38,1747156058.705158,buy,limit,83018619
103884.0,5.054e-05,2025-05-13 17:07:38,1747156058.8519804,buy,limit,83018620
103895.1,5.053e-05,2025-05-13 17:07:41,1747156061.118825,buy,limit,83018621
103895.1,0.00994947,2025-05-13 17:07:41,1747156061.118825,buy,limit,83018622
103971.9,0.00025412,2025-05-13 17:07:42,1747156062.572022,buy,market,83018631
103961.0,0.00601,2025-05-13 17:07:42,1747156062.572022,buy,market,83018630
103955.5,0.00035058,2025-05-13 17:07:42,1747156062.572022,buy,market,83018629
103939.1,5.051e-05,2025-05-13 17:07:42,1747156062.572022,buy,market,83018628
103906.0,5.053e-05,2025-05-13 17:07:42,1747156062.572022,buy,market,83018624
103917.0,5.052e-05,2025-05-13 17:07:42,1747156062.572022,buy,market,83018626
103915.0,0.2553,2025-05-13 17:07:42,1747156062.572022,buy,market,83018625
103928.1,5.052e-05,2025-05-13 17:07:42,1747156062.572022,buy,market,83018627
103901.5,0.00962,2025-05-13 17:07:42,1747156062.572022,buy,market,83018623
103978.2,9.942e-05,2025-05-13 17:07:42,1747156062.5720222,buy,market,83018632
103982.6,9.624e-05,2025-05-13 17:07:42,1747156062.5720222,buy,market,83018633
103982.7,0.356026,2025-05-13 17:07:42,1747156062.5720222,buy,market,83018634
103986.4,0.00025404,2025-05-13 17:07:42,1747156062.5720222,buy,market,83018635
103988.3,0.37178752,2025-05-13 17:07:42,1747156062.5720222,buy,market,83018636
103955.6,0.0001081,2025-05-13 17:07:43,1747156063.8862352,buy,limit,83018637
103955.6,9.623e-05,2025-05-13 17:07:45,1747156065.2140949,buy,limit,83018638
103955.6,0.04366639,2025-05-13 17:07:45,1747156065.2140949,buy,limit,83018639
103955.6,0.00011497,2025-05-13 17:07:46,1747156066.4816349,buy,market,83018640
103955.5,0.0001,2025-05-13 17:07:51,1747156071.465073,sell,limit,83018641
103955.5,0.00010782,2025-05-13 17:07:51,1747156071.465073,sell,limit,83018642
103955.6,0.00057131,2025-05-13 17:07:54,1747156074.4194345,buy,market,83018643
103955.6,5e-05,2025-05-13 17:07:59,1747156079.6563509,buy,market,83018644
103955.5,0.00089218,2025-05-13 17:08:01,1747156081.2035773,sell,market,83018645
103955.5,0.0001,2025-05-13 17:08:01,1747156081.2035773,sell,market,83018646
103955.5,0.02308522,2025-05-13 17:08:01,1747156081.2035773,sell,market,83018647
103955.5,0.01691478,2025-05-13 17:08:01,1747156081.560768,sell,limit,83018648
103955.5,0.00543522,2025-05-13 17:08:01,1747156081.560768,sell,limit,83018649
103955.6,5e-05,2025-05-13 17:08:03,1747156083.1366405,buy,market,83018650
103955.6,6.569e-05,2025-05-13 17:08:19,1747156099.4351718,buy,limit,83018651
103955.6,0.00018955,2025-05-13 17:08:21,1747156101.9828491,buy,limit,83018652
103955.6,0.00012033,2025-05-13 17:08:24,1747156104.4267516,buy,market,83018653
103955.6,0.00817706,2025-05-13 17:08:26,1747156106.8664098,buy,market,83018654
103955.6,5.051e-05,2025-05-13 17:08:28,1747156108.826344,buy,limit,83018655
103955.6,0.00090678,2025-05-13 17:08:28,1747156108.826344,buy,limit,83018656
103913.9,0.135,2025-05-13 17:08:29,1747156109.8652186,sell,limit,83018663
103910.9,0.16720317,2025-05-13 17:08:29,1747156109.8652186,sell,limit,83018664
103917.0,5.052e-05,2025-05-13 17:08:29,1747156109.8652186,sell,limit,83018662
103928.0,5.051e-05,2025-05-13 17:08:29,1747156109.8652186,sell,limit,83018661
103955.5,0.0001,2025-05-13 17:08:29,1747156109.8652186,sell,limit,83018658
103955.5,0.001,2025-05-13 17:08:29,1747156109.8652186,sell,limit,83018659
103955.5,0.0001,2025-05-13 17:08:29,1747156109.8652186,sell,limit,83018657
103939.0,5.051e-05,2025-05-13 17:08:29,1747156109.8652186,sell,limit,83018660
103911.0,0.00018015,2025-05-13 17:08:34,1747156114.4435377,buy,limit,83018665
103911.0,0.00288546,2025-05-13 17:08:35,1747156115.6562817,buy,market,83018666
103911.0,0.00018963,2025-05-13 17:08:40,1747156120.0355597,buy,limit,83018667
103911.0,0.00048118,2025-05-13 17:08:41,1747156121.4616518,buy,market,83018668
103910.9,0.0001,2025-05-13 17:08:43,1747156123.4047503,sell,limit,83018669
103910.9,0.0001,2025-05-13 17:08:43,1747156123.4047503,sell,limit,83018670
103910.9,0.001,2025-05-13 17:08:43,1747156123.4047503,sell,limit,83018671
103906.0,5.052e-05,2025-05-13 17:08:43,1747156123.4047503,sell,limit,83018672
103901.6,0.00074948,2025-05-13 17:08:43,1747156123.4047506,sell,limit,83018673
103901.7,0.00306254,2025-05-13 17:08:48,1747156128.4554794,buy,limit,83018675
103901.7,9.623e-05,2025-05-13 17:08:48,1747156128.4554794,buy,limit,83018674
103901.7,0.01344357,2025-05-13 17:08:49,1747156129.073778,buy,market,83018676
103901.7,0.10608223,2025-05-13 17:08:49,1747156129.073778,buy,market,83018677
103901.7,9.48e-06,2025-05-13 17:08:50,1747156130.033951,buy,limit,83018678
103901.6,0.0001,2025-05-13 17:09:01,1747156141.3204656,sell,market,83018679
103901.6,0.0001,2025-05-13 17:09:01,1747156141.3204656,sell,market,83018680
103901.6,0.001,2025-05-13 17:09:01,1747156141.3204656,sell,market,83018681
103901.5,0.00053927,2025-05-13 17:09:01,1747156141.3204656,sell,market,83018682
103901.6,5e-05,2025-05-13 17:09:03,1747156143.1383927,buy,market,83018683
103901.5,0.00908073,2025-05-13 17:09:05,1747156145.4989245,sell,limit,83018684
103901.5,0.0001,2025-05-13 17:09:05,1747156145.4989245,sell,limit,83018685
103901.5,0.00032283,2025-05-13 17:09:05,1747156145.4989247,sell,limit,83018687
103901.5,0.0001,2025-05-13 17:09:05,1747156145.4989247,sell,limit,83018686
103901.6,0.00012823,2025-05-13 17:09:06,1747156146.837875,buy,limit,83018688
103901.6,0.00018779,2025-05-13 17:09:19,1747156159.1796858,buy,limit,83018689
103901.6,0.00056916,2025-05-13 17:09:25,1747156165.4771237,buy,limit,83018690
103901.5,0.00020717,2025-05-13 17:09:28,1747156168.8295352,sell,limit,83018691
103901.5,3.483e-05,2025-05-13 17:09:28,1747156168.8295352,sell,limit,83018692
103901.5,0.00096517,2025-05-13 17:09:44,1747156184.2399333,sell,market,83018693
103901.5,0.0001,2025-05-13 17:09:44,1747156184.2399333,sell,market,83018694
103901.5,0.0001,2025-05-13 17:09:44,1747156184.2399333,sell,market,83018695
103901.5,0.00211483,2025-05-13 17:09:44,1747156184.2399333,sell,market,83018696
103901.6,5e-05,2025-05-13 17:09:48,1747156188.179547,buy,market,83018697
103901.6,0.00037795,2025-05-13 17:09:54,1747156194.0163014,buy,market,83018698
103901.6,8.973e-05,2025-05-13 17:09:59,1747156199.1963913,buy,limit,83018699
103901.5,0.00729517,2025-05-13 17:09:59,1747156199.9910643,sell,limit,83018700
103901.5,0.00021,2025-05-13 17:09:59,1747156199.9910643,sell,limit,83018701
103901.5,0.00211,2025-05-13 17:09:59,1747156199.9910643,sell,limit,83018702
103901.5,0.0001,2025-05-13 17:09:59,1747156199.9910643,sell,limit,83018703
103901.5,0.0001,2025-05-13 17:09:59,1747156199.9910645,sell,limit,83018704
103895.1,5e-05,2025-05-13 17:10:03,1747156203.146575,buy,market,83018705
103895.1,0.00028037,2025-05-13 17:10:04,1747156204.804786,buy,market,83018706
103895.1,0.00738171,2025-05-13 17:10:05,1747156205.381285,buy,market,83018707
103895.0,5.053e-05,2025-05-13 17:10:05,1747156205.9401991,sell,limit,83018708
103895.0,0.0001,2025-05-13 17:10:05,1747156205.9401991,sell,limit,83018709
103895.0,0.0001,2025-05-13 17:10:05,1747156205.9401991,sell,limit,83018710
103884.0,5.053e-05,2025-05-13 17:10:05,1747156205.9401991,sell,limit,83018711
103873.0,5.054e-05,2025-05-13 17:10:05,1747156205.9401991,sell,limit,83018712
103862.0,5.054e-05,2025-05-13 17:10:05,1747156205.9401991,sell,limit,83018713
103851.0,5.055e-05,2025-05-13 17:10:05,1747156205.9401991,sell,limit,83018714
103850.6,0.02888756,2025-05-13 17:10:05,1747156205.9401991,sell,limit,83018715
103845.3,0.08311981,2025-05-13 17:10:05,1747156205.9401991,sell,limit,83018716
103845.3,0.00622875,2025-05-13 17:10:06,1747156206.486598,sell,limit,83018717
103845.4,0.00018026,2025-05-13 17:10:18,1747156218.6853924,buy,limit,83018718
103845.4,0.01171771,2025-05-13 17:10:21,1747156221.8225746,buy,limit,83018719
103845.4,0.01995498,2025-05-13 17:10:26,1747156226.7864816,buy,market,83018720
103845.3,0.001,2025-05-13 17:10:30,1747156230.2813077,sell,market,83018721
103845.3,0.0001,2025-05-13 17:10:35,1747156235.0878506,sell,limit,83018722
103845.3,0.0001,2025-05-13 17:10:35,1747156235.0878506,sell,limit,83018723
103845.3,0.000476,2025-05-13 17:10:35,1747156235.0878506,sell,limit,83018724
103845.4,8.794e-05,2025-05-13 17:10:37,1747156237.1050196,buy,limit,83018725
103845.3,0.0001,2025-05-13 17:10:37,1747156237.5331986,sell,market,83018726
103845.3,0.0001,2025-05-13 17:10:37,1747156237.5331986,sell,market,83018727
103840.0,0.00187156,2025-05-13 17:10:37,1747156237.5331986,sell,market,83018728
103840.0,5.055e-05,2025-05-13 17:10:37,1747156237.5331986,sell,market,83018729
103831.8,0.14126001,2025-05-13 17:10:37,1747156237.5331986,sell,market,83018730
103831.9,0.00355472,2025-05-13 17:10:43,1747156243.2051184,buy,limit,83018731
103831.8,0.0009901,2025-05-13 17:10:45,1747156245.295618,sell,limit,83018732
103831.8,5.719e-05,2025-05-13 17:10:45,1747156245.4390712,sell,market,83018733
103831.9,0.01295139,2025-05-13 17:10:46,1747156246.6052475,buy,limit,83018734
103831.9,9.63e-05,2025-05-13 17:10:46,1747156246.6052475,buy,limit,83018735
103831.9,0.01067387,2025-05-13 17:10:46,1747156246.6052477,buy,limit,83018736
103831.9,0.00055368,2025-05-13 17:10:47,1747156247.1320572,buy,limit,83018737
103831.9,0.00047724,2025-05-13 17:10:57,1747156257.0378327,buy,limit,83018738
103831.9,0.00069932,2025-05-13 17:11:03,1747156263.2828352,buy,market,83018739
103831.8,0.01210952,2025-05-13 17:11:06,1747156266.50953,sell,limit,83018740
103831.8,0.001,2025-05-13 17:11:06,1747156266.50953,sell,limit,83018741
103831.8,0.0001,2025-05-13 17:11:06,1747156266.50953,sell,limit,83018742
103831.8,0.0001,2025-05-13 17:11:06,1747156266.50953,sell,limit,83018743
103830.0,0.24193995,2025-05-13 17:11:06,1747156266.50953,sell,limit,83018744
103830.1,0.00047287,2025-05-13 17:11:07,1747156267.2467792,buy,limit,83018745
103830.1,0.00301984,2025-05-13 17:11:12,1747156272.6766398,buy,market,83018746
103830.1,0.00093962,2025-05-13 17:11:13,1747156273.7991219,buy,limit,83018747
103830.1,0.01207378,2025-05-13 17:11:22,1747156282.5773067,buy,market,83018748
103830.1,0.18853645,2025-05-13 17:11:22,1747156282.5773067,buy,market,83018749
103830.1,0.00033179,2025-05-13 17:11:25,1747156285.5662038,buy,limit,83018750
103830.1,0.0001065,2025-05-13 17:11:41,1747156301.8159907,buy,limit,83018751
103830.1,0.00215207,2025-05-13 17:11:41,1747156301.8159907,buy,limit,83018752
103830.0,0.00024,2025-05-13 17:11:58,1747156318.5755897,sell,limit,83018753
103830.1,0.00209527,2025-05-13 17:12:06,1747156326.4402611,buy,limit,83018754
103830.1,0.00093105,2025-05-13 17:12:21,1747156341.77793,buy,limit,83018755
103830.1,0.0004498,2025-05-13 17:12:24,1747156344.7193184,buy,limit,83018756
103830.0,0.00475053,2025-05-13 17:12:26,1747156346.0078015,sell,limit,83018757
103830.1,0.00046981,2025-05-13 17:12:38,1747156358.5621638,buy,limit,83018758
103830.1,0.0026912,2025-05-13 17:12:40,1747156360.744128,buy,limit,83018759
103830.1,5e-05,2025-05-13 17:12:40,1747156360.880365,buy,limit,83018760
103830.1,0.00766691,2025-05-13 17:12:40,1747156360.8806348,buy,limit,83018761
103851.0,5.055e-05,2025-05-13 17:12:41,1747156361.300035,buy,limit,83018762
103862.0,9.628e-05,2025-05-13 17:12:42,1747156362.1032524,sell,limit,83018763
103862.0,0.00247915,2025-05-13 17:12:42,1747156362.1032524,sell,limit,83018764
103862.1,5.055e-05,2025-05-13 17:12:42,1747156362.9501991,buy,limit,83018765
103873.0,5.054e-05,2025-05-13 17:12:42,1747156362.9501991,buy,limit,83018766
103884.0,5.054e-05,2025-05-13 17:12:42,1747156362.9501991,buy,limit,83018767
103891.2,0.00122219,2025-05-13 17:12:42,1747156362.9501991,buy,limit,83018768
103895.1,5.053e-05,2025-05-13 17:12:42,1747156362.9501991,buy,limit,83018769
103901.5,0.0032052,2025-05-13 17:12:42,1747156362.9501991,buy,limit,83018770
103901.5,0.001,2025-05-13 17:12:44,1747156364.8636973,buy,market,83018771
103901.4,0.00247387,2025-05-13 17:12:48,1747156368.7219772,sell,limit,83018772
103901.5,0.00070423,2025-05-13 17:13:05,1747156385.619605,buy,limit,83018773
103901.4,0.11119865,2025-05-13 17:13:09,1747156389.003267,sell,limit,83018774
103901.5,0.00471057,2025-05-13 17:13:09,1747156389.5398092,buy,limit,83018775
103901.5,0.01650611,2025-05-13 17:13:09,1747156389.5398092,buy,limit,83018776
103901.5,0.0032,2025-05-13 17:13:09,1747156389.5398092,buy,limit,83018777
103901.5,0.001,2025-05-13 17:13:09,1747156389.5398095,buy,limit,83018778
103901.5,0.01958332,2025-05-13 17:13:09,1747156389.5398095,buy,limit,83018779
103901.4,0.00114054,2025-05-13 17:13:21,1747156401.4938788,sell,limit,83018780
103901.5,0.00090142,2025-05-13 17:13:30,1747156410.9682407,buy,limit,83018781
103901.4,5e-05,2025-05-13 17:13:34,1747156414.1199732,sell,market,83018782
103901.5,0.00018196,2025-05-13 17:13:35,1747156415.7603724,buy,limit,83018783
103901.5,0.01086845,2025-05-13 17:13:41,1747156421.308287,buy,limit,83018784
103901.5,0.00182491,2025-05-13 17:13:41,1747156421.308287,buy,limit,83018785
103901.5,0.001,2025-05-13 17:13:42,1747156422.7583783,buy,market,83018786
103901.4,0.01919723,2025-05-13 17:13:52,1747156432.7567666,sell,market,83018788
103901.4,0.0001,2025-05-13 17:13:52,1747156432.7567666,sell,market,83018787
103901.5,0.00024943,2025-05-13 17:13:55,1747156435.1713305,buy,limit,83018789
103901.5,8.798e-05,2025-05-13 17:13:57,1747156437.3985798,buy,limit,83018790
103901.5,0.00474113,2025-05-13 17:13:59,1747156439.9727974,buy,limit,83018791
103901.5,0.00131153,2025-05-13 17:14:14,1747156454.6651802,buy,limit,83018792
103901.5,0.00040502,2025-05-13 17:14:15,1747156455.867311,buy,market,83018793
103901.5,7.62e-05,2025-05-13 17:14:15,1747156455.867311,buy,market,83018794
103901.5,0.0038306,2025-05-13 17:14:16,1747156456.9596496,buy,limit,83018795
103901.5,0.01259931,2025-05-13 17:14:21,1747156461.3740423,buy,market,83018796
103901.5,0.00185552,2025-05-13 17:14:21,1747156461.3740423,buy,market,83018797
103901.4,0.000463,2025-05-13 17:14:40,1747156480.2903743,sell,market,83018798
103901.4,9.63e-05,2025-05-13 17:14:42,1747156482.0240383,sell,market,83018799
103901.5,9.624e-05,2025-05-13 17:14:43,1747156483.218363,buy,limit,83018800
103901.5,0.0022512,2025-05-13 17:14:43,1747156483.2183633,buy,limit,83018801
103901.5,0.11568924,2025-05-13 17:14:45,1747156485.9374332,buy,market,83018802
103901.5,0.00180518,2025-05-13 17:14:48,1747156488.4844303,buy,limit,83018803
103901.4,0.00015013,2025-05-13 17:14:55,1747156495.22519,sell,limit,83018804
103901.4,9.334e-05,2025-05-13 17:15:02,1747156502.070528,sell,market,83018805
103901.4,7.078e-05,2025-05-13 17:15:02,1747156502.070528,sell,market,83018806
103901.5,9.39e-05,2025-05-13 17:15:30,1747156530.396976,buy,limit,83018807
103901.5,0.00028447,2025-05-13 17:15:33,1747156533.7497897,buy,limit,83018808
103901.5,0.00144163,2025-05-13 17:15:59,1747156559.6193132,buy,limit,83018809
103901.5,0.001,2025-05-13 17:15:59,1747156559.6193132,buy,limit,83018810
103901.5,0.0006742,2025-05-13 17:15:59,1747156559.6193132,buy,limit,83018811
103901.5,0.00025,2025-05-13 17:15:59,1747156559.6193132,buy,limit,83018812
103901.5,9e-05,2025-05-13 17:15:59,1747156559.6193132,buy,limit,83018813
103901.5,0.00474,2025-05-13 17:15:59,1747156559.6193132,buy,limit,83018814
103901.5,0.00172,2025-05-13 17:15:59,1747156559.6193132,buy,limit,83018815
103901.5,0.01267592,2025-05-13 17:15:59,1747156559.6193132,buy,limit,83018816
103901.4,0.00092922,2025-05-13 17:16:02,1747156562.860751,sell,market,83018817
103901.4,7.478e-05,2025-05-13 17:16:02,1747156562.860751,sell,market,83018818
103901.5,0.01251614,2025-05-13 17:16:04,1747156564.8470287,buy,market,83018821
103901.5,0.00028,2025-05-13 17:16:04,1747156564.8470287,buy,market,83018820
103901.5,9e-05,2025-05-13 17:16:04,1747156564.8470287,buy,market,83018819
103901.5,5.774e-05,2025-05-13 17:16:12,1747156572.9997795,buy,limit,83018822
103901.5,0.00919226,2025-05-13 17:16:24,1747156584.5878127,buy,market,83018823
103901.5,0.01650611,2025-05-13 17:16:24,1747156584.5878127,buy,market,83018824
103901.5,0.00037,2025-05-13 17:16:24,1747156584.5878127,buy,market,83018825
103901.5,5e-05,2025-05-13 17:16:24,1747156584.5878127,buy,market,83018826
103901.5,5e-05,2025-05-13 17:16:24,1747156584.5878127,buy,market,83018827
103901.5,5e-05,2025-05-13 17:16:24,1747156584.5878127,buy,market,83018828
103901.6,0.06052939,2025-05-13 17:16:24,1747156584.5878127,buy,market,83018829
103901.5,0.000114,2025-05-13 17:16:25,1747156585.3673697,sell,market,83018830
103901.6,0.00048111,2025-05-13 17:16:45,1747156605.592462,buy,limit,83018831
103901.6,0.00078583,2025-05-13 17:17:01,1747156621.1315708,buy,market,83018832
103901.6,0.00437057,2025-05-13 17:17:02,1747156622.99817,buy,market,83018833
103901.5,0.00479376,2025-05-13 17:17:17,1747156637.3321927,sell,limit,83018834
103901.6,0.00094823,2025-05-13 17:17:24,1747156644.0446072,buy,limit,83018835
103901.6,0.00693531,2025-05-13 17:17:30,1747156650.6276257,buy,market,83018836
103901.5,0.000457,2025-05-13 17:17:52,1747156672.3574402,sell,limit,83018837
103901.5,0.0001,2025-05-13 17:17:52,1747156672.3574402,sell,limit,83018838
103901.5,0.0001,2025-05-13 17:17:52,1747156672.3574402,sell,limit,83018839
103901.5,0.00463647,2025-05-13 17:17:52,1747156672.3574402,sell,limit,83018840
103901.6,0.00094823,2025-05-13 17:17:53,1747156673.150976,buy,limit,83018841
103901.5,0.00029862,2025-05-13 17:17:59,1747156679.6360707,sell,limit,83018842
103901.6,0.00836912,2025-05-13 17:18:03,1747156683.7716377,buy,market,83018843
103901.5,0.00468491,2025-05-13 17:18:04,1747156684.776453,sell,market,83018844
103901.5,0.001,2025-05-13 17:18:04,1747156684.776453,sell,market,83018845
103901.5,0.00231445,2025-05-13 17:18:04,1747156684.776453,sell,market,83018846
103901.5,0.000353,2025-05-13 17:18:11,1747156691.508718,sell,limit,83018847
103901.6,0.14454964,2025-05-13 17:18:12,1747156692.7805932,buy,market,83018848
103901.5,0.00015189,2025-05-13 17:18:20,1747156700.2183797,sell,limit,83018849
103901.6,0.00023003,2025-05-13 17:18:26,1747156706.0397408,buy,market,83018850
103901.5,0.04477328,2025-05-13 17:18:32,1747156712.8711166,sell,market,83018851
103901.5,0.015522,2025-05-13 17:18:49,1747156729.9159665,sell,market,83018852
103901.5,0.000172,2025-05-13 17:18:58,1747156738.9862442,sell,market,83018853
103901.5,0.000347,2025-05-13 17:18:59,1747156739.5563293,sell,market,83018854
103901.6,0.00024061,2025-05-13 17:18:59,1747156739.9758048,buy,limit,83018855
103901.6,0.00039302,2025-05-13 17:19:00,1747156740.3926613,buy,limit,83018856
103901.6,0.0015764,2025-05-13 17:19:15,1747156755.1130288,buy,market,83018857
103901.6,0.00049465,2025-05-13 17:19:23,1747156763.3405676,buy,limit,83018858
103901.6,0.00026919,2025-05-13 17:19:24,1747156764.2227314,buy,limit,83018859
103901.6,0.00771884,2025-05-13 17:19:38,1747156778.4393992,buy,limit,83018860
103901.5,0.000745,2025-05-13 17:19:47,1747156787.3042283,sell,market,83018861
103901.5,0.001,2025-05-13 17:19:50,1747156790.3642025,sell,market,83018862
103901.5,0.02,2025-05-13 17:19:57,1747156797.1208868,sell,limit,83018863
103901.6,4.741e-05,2025-05-13 17:20:00,1747156800.037463,buy,limit,83018864
103901.6,0.0006933,2025-05-13 17:20:04,1747156804.6692314,buy,market,83018865
103901.6,0.01194194,2025-05-13 17:20:16,1747156816.27213,buy,market,83018872
103901.6,0.2501,2025-05-13 17:20:16,1747156816.27213,buy,market,83018871
103901.6,0.38,2025-05-13 17:20:16,1747156816.27213,buy,market,83018870
103901.6,0.05888659,2025-05-13 17:20:16,1747156816.27213,buy,market,83018868
103901.6,0.01650611,2025-05-13 17:20:16,1747156816.27213,buy,market,83018867
103901.6,0.26041912,2025-05-13 17:20:16,1747156816.27213,buy,market,83018866
103901.6,9.624e-05,2025-05-13 17:20:16,1747156816.27213,buy,market,83018869
103901.5,0.00018889,2025-05-13 17:20:26,1747156826.5530317,sell,limit,83018873
103901.5,0.01166396,2025-05-13 17:20:45,1747156845.633498,sell,limit,83018874
103901.6,0.00331879,2025-05-13 17:20:48,1747156848.4271157,buy,limit,83018875
103901.6,0.00144367,2025-05-13 17:20:55,1747156855.559995,buy,market,83018876
103901.6,0.00085331,2025-05-13 17:20:56,1747156856.4769938,buy,market,83018877
103901.6,0.00194207,2025-05-13 17:21:02,1747156862.6435356,buy,market,83018878
103901.6,0.00044949,2025-05-13 17:21:08,1747156868.5322502,buy,limit,83018879
103901.5,0.01256532,2025-05-13 17:21:13,1747156873.1649826,sell,limit,83018880
103901.6,0.00047411,2025-05-13 17:21:31,1747156891.0413609,buy,limit,83018881
103901.6,4.741e-05,2025-05-13 17:21:33,1747156893.0416174,buy,limit,83018882
103901.5,0.00076896,2025-05-13 17:21:46,1747156906.803275,sell,limit,83018883
103901.6,9.624e-05,2025-05-13 17:21:53,1747156913.9423938,buy,market,83018885
103901.6,0.00612652,2025-05-13 17:21:53,1747156913.9423938,buy,market,83018886
103901.6,0.01598459,2025-05-13 17:21:53,1747156913.9423938,buy,market,83018884
103901.6,0.00199085,2025-05-13 17:22:01,1747156921.7721822,buy,market,83018887
103901.6,5e-05,2025-05-13 17:22:03,1747156923.1135452,buy,market,83018888
103901.5,0.02465557,2025-05-13 17:22:04,1747156924.2113888,sell,limit,83018889
103901.6,6.602e-05,2025-05-13 17:22:08,1747156928.5116954,buy,limit,83018890
103901.6,0.00023474,2025-05-13 17:22:22,1747156942.1018922,buy,limit,83018891
103901.5,0.00577145,2025-05-13 17:22:26,1747156946.4183836,sell,limit,83018892
103901.6,8.439e-05,2025-05-13 17:22:29,1747156949.8928165,buy,limit,83018893
103901.5,3.946e-05,2025-05-13 17:22:43,1747156963.8062668,sell,limit,83018894
103901.6,0.00048122,2025-05-13 17:22:43,1747156963.9681966,buy,market,83018895
103901.6,5e-05,2025-05-13 17:22:48,1747156968.0135832,buy,market,83018896
103901.6,4.788e-05,2025-05-13 17:22:54,1747156974.0399408,buy,limit,83018897
103901.6,0.00457554,2025-05-13 17:23:01,1747156981.3224165,buy,market,83018898
103901.6,5e-05,2025-05-13 17:23:03,1747156983.113974,buy,market,83018899
103901.6,0.00570934,2025-05-13 17:23:07,1747156987.9104054,buy,market,83018900
103901.6,0.001,2025-05-13 17:23:15,1747156995.1891332,buy,market,83018901
103901.5,0.00102699,2025-05-13 17:23:20,1747157000.293388,sell,market,83018902
103901.5,1.675e-05,2025-05-13 17:23:25,1747157005.993077,sell,limit,83018903
103901.6,0.00060094,2025-05-13 17:23:27,1747157007.1385145,buy,market,83018904
103901.6,0.00130763,2025-05-13 17:23:36,1747157016.3498826,buy,limit,83018905
103901.6,0.01650611,2025-05-13 17:23:36,1747157016.3498826,buy,limit,83018906
103906.0,5.053e-05,2025-05-13 17:23:36,1747157016.3498826,buy,limit,83018907
103909.8,9.624e-05,2025-05-13 17:23:36,1747157016.3498826,buy,limit,83018908
103909.9,0.03317747,2025-05-13 17:23:36,1747157016.3498828,buy,limit,83018909
103910.0,0.01448156,2025-05-13 17:23:36,1747157016.3498828,buy,limit,83018910
103910.0,0.07872226,2025-05-13 17:23:36,1747157016.3498828,buy,limit,83018911
103917.0,0.00966977,2025-05-13 17:23:37,1747157017.356182,sell,limit,83018912
103917.1,5.052e-05,2025-05-13 17:23:37,1747157017.6550894,buy,limit,83018913
103917.1,8.2e-05,2025-05-13 17:23:37,1747157017.6550894,buy,limit,83018914
103917.1,9.624e-05,2025-05-13 17:23:38,1747157018.2647443,buy,limit,83018915
103919.7,0.00693668,2025-05-13 17:23:38,1747157018.2647443,buy,limit,83018916
103919.7,0.00056338,2025-05-13 17:23:43,1747157023.0853693,buy,limit,83018917
103919.7,0.0184,2025-05-13 17:23:48,1747157028.3683417,buy,limit,83018918
103919.7,0.0018,2025-05-13 17:23:49,1747157029.4226563,buy,limit,83018919
103919.7,0.0002,2025-05-13 17:23:50,1747157030.7903218,buy,limit,83018920
103919.7,0.00142209,2025-05-13 17:23:56,1747157036.042756,buy,limit,83018921
103919.7,8.972e-05,2025-05-13 17:23:58,1747157038.4881241,buy,limit,83018922
103919.7,5e-05,2025-05-13 17:24:03,1747157043.1017003,buy,market,83018923
103928.0,5.052e-05,2025-05-13 17:24:03,1747157043.8256905,buy,market,83018924
103939.1,5.051e-05,2025-05-13 17:24:03,1747157043.8256905,buy,market,83018925
103946.5,9.623e-05,2025-05-13 17:24:03,1747157043.8256905,buy,market,83018926
103950.0,5.051e-05,2025-05-13 17:24:03,1747157043.8256905,buy,market,83018927
103951.1,0.00733826,2025-05-13 17:24:03,1747157043.8256905,buy,market,83018928
103951.1,0.00028183,2025-05-13 17:24:03,1747157043.8413148,buy,limit,83018929
103951.1,0.0314,2025-05-13 17:24:08,1747157048.5620375,buy,limit,83018930
103951.1,0.02334752,2025-05-13 17:24:08,1747157048.8452377,buy,market,83018931
103951.1,0.003,2025-05-13 17:24:10,1747157050.290159,buy,limit,83018933
103951.1,0.01650611,2025-05-13 17:24:10,1747157050.290159,buy,limit,83018932
103961.0,5.05e-05,2025-05-13 17:24:11,1747157051.139312,buy,limit,83018934
103972.1,5.049e-05,2025-05-13 17:24:11,1747157051.139312,buy,limit,83018935
103972.2,9.62e-05,2025-05-13 17:24:11,1747157051.139312,buy,limit,83018936
103972.3,0.00205982,2025-05-13 17:24:11,1747157051.1393123,buy,limit,83018937
103972.3,0.01449389,2025-05-13 17:24:20,1747157060.7348711,buy,limit,83018938
103976.3,0.00259554,2025-05-13 17:24:26,1747157066.630148,buy,market,83018939
103976.3,0.01381187,2025-05-13 17:24:43,1747157083.1222348,buy,limit,83018940
103976.3,9.617e-05,2025-05-13 17:24:52,1747157092.7368834,buy,market,83018941
103976.3,0.00047611,2025-05-13 17:24:52,1747157092.7368834,buy,market,83018942
103976.3,5e-05,2025-05-13 17:25:03,1747157103.1049478,buy,market,83018943
103976.8,0.388325,2025-05-13 17:25:04,1747157104.456037,buy,market,83018947
103976.3,0.01598,2025-05-13 17:25:04,1747157104.456037,buy,market,83018944
103976.3,0.346103,2025-05-13 17:25:04,1747157104.456037,buy,market,83018945
103976.5,0.249592,2025-05-13 17:25:04,1747157104.456037,buy,market,83018946
103983.0,9.618e-05,2025-05-13 17:25:08,1747157108.6328669,buy,limit,83018949
103983.0,0.01515333,2025-05-13 17:25:08,1747157108.6328669,buy,limit,83018950
103983.0,5.049e-05,2025-05-13 17:25:08,1747157108.6328669,buy,limit,83018948
103983.0,0.08010328,2025-05-13 17:25:10,1747157110.2214253,buy,market,83018952
103983.0,9.618e-05,2025-05-13 17:25:10,1747157110.2214253,buy,market,83018951
103983.0,0.00956815,2025-05-13 17:25:17,1747157117.0495994,buy,limit,83018953
103983.0,9.47e-06,2025-05-13 17:25:23,1747157123.2673805,buy,limit,83018954
103983.0,0.00028233,2025-05-13 17:25:38,1747157138.482051,buy,limit,83018955
103983.0,0.00047374,2025-05-13 17:25:42,1747157142.0389922,buy,limit,83018956
103994.1,5.048e-05,2025-05-13 17:25:52,1747157152.572785,buy,limit,83018957
103994.1,0.00039866,2025-05-13 17:25:52,1747157152.572785,buy,limit,83018958
103994.0,0.00019221,2025-05-13 17:25:54,1747157154.558038,sell,market,83018959
103994.0,7.629e-05,2025-05-13 17:25:54,1747157154.558038,sell,market,83018960
103997.1,5e-05,2025-05-13 17:26:03,1747157163.0982292,buy,market,83018961
103997.1,5e-05,2025-05-13 17:26:04,1747157164.363357,buy,market,83018962
103997.1,6.539e-05,2025-05-13 17:26:04,1747157164.363357,buy,market,83018963
103997.1,0.00129355,2025-05-13 17:26:04,1747157164.88936,buy,market,83018964
104035.7,0.01171444,2025-05-13 17:26:07,1747157167.4029539,buy,market,83018977
104035.6,9.615e-05,2025-05-13 17:26:07,1747157167.4029539,buy,market,83018976
104027.0,5.047e-05,2025-05-13 17:26:07,1747157167.4029539,buy,market,83018975
104016.1,5.047e-05,2025-05-13 17:26:07,1747157167.4029539,buy,market,83018974
104010.4,0.0273062,2025-05-13 17:26:07,1747157167.4029539,buy,market,83018973
104004.9,5.048e-05,2025-05-13 17:26:07,1747157167.4029539,buy,market,83018972
104000.0,0.01974332,2025-05-13 17:26:07,1747157167.4029539,buy,market,83018969
104000.0,0.00124065,2025-05-13 17:26:07,1747157167.4029539,buy,market,83018970
104000.0,0.05,2025-05-13 17:26:07,1747157167.4029539,buy,market,83018968
104000.0,0.19230769,2025-05-13 17:26:07,1747157167.4029539,buy,market,83018967
104000.0,0.15,2025-05-13 17:26:07,1747157167.4029539,buy,market,83018966
103997.1,0.01514717,2025-05-13 17:26:07,1747157167.4029539,buy,market,83018965
104002.5,0.00961,2025-05-13 17:26:07,1747157167.4029539,buy,market,83018971
104034.3,9.615e-05,2025-05-13 17:26:19,1747157179.8121693,buy,market,83018978
104034.3,0.01650611,2025-05-13 17:26:19,1747157179.8121693,buy,market,83018979
104034.3,0.01339774,2025-05-13 17:26:19,1747157179.8121693,buy,market,83018980
104034.3,0.00412575,2025-05-13 17:26:35,1747157195.6622171,buy,market,83018981
104034.3,0.02369712,2025-05-13 17:26:38,1747157198.9107153,buy,market,83018982
104034.3,0.01242246,2025-05-13 17:26:38,1747157198.9107153,buy,market,83018983
104034.3,0.00371993,2025-05-13 17:26:40,1747157200.721525,buy,market,83018984
104034.2,0.001,2025-05-13 17:26:41,1747157201.7138257,sell,limit,83018987
104034.2,0.0001,2025-05-13 17:26:41,1747157201.7138257,sell,limit,83018985
104034.2,0.0001,2025-05-13 17:26:41,1747157201.7138257,sell,limit,83018986
104023.9,0.00013213,2025-05-13 17:26:41,1747157201.713826,sell,limit,83018988
104016.0,5.047e-05,2025-05-13 17:26:41,1747157201.713826,sell,limit,83018989
104005.0,5.047e-05,2025-05-13 17:26:41,1747157201.713826,sell,limit,83018990
104003.3,0.00203228,2025-05-13 17:26:41,1747157201.713826,sell,limit,83018991
104003.4,0.00096907,2025-05-13 17:27:01,1747157221.7912974,buy,market,83018992
104003.4,0.01553704,2025-05-13 17:27:02,1747157222.2737002,buy,limit,83018993
104003.4,9.613e-05,2025-05-13 17:27:02,1747157222.2737002,buy,limit,83018994
104003.4,0.03161533,2025-05-13 17:27:02,1747157222.2737002,buy,limit,83018995
104003.4,5e-05,2025-05-13 17:27:03,1747157223.0964265,buy,market,83018996
104003.3,0.0001,2025-05-13 17:27:07,1747157227.2964034,sell,limit,83018997
104003.3,0.0001,2025-05-13 17:27:07,1747157227.2964034,sell,limit,83018998
104003.3,0.001,2025-05-13 17:27:07,1747157227.2964034,sell,limit,83018999
104002.5,0.0096,2025-05-13 17:27:08,1747157228.7753923,sell,limit,83019000
104002.5,1e-05,2025-05-13 17:27:08,1747157228.777401,sell,limit,83019001
104000.0,0.1172,2025-05-13 17:27:10,1747157230.1062226,sell,limit,83019002
104000.0,0.32598346,2025-05-13 17:27:10,1747157230.106312,sell,limit,83019003
103994.0,5.048e-05,2025-05-13 17:27:10,1747157230.1102977,sell,limit,83019004
103983.0,5.048e-05,2025-05-13 17:27:10,1747157230.169886,sell,limit,83019005
103972.0,5.049e-05,2025-05-13 17:27:11,1747157231.3804426,sell,limit,83019006
103961.0,5.049e-05,2025-05-13 17:27:13,1747157233.3074856,sell,market,83019007
103961.0,0.001,2025-05-13 17:27:13,1747157233.3074856,sell,market,83019008
103955.4,0.0001,2025-05-13 17:27:13,1747157233.3074856,sell,market,83019009
103950.0,5.05e-05,2025-05-13 17:27:13,1747157233.3074856,sell,market,83019010
103939.0,5.051e-05,2025-05-13 17:27:13,1747157233.3074856,sell,market,83019011
103928.0,5.051e-05,2025-05-13 17:27:13,1747157233.3074858,sell,market,83019012
103918.7,1.499e-05,2025-05-13 17:27:13,1747157233.3074858,sell,market,83019013
103918.7,0.000135,2025-05-13 17:27:14,1747157234.1870193,sell,market,83019014
103902.7,0.000865,2025-05-13 17:27:14,1747157234.1870193,sell,market,83019015
103901.5,0.12628123,2025-05-13 17:27:17,1747157237.8213193,sell,market,83019020
103902.7,5.052e-05,2025-05-13 17:27:17,1747157237.8213193,sell,market,83019019
103902.7,0.0001,2025-05-13 17:27:17,1747157237.8213193,sell,market,83019017
103902.7,5.052e-05,2025-05-13 17:27:17,1747157237.8213193,sell,market,83019018
103902.7,0.0001,2025-05-13 17:27:17,1747157237.8213193,sell,market,83019016
103901.6,0.00018761,2025-05-13 17:27:22,1747157242.775615,buy,limit,83019021
103901.5,0.00990099,2025-05-13 17:27:33,1747157253.5299313,sell,limit,83019022
103901.6,9.624e-05,2025-05-13 17:27:43,1747157263.5608335,buy,market,83019023
103901.6,0.00034013,2025-05-13 17:27:43,1747157263.5608335,buy,market,83019024
103901.5,0.09865113,2025-05-13 17:27:52,1747157272.8345919,sell,limit,83019025
103901.5,0.003693,2025-05-13 17:27:58,1747157278.417489,sell,market,83019026
103901.6,0.00309909,2025-05-13 17:27:59,1747157279.2341702,buy,market,83019027
103901.5,0.00510598,2025-05-13 17:28:01,1747157281.7182612,sell,limit,83019033
103901.5,0.00469,2025-05-13 17:28:01,1747157281.7182612,sell,limit,83019032
103901.5,0.0003,2025-05-13 17:28:01,1747157281.7182612,sell,limit,83019031
103901.5,0.62885315,2025-05-13 17:28:01,1747157281.7182612,sell,limit,83019034
103901.5,0.00463,2025-05-13 17:28:01,1747157281.7182612,sell,limit,83019029
103901.5,0.08618593,2025-05-13 17:28:01,1747157281.7182612,sell,limit,83019028
103901.5,0.00543197,2025-05-13 17:28:01,1747157281.7182612,sell,limit,83019030
103901.5,0.33359686,2025-05-13 17:28:01,1747157281.7213109,sell,limit,83019035
103901.5,0.001,2025-05-13 17:28:01,1747157281.721311,sell,limit,83019036
103901.5,0.0001,2025-05-13 17:28:01,1747157281.721311,sell,limit,83019037
103901.5,0.0001,2025-05-13 17:28:01,1747157281.721311,sell,limit,83019038
103901.5,0.05,2025-05-13 17:28:01,1747157281.721311,sell,limit,83019039
103901.5,0.00166839,2025-05-13 17:28:02,1747157282.7251794,buy,market,83019040
103901.5,0.11423724,2025-05-13 17:28:08,1747157288.8060956,buy,market,83019043
103901.5,0.0428791,2025-05-13 17:28:08,1747157288.8060956,buy,market,83019041
103901.5,0.01650611,2025-05-13 17:28:08,1747157288.8060956,buy,market,83019042
103901.5,0.01,2025-05-13 17:28:12,1747157292.9624147,buy,market,83019044
103901.4,9.624e-05,2025-05-13 17:28:27,1747157307.3190417,sell,market,83019045
103901.4,0.00240612,2025-05-13 17:28:27,1747157307.3190417,sell,market,83019046
103901.4,0.00162339,2025-05-13 17:28:27,1747157307.3190417,sell,market,83019047
103901.5,0.01444559,2025-05-13 17:28:35,1747157315.4757342,buy,market,83019048
103901.4,0.0001,2025-05-13 17:28:38,1747157318.322498,sell,limit,83019051
103901.4,0.00094256,2025-05-13 17:28:38,1747157318.322498,sell,limit,83019052
103901.4,0.0001,2025-05-13 17:28:38,1747157318.322498,sell,limit,83019050
103901.4,0.00655744,2025-05-13 17:28:38,1747157318.322498,sell,limit,83019049
103901.4,5.744e-05,2025-05-13 17:28:38,1747157318.3233938,sell,limit,83019053
103895.0,5.053e-05,2025-05-13 17:28:38,1747157318.3527262,sell,limit,83019054
103884.1,9.626e-05,2025-05-13 17:28:38,1747157318.3527262,sell,limit,83019055
103884.0,5.053e-05,2025-05-13 17:28:38,1747157318.3919444,sell,limit,83019056
103873.1,0.04336792,2025-05-13 17:28:48,1747157328.2296355,buy,market,83019057
103873.0,5.054e-05,2025-05-13 17:28:49,1747157329.2887547,sell,limit,83019058
103873.0,0.0001,2025-05-13 17:28:49,1747157329.2887547,sell,limit,83019059
103873.0,0.001,2025-05-13 17:28:49,1747157329.2887547,sell,limit,83019060
103873.0,0.0001,2025-05-13 17:28:49,1747157329.2887547,sell,limit,83019061
103862.1,0.00022363,2025-05-13 17:28:56,1747157336.2897003,buy,limit,83019062
103862.1,0.00096477,2025-05-13 17:29:02,1747157342.6066616,buy,market,83019063
103862.1,0.10843064,2025-05-13 17:29:08,1747157348.8322518,buy,market,83019064
103862.1,0.15653727,2025-05-13 17:29:09,1747157349.3726962,buy,market,83019065
103862.1,2.213e-05,2025-05-13 17:29:11,1747157351.3881953,buy,limit,83019066
103862.1,0.14193835,2025-05-13 17:29:15,1747157355.163933,buy,limit,83019067
103862.1,0.00038113,2025-05-13 17:29:15,1747157355.2113776,buy,limit,83019068
103862.1,0.00071569,2025-05-13 17:29:16,1747157356.1325266,buy,market,83019069
103862.1,0.00270997,2025-05-13 17:29:21,1747157361.971173,buy,limit,83019070
103862.1,0.00046967,2025-05-13 17:29:25,1747157365.6121747,buy,limit,83019071
103862.1,0.00018972,2025-05-13 17:29:31,1747157371.0354261,buy,limit,83019072
103862.1,0.01,2025-05-13 17:29:36,1747157376.6181846,buy,market,83019073
103862.1,0.01650611,2025-05-13 17:29:42,1747157382.9047112,buy,limit,83019074
103862.1,9.628e-05,2025-05-13 17:29:42,1747157382.9047112,buy,limit,83019075
103862.1,0.00238151,2025-05-13 17:29:42,1747157382.9047112,buy,limit,83019076
103862.0,5.054e-05,2025-05-13 17:29:44,1747157384.7231345,sell,limit,83019077
103862.0,0.0001,2025-05-13 17:29:44,1747157384.7231345,sell,limit,83019078
103862.0,0.001,2025-05-13 17:29:44,1747157384.7231348,sell,limit,83019080
103862.0,0.0001,2025-05-13 17:29:44,1747157384.7231348,sell,limit,83019079
103862.0,0.00171031,2025-05-13 17:29:44,1747157384.7231348,sell,limit,83019081
103862.1,0.00013594,2025-05-13 17:29:45,1747157385.3973022,buy,limit,83019082
103862.1,0.00228012,2025-05-13 17:29:51,1747157391.0546572,buy,limit,83019083
103862.1,0.0011055,2025-05-13 17:29:58,1747157398.5224378,buy,market,83019084
103862.1,4.801e-05,2025-05-13 17:30:02,1747157402.4509509,buy,limit,83019085
103862.1,0.00071646,2025-05-13 17:30:04,1747157404.1071122,buy,market,83019086
103862.1,0.00045409,2025-05-13 17:30:15,1747157415.941714,buy,limit,83019087
103862.1,8.888e-05,2025-05-13 17:30:24,1747157424.4706063,buy,limit,83019088
103862.1,8.802e-05,2025-05-13 17:30:24,1747157424.5244148,buy,limit,83019089
103862.1,0.00569348,2025-05-13 17:30:25,1747157425.6666527,buy,limit,83019090
103862.0,0.0001,2025-05-13 17:30:26,1747157426.0772226,sell,limit,83019091
103862.0,0.0001,2025-05-13 17:30:26,1747157426.0772226,sell,limit,83019092
103862.0,3.099e-05,2025-05-13 17:30:26,1747157426.0772226,sell,limit,83019093
103862.1,0.00038415,2025-05-13 17:30:26,1747157426.6864326,buy,limit,83019094
103862.0,0.0007971,2025-05-13 17:30:31,1747157431.1121101,sell,limit,83019095
103862.1,6.316e-05,2025-05-13 17:30:31,1747157431.628311,buy,market,83019096
103862.1,0.01084693,2025-05-13 17:30:36,1747157436.2745576,buy,limit,83019097
103862.1,0.00915307,2025-05-13 17:30:38,1747157438.5892775,buy,limit,83019098
103862.1,9.628e-05,2025-05-13 17:30:38,1747157438.5892775,buy,limit,83019099
103862.1,0.00365065,2025-05-13 17:30:38,1747157438.5892775,buy,limit,83019100
103862.1,0.01285546,2025-05-13 17:30:44,1747157444.0167034,buy,market,83019101
103862.1,0.00192,2025-05-13 17:30:44,1747157444.0167034,buy,market,83019102
103872.3,0.00044297,2025-05-13 17:30:44,1747157444.0167034,buy,market,83019103
103873.1,5.054e-05,2025-05-13 17:30:44,1747157444.0167034,buy,market,83019104
103880.7,9.628e-05,2025-05-13 17:30:44,1747157444.0167034,buy,market,83019105
103880.8,1.03873475,2025-05-13 17:30:44,1747157444.0167034,buy,market,83019106
103881.7,4.697e-05,2025-05-13 17:30:44,1747157444.5298476,buy,limit,83019107
103881.7,0.00155243,2025-05-13 17:30:50,1747157450.58028,buy,limit,83019108
103881.7,0.00187866,2025-05-13 17:30:50,1747157450.9237251,buy,limit,83019109
103881.7,0.00164352,2025-05-13 17:31:01,1747157461.9725437,buy,limit,83019110
103881.7,0.00069821,2025-05-13 17:31:04,1747157464.0035748,buy,market,83019111
103881.7,0.00288735,2025-05-13 17:31:04,1747157464.2060316,buy,limit,83019112
103881.7,0.00722459,2025-05-13 17:31:06,1747157466.114023,buy,market,83019113
103881.7,0.00470516,2025-05-13 17:31:09,1747157469.0801265,buy,limit,83019114
103881.7,0.00234789,2025-05-13 17:31:11,1747157471.733877,buy,limit,83019115
103881.6,8.755e-05,2025-05-13 17:31:23,1747157483.4654663,sell,limit,83019116
103881.6,1.245e-05,2025-05-13 17:31:25,1747157485.5074909,sell,limit,83019117
103881.6,0.0001,2025-05-13 17:31:25,1747157485.5074909,sell,limit,83019118
103881.6,0.0002865,2025-05-13 17:31:25,1747157485.5074909,sell,limit,83019119
103881.6,0.0001,2025-05-13 17:31:28,1747157488.8914618,sell,limit,83019120
103881.6,0.0001,2025-05-13 17:31:28,1747157488.8914618,sell,limit,83019121
103866.9,0.01773352,2025-05-13 17:31:28,1747157488.8914618,sell,limit,83019122
103867.0,1.529e-05,2025-05-13 17:31:36,1747157496.8453863,buy,limit,83019123
103867.0,8.801e-05,2025-05-13 17:31:44,1747157504.9192166,buy,limit,83019124
103867.0,9.39e-06,2025-05-13 17:31:51,1747157511.6798592,buy,limit,83019125
103866.9,0.0001,2025-05-13 17:31:54,1747157514.3937995,sell,market,83019128
103862.0,0.00168735,2025-05-13 17:31:54,1747157514.3937995,sell,market,83019129
103866.9,0.001,2025-05-13 17:31:54,1747157514.3937995,sell,market,83019126
103866.9,0.0001,2025-05-13 17:31:54,1747157514.3937995,sell,market,83019127
103862.1,0.00187858,2025-05-13 17:31:54,1747157514.9106295,buy,limit,83019130
103862.1,0.00096277,2025-05-13 17:31:59,1747157519.7069488,buy,limit,83019131
103862.1,0.00884633,2025-05-13 17:32:01,1747157521.6303737,buy,market,83019132
103862.1,9.628e-05,2025-05-13 17:32:04,1747157524.4929483,buy,market,83019133
103862.1,0.00235745,2025-05-13 17:32:04,1747157524.4929483,buy,market,83019134
103862.1,0.00028458,2025-05-13 17:32:05,1747157525.3959754,buy,limit,83019135
103862.1,9.58e-05,2025-05-13 17:32:15,1747157535.633987,buy,limit,83019136
103862.0,0.00966684,2025-05-13 17:32:24,1747157544.1377056,sell,market,83019137
103862.0,0.01527155,2025-05-13 17:32:24,1747157544.3776116,sell,limit,83019138
103862.0,9.89e-06,2025-05-13 17:32:33,1747157553.4190989,sell,limit,83019139
103862.1,0.02601456,2025-05-13 17:32:40,1747157560.1017263,buy,limit,83019140
103862.1,0.06794704,2025-05-13 17:32:40,1747157560.1017263,buy,limit,83019141
103862.1,3.757e-05,2025-05-13 17:32:43,1747157563.0989518,buy,limit,83019142
103862.1,0.00027794,2025-05-13 17:32:48,1747157568.333485,buy,limit,83019143
103862.1,0.0001024,2025-05-13 17:33:01,1747157581.4835932,buy,limit,83019145
103862.1,0.00018075,2025-05-13 17:33:01,1747157581.4835932,buy,limit,83019146
103862.1,9.628e-05,2025-05-13 17:33:01,1747157581.4835932,buy,limit,83019144
103862.1,0.00018787,2025-05-13 17:33:01,1747157581.769223,buy,limit,83019147
103862.1,0.01613749,2025-05-13 17:33:03,1747157583.7495096,buy,limit,83019148
103862.1,0.0304603,2025-05-13 17:33:03,1747157583.7495096,buy,limit,83019149
103862.0,0.02888448,2025-05-13 17:33:12,1747157592.4239352,sell,market,83019150
103862.0,0.00482811,2025-05-13 17:33:15,1747157595.3047209,sell,market,83019151
103862.1,0.03738615,2025-05-13 17:33:25,1747157605.4221058,buy,limit,83019152
103862.1,0.00047429,2025-05-13 17:33:36,1747157616.0365133,buy,limit,83019153
103862.1,0.00413306,2025-05-13 17:33:50,1747157630.5347981,buy,limit,83019154
103862.1,0.00462785,2025-05-13 17:33:54,1747157634.860033,buy,market,83019155
103862.1,0.00045409,2025-05-13 17:33:55,1747157635.9323997,buy,limit,83019156
103862.1,0.00451819,2025-05-13 17:33:56,1747157636.4383278,buy,limit,83019157
103862.1,0.0015321,2025-05-13 17:34:01,1747157641.1965466,buy,market,83019158
103862.0,0.00011493,2025-05-13 17:34:02,1747157642.463639,sell,market,83019159
103862.1,0.00018972,2025-05-13 17:34:05,1747157645.2703133,buy,limit,83019160
103862.0,0.00019615,2025-05-13 17:34:05,1747157645.7528841,sell,limit,83019161
103862.0,9.628e-05,2025-05-13 17:34:13,1747157653.3891375,sell,market,83019162
103862.0,0.000583,2025-05-13 17:34:17,1747157657.2548697,sell,limit,83019163
103862.1,0.00270528,2025-05-13 17:34:26,1747157666.7799063,buy,limit,83019164
103862.1,0.00365968,2025-05-13 17:34:26,1747157666.9436505,buy,limit,83019165
103862.1,8.888e-05,2025-05-13 17:34:30,1747157670.4630003,buy,limit,83019166
103862.0,0.000302,2025-05-13 17:34:42,1747157682.4557135,sell,limit,83019167
103862.1,0.01071339,2025-05-13 17:34:45,1747157685.7507668,buy,limit,83019168
103862.0,0.037766,2025-05-13 17:34:52,1747157692.6474915,sell,market,83019169
103862.1,9.37e-06,2025-05-13 17:34:53,1747157693.871874,buy,limit,83019170
103862.1,0.0021488,2025-05-13 17:35:02,1747157702.7475913,buy,limit,83019171
103862.1,0.0010087,2025-05-13 17:35:03,1747157703.3226829,buy,market,83019172
103862.1,9.628e-05,2025-05-13 17:35:05,1747157705.0011222,buy,market,83019173
103862.1,0.00428015,2025-05-13 17:35:05,1747157705.0011222,buy,market,83019174
103862.0,0.00011553,2025-05-13 17:35:06,1747157706.7050576,sell,market,83019175
103862.1,0.05714681,2025-05-13 17:35:11,1747157711.4050617,buy,limit,83019178
103862.1,0.01650611,2025-05-13 17:35:11,1747157711.4050617,buy,limit,83019177
103862.1,0.01171985,2025-05-13 17:35:11,1747157711.4050617,buy,limit,83019176
103862.1,0.00027419,2025-05-13 17:35:13,1747157713.612132,buy,limit,83019179
103862.0,0.000227,2025-05-13 17:35:13,1747157713.9615276,sell,limit,83019180
103862.0,0.012392,2025-05-13 17:35:14,1747157714.2369764,sell,market,83019181
103862.1,0.00559516,2025-05-13 17:35:16,1747157716.6650753,buy,market,83019182
103862.0,0.000192,2025-05-13 17:35:18,1747157718.738033,sell,limit,83019183
103862.1,0.00091064,2025-05-13 17:35:25,1747157725.3500247,buy,limit,83019184
103862.0,0.00342955,2025-05-13 17:35:30,1747157730.3551753,sell,limit,83019185
103862.0,0.000481,2025-05-13 17:35:32,1747157732.4607213,sell,limit,83019186
103862.1,0.0129,2025-05-13 17:35:38,1747157738.5990963,buy,limit,83019187
103874.5,0.00031769,2025-05-13 17:35:46,1747157746.3993587,buy,market,83019188
103874.5,0.0129,2025-05-13 17:35:50,1747157750.5318449,buy,limit,83019189
103862.0,0.71705168,2025-05-13 17:35:51,1747157751.0755613,sell,limit,83019194
103874.4,0.001,2025-05-13 17:35:51,1747157751.0755613,sell,limit,83019193
103874.4,0.0001,2025-05-13 17:35:51,1747157751.0755613,sell,limit,83019192
103874.4,0.0001,2025-05-13 17:35:51,1747157751.0755613,sell,limit,83019191
103874.4,0.00549924,2025-05-13 17:35:51,1747157751.0755613,sell,limit,83019190
103862.0,0.00010294,2025-05-13 17:35:51,1747157751.1750813,sell,limit,83019195
103862.1,9.49e-06,2025-05-13 17:35:53,1747157753.0419755,buy,limit,83019196
103862.0,0.00021095,2025-05-13 17:35:54,1747157754.231764,sell,limit,83019197
103862.0,0.00763554,2025-05-13 17:35:56,1747157756.8531168,sell,market,83019198
103862.0,0.07238219,2025-05-13 17:35:56,1747157756.9062433,sell,limit,83019199
103862.0,9.629e-05,2025-05-13 17:35:56,1747157756.9342964,sell,limit,83019200
103862.0,0.001,2025-05-13 17:35:57,1747157757.13278,sell,limit,83019201
103862.0,0.001,2025-05-13 17:35:57,1747157757.1329503,sell,limit,83019202
103862.0,0.001,2025-05-13 17:35:57,1747157757.1387677,sell,limit,83019203
103862.0,9.629e-05,2025-05-13 17:35:57,1747157757.1398158,sell,limit,83019204
103862.0,0.001,2025-05-13 17:35:57,1747157757.140766,sell,limit,83019205
103862.0,0.001,2025-05-13 17:35:57,1747157757.1711648,sell,limit,83019212
103862.0,0.0001,2025-05-13 17:35:57,1747157757.1711648,sell,limit,83019211
103850.0,0.19797829,2025-05-13 17:35:57,1747157757.1711648,sell,limit,83019214
103862.0,0.0001,2025-05-13 17:35:57,1747157757.1711648,sell,limit,83019210
103851.0,5.055e-05,2025-05-13 17:35:57,1747157757.1711648,sell,limit,83019213
103862.0,0.00011457,2025-05-13 17:35:57,1747157757.1711648,sell,limit,83019208
103862.0,5.054e-05,2025-05-13 17:35:57,1747157757.1711648,sell,limit,83019207
103862.0,0.00096281,2025-05-13 17:35:57,1747157757.1711648,sell,limit,83019209
103862.0,0.04404324,2025-05-13 17:35:57,1747157757.1711648,sell,limit,83019206
103850.0,0.06202171,2025-05-13 17:35:57,1747157757.1717873,sell,limit,83019215
103840.0,5.055e-05,2025-05-13 17:35:57,1747157757.2060688,sell,limit,83019216
103829.0,5.056e-05,2025-05-13 17:35:57,1747157757.2060688,sell,limit,83019217
103826.1,0.00076747,2025-05-13 17:36:01,1747157761.6015253,buy,market,83019218
103826.1,0.00035911,2025-05-13 17:36:01,1747157761.7810082,buy,market,83019219
103826.1,0.00031784,2025-05-13 17:36:03,1747157763.6133726,buy,market,83019220
103826.0,0.00454546,2025-05-13 17:36:08,1747157768.1224205,sell,limit,83019221
103826.1,0.00090175,2025-05-13 17:36:12,1747157772.1256561,buy,limit,83019222
103826.0,0.00079677,2025-05-13 17:36:15,1747157775.3481433,sell,limit,83019223
103826.0,0.00032884,2025-05-13 17:36:15,1747157775.6713953,sell,limit,83019228
103826.0,0.0001,2025-05-13 17:36:15,1747157775.6713953,sell,limit,83019226
103826.0,0.001,2025-05-13 17:36:15,1747157775.6713953,sell,limit,83019227
103826.0,0.00066777,2025-05-13 17:36:15,1747157775.6713953,sell,limit,83019224
103826.0,0.0001,2025-05-13 17:36:15,1747157775.6713953,sell,limit,83019225
103826.0,0.00079836,2025-05-13 17:36:15,1747157775.9428492,sell,limit,83019229
103826.0,0.00079995,2025-05-13 17:36:16,1747157776.0257764,sell,limit,83019230
103826.0,0.0003054,2025-05-13 17:36:16,1747157776.0386224,sell,limit,83019231
103826.0,0.00080216,2025-05-13 17:36:16,1747157776.0502496,sell,limit,83019232
103826.0,0.00080378,2025-05-13 17:36:16,1747157776.0609884,sell,limit,83019233
103826.0,0.00080538,2025-05-13 17:36:16,1747157776.0703824,sell,limit,83019234
103826.0,0.00080699,2025-05-13 17:36:16,1747157776.080391,sell,limit,83019235
103826.0,0.00080859,2025-05-13 17:36:16,1747157776.0904388,sell,limit,83019236
103826.0,0.0008102,2025-05-13 17:36:16,1747157776.1021707,sell,limit,83019237
103826.0,0.00029515,2025-05-13 17:36:16,1747157776.11407,sell,limit,83019238
103826.0,0.00081242,2025-05-13 17:36:16,1747157776.1234555,sell,limit,83019239
103826.0,0.00081406,2025-05-13 17:36:16,1747157776.134558,sell,limit,83019240
103826.0,0.00081568,2025-05-13 17:36:16,1747157776.1448865,sell,limit,83019241
103826.0,0.00028968,2025-05-13 17:36:16,1747157776.1557462,sell,limit,83019242
103826.0,0.00081789,2025-05-13 17:36:16,1747157776.171761,sell,limit,83019243
103826.0,0.00081952,2025-05-13 17:36:16,1747157776.195793,sell,limit,83019244
103826.0,0.00082117,2025-05-13 17:36:16,1747157776.2093618,sell,limit,83019245
103826.0,0.00082281,2025-05-13 17:36:16,1747157776.2198498,sell,limit,83019246
103826.0,0.00082445,2025-05-13 17:36:16,1747157776.2288454,sell,limit,83019247
103826.0,0.00082611,2025-05-13 17:36:16,1747157776.237916,sell,limit,83019248
103826.0,0.00082776,2025-05-13 17:36:16,1747157776.247036,sell,limit,83019249
103826.1,0.0015781,2025-05-13 17:36:20,1747157780.748681,buy,limit,83019250
103826.0,0.007155,2025-05-13 17:36:20,1747157780.842582,sell,market,83019251
103826.0,0.00010881,2025-05-13 17:36:22,1747157782.8538792,sell,limit,83019252
103826.0,0.00031105,2025-05-13 17:36:22,1747157782.8574808,sell,limit,83019253
103826.0,0.00023107,2025-05-13 17:36:22,1747157782.8716803,sell,limit,83019254
103826.0,0.0001,2025-05-13 17:36:22,1747157782.8716803,sell,limit,83019255
103826.0,0.0001,2025-05-13 17:36:22,1747157782.8716803,sell,limit,83019256
103826.0,4.86e-06,2025-05-13 17:36:22,1747157782.8716803,sell,limit,83019257
103826.0,0.00032187,2025-05-13 17:36:22,1747157782.8876817,sell,limit,83019258
103826.0,0.00067327,2025-05-13 17:36:22,1747157782.9903789,sell,limit,83019259
103801.6,0.00989887,2025-05-13 17:36:23,1747157783.775882,sell,market,83019262
103807.0,5.057e-05,2025-05-13 17:36:23,1747157783.775882,sell,market,83019261
103818.0,5.056e-05,2025-05-13 17:36:23,1747157783.775882,sell,market,83019260
103801.6,0.00010113,2025-05-13 17:36:24,1747157784.833381,sell,limit,83019263
103801.6,0.0001,2025-05-13 17:36:24,1747157784.833381,sell,limit,83019264
103801.6,0.0001,2025-05-13 17:36:24,1747157784.833381,sell,limit,83019265
103800.5,0.00080423,2025-05-13 17:36:24,1747157784.842844,sell,limit,83019266
103800.5,0.00083297,2025-05-13 17:36:27,1747157787.7498493,sell,limit,83019267
103800.5,0.00083463,2025-05-13 17:36:27,1747157787.7619994,sell,limit,83019268
103800.5,0.00083631,2025-05-13 17:36:27,1747157787.7709992,sell,limit,83019269
103800.5,0.00024721,2025-05-13 17:36:27,1747157787.779706,sell,limit,83019270
103800.5,0.00039181,2025-05-13 17:36:27,1747157787.7892427,sell,limit,83019271
103800.6,0.00031792,2025-05-13 17:36:30,1747157790.9748158,buy,market,83019272
103800.6,9.491e-05,2025-05-13 17:36:45,1747157805.5757532,buy,limit,83019273
103800.6,0.00090229,2025-05-13 17:36:49,1747157809.9427633,buy,limit,83019274
103800.5,0.00568284,2025-05-13 17:36:59,1747157819.1978037,sell,limit,83019275
103800.5,0.00314,2025-05-13 17:36:59,1747157819.197804,sell,limit,83019281
103800.5,0.02906902,2025-05-13 17:36:59,1747157819.197804,sell,limit,83019282
103800.5,0.0008,2025-05-13 17:36:59,1747157819.197804,sell,limit,83019280
103800.5,0.0001,2025-05-13 17:36:59,1747157819.197804,sell,limit,83019277
103800.5,0.009,2025-05-13 17:36:59,1747157819.197804,sell,limit,83019278
103800.5,0.001,2025-05-13 17:36:59,1747157819.197804,sell,limit,83019279
103800.5,0.0001,2025-05-13 17:36:59,1747157819.197804,sell,limit,83019276
103800.6,0.00153684,2025-05-13 17:37:08,1747157828.6036553,buy,limit,83019283
103800.6,0.01397207,2025-05-13 17:37:08,1747157828.6614928,buy,limit,83019284
103818.0,5.057e-05,2025-05-13 17:37:18,1747157838.0612228,buy,market,83019285
103818.0,0.00010785,2025-05-13 17:37:18,1747157838.0612228,buy,market,83019286
103818.0,0.00042793,2025-05-13 17:37:19,1747157839.1463017,buy,limit,83019287
103817.9,0.000177,2025-05-13 17:37:19,1747157839.6898313,sell,market,83019288
103817.9,0.00038529,2025-05-13 17:37:24,1747157844.7261925,sell,market,83019289
103817.9,0.00038599,2025-05-13 17:37:25,1747157845.6711926,sell,limit,83019290
103818.0,0.0159,2025-05-13 17:37:26,1747157846.5208302,buy,limit,83019291
103818.0,7.033e-05,2025-05-13 17:37:26,1747157846.5328038,buy,limit,83019292
103828.9,5.056e-05,2025-05-13 17:37:26,1747157846.5328038,buy,limit,83019293
103840.1,5.056e-05,2025-05-13 17:37:26,1747157846.55638,buy,limit,83019294
103901.5,0.00962,2025-05-13 17:37:28,1747157848.281428,buy,limit,83019300
103906.3,0.317331,2025-05-13 17:37:28,1747157848.281428,buy,limit,83019301
103908.7,0.51812532,2025-05-13 17:37:28,1747157848.281428,buy,limit,83019302
103901.4,9.628e-05,2025-05-13 17:37:28,1747157848.281428,buy,limit,83019299
103851.0,5.055e-05,2025-05-13 17:37:28,1747157848.281428,buy,limit,83019295
103873.1,5.054e-05,2025-05-13 17:37:28,1747157848.281428,buy,limit,83019297
103862.1,5.055e-05,2025-05-13 17:37:28,1747157848.281428,buy,limit,83019296
103884.0,5.054e-05,2025-05-13 17:37:28,1747157848.281428,buy,limit,83019298
103905.7,9.628e-05,2025-05-13 17:37:28,1747157848.526899,buy,market,83019303
103908.6,0.00090372,2025-05-13 17:37:28,1747157848.5268993,buy,market,83019304
103908.7,0.00047408,2025-05-13 17:37:30,1747157850.045163,buy,limit,83019305
103908.6,0.01304612,2025-05-13 17:37:30,1747157850.5583477,sell,market,83019306
103895.8,0.03105228,2025-05-13 17:37:33,1747157853.381139,sell,limit,83019308
103908.6,0.018313,2025-05-13 17:37:33,1747157853.381139,sell,limit,83019307
103895.8,0.006386,2025-05-13 17:37:35,1747157855.6024163,sell,market,83019312
103895.8,0.001,2025-05-13 17:37:35,1747157855.6024163,sell,market,83019311
103895.8,0.0001,2025-05-13 17:37:35,1747157855.6024163,sell,market,83019309
103895.8,0.0001,2025-05-13 17:37:35,1747157855.6024163,sell,market,83019310
103895.7,0.00076623,2025-05-13 17:37:51,1747157871.369438,buy,limit,83019313
103895.7,0.00140854,2025-05-13 17:37:57,1747157877.832107,buy,limit,83019314
103895.6,0.0001,2025-05-13 17:37:59,1747157879.5307093,sell,market,83019315
103895.6,0.0001,2025-05-13 17:37:59,1747157879.5307093,sell,market,83019316
103895.6,0.000785,2025-05-13 17:37:59,1747157879.5307093,sell,market,83019317
103895.7,0.00033697,2025-05-13 17:37:59,1747157879.5781493,buy,market,83019318
103895.7,0.01306415,2025-05-13 17:38:01,1747157881.321866,buy,market,83019319
103895.7,0.008459,2025-05-13 17:38:02,1747157882.3112473,buy,limit,83019320
103895.7,5e-05,2025-05-13 17:38:03,1747157883.517323,buy,market,83019321
103895.7,5.027e-05,2025-05-13 17:38:10,1747157890.4419224,buy,market,83019322
103895.7,0.00012688,2025-05-13 17:38:16,1747157896.0793993,buy,limit,83019323
103895.7,0.00093903,2025-05-13 17:38:17,1747157897.1898105,buy,limit,83019324
103895.7,0.00542054,2025-05-13 17:38:17,1747157897.9536738,buy,limit,83019325
103895.7,0.00042202,2025-05-13 17:38:20,1747157900.9129908,buy,market,83019326
103895.7,0.01753709,2025-05-13 17:38:25,1747157905.0560803,buy,market,83019333
103895.7,0.02012667,2025-05-13 17:38:25,1747157905.0560803,buy,market,83019332
103895.7,9.625e-05,2025-05-13 17:38:25,1747157905.0560803,buy,market,83019331
103895.7,0.08453226,2025-05-13 17:38:25,1747157905.0560803,buy,market,83019327
103895.7,0.01650611,2025-05-13 17:38:25,1747157905.0560803,buy,market,83019329
103895.7,5.053e-05,2025-05-13 17:38:25,1747157905.0560803,buy,market,83019328
103895.7,0.00071413,2025-05-13 17:38:25,1747157905.0560803,buy,market,83019330
103895.6,0.000215,2025-05-13 17:38:25,1747157905.2681975,sell,limit,83019334
103895.6,0.000785,2025-05-13 17:38:25,1747157905.2681975,sell,limit,83019335
103895.7,7.323e-05,2025-05-13 17:38:27,1747157907.1948943,buy,market,83019336
103895.7,0.0162,2025-05-13 17:38:38,1747157918.5791225,buy,limit,83019337
103895.7,0.00078499,2025-05-13 17:38:40,1747157920.2369854,buy,limit,83019338
103901.5,9.577e-05,2025-05-13 17:38:47,1747157927.0429244,buy,limit,83019339
103901.5,0.00011501,2025-05-13 17:38:50,1747157930.870256,buy,limit,83019340
103901.5,0.00090142,2025-05-13 17:38:50,1747157930.9763665,buy,limit,83019341
103901.5,0.0085078,2025-05-13 17:38:53,1747157933.573458,buy,market,83019342
103901.5,0.00733516,2025-05-13 17:38:53,1747157933.5734582,buy,market,83019343
103901.5,0.00014223,2025-05-13 17:38:56,1747157936.0400941,buy,limit,83019344
103901.5,0.00036527,2025-05-13 17:38:58,1747157938.5407953,buy,limit,83019345
103901.5,0.00866345,2025-05-13 17:39:03,1747157943.0644877,buy,market,83019346
103901.5,9e-05,2025-05-13 17:39:03,1747157943.0644877,buy,market,83019347
103901.5,0.00102,2025-05-13 17:39:03,1747157943.064488,buy,market,83019348
103901.5,0.00519594,2025-05-13 17:39:03,1747157943.064488,buy,market,83019349
103901.5,5e-05,2025-05-13 17:39:03,1747157943.0991096,buy,market,83019350
103901.5,0.00140846,2025-05-13 17:39:19,1747157959.997596,buy,limit,83019351
103901.5,0.00065099,2025-05-13 17:39:26,1747157966.3067925,buy,limit,83019352
103901.5,0.00047411,2025-05-13 17:39:30,1747157970.0457942,buy,limit,83019353
103901.4,1.234e-05,2025-05-13 17:39:34,1747157974.5459266,sell,limit,83019354
103901.4,0.00098766,2025-05-13 17:39:36,1747157976.1677787,sell,market,83019355
103901.4,0.0001,2025-05-13 17:39:36,1747157976.1677787,sell,market,83019356
103901.4,0.0001,2025-05-13 17:39:36,1747157976.1677787,sell,market,83019357
103901.4,0.001,2025-05-13 17:39:36,1747157976.1677787,sell,market,83019358
103901.4,0.03819259,2025-05-13 17:39:36,1747157976.167779,sell,market,83019359
103901.5,0.00797489,2025-05-13 17:39:40,1747157980.2901132,buy,limit,83019362
103901.5,0.0007305,2025-05-13 17:39:40,1747157980.2901132,buy,limit,83019360
103901.5,9.624e-05,2025-05-13 17:39:40,1747157980.2901132,buy,limit,83019361
103901.5,0.00167383,2025-05-13 17:39:46,1747157986.845871,buy,limit,83019363
103901.5,0.0005,2025-05-13 17:39:52,1747157992.9002762,buy,market,83019364
103901.5,0.00281693,2025-05-13 17:39:59,1747157999.4663293,buy,limit,83019365
103901.5,0.00131307,2025-05-13 17:40:03,1747158003.042391,buy,limit,83019366
103901.5,0.00389587,2025-05-13 17:40:03,1747158003.042391,buy,limit,83019367
103901.5,5e-05,2025-05-13 17:40:03,1747158003.079087,buy,market,83019368
103901.4,0.0001,2025-05-13 17:40:03,1747158003.512389,sell,market,83019369
103901.4,0.0001,2025-05-13 17:40:03,1747158003.512389,sell,market,83019370
103901.4,0.001,2025-05-13 17:40:03,1747158003.512389,sell,market,83019371
103901.4,0.054832,2025-05-13 17:40:03,1747158003.512389,sell,market,83019372
103901.5,0.0100252,2025-05-13 17:40:05,1747158005.2756217,buy,market,83019373
103901.5,0.0153,2025-05-13 17:40:08,1747158008.5631392,buy,limit,83019374
103928.0,5.052e-05,2025-05-13 17:40:16,1747158016.6041548,buy,limit,83019379
103917.1,5.052e-05,2025-05-13 17:40:16,1747158016.6041548,buy,limit,83019378
103905.9,0.01650611,2025-05-13 17:40:16,1747158016.6041548,buy,limit,83019376
103905.9,5.053e-05,2025-05-13 17:40:16,1747158016.6041548,buy,limit,83019375
103911.7,0.00024388,2025-05-13 17:40:16,1747158016.6041548,buy,limit,83019377
103939.1,5.051e-05,2025-05-13 17:40:20,1747158020.9535015,buy,limit,83019380
103939.1,0.01524949,2025-05-13 17:40:20,1747158020.9535015,buy,limit,83019381
103942.6,9.621e-05,2025-05-13 17:40:22,1747158022.6486468,buy,market,83019382
103942.6,1.878e-05,2025-05-13 17:40:22,1747158022.6486468,buy,market,83019383
103942.5,0.000569,2025-05-13 17:40:24,1747158024.4640849,sell,limit,83019384
103942.6,8.881e-05,2025-05-13 17:40:27,1747158027.6968315,buy,limit,83019385
103942.6,0.001,2025-05-13 17:40:42,1747158042.5740151,buy,limit,83019386
103942.6,0.0153,2025-05-13 17:40:43,1747158043.6783192,buy,limit,83019387
103950.0,5.051e-05,2025-05-13 17:40:47,1747158047.880692,buy,limit,83019388
103950.0,0.00089734,2025-05-13 17:40:47,1747158047.880692,buy,limit,83019389
103950.0,0.0144,2025-05-13 17:40:55,1747158055.5976088,buy,limit,83019390
103961.1,5.05e-05,2025-05-13 17:40:57,1747158057.8181462,buy,market,83019397
103960.8,0.01408867,2025-05-13 17:40:57,1747158057.8181462,buy,market,83019393
103961.2,0.09547292,2025-05-13 17:40:57,1747158057.8181462,buy,market,83019398
103961.0,0.00601,2025-05-13 17:40:57,1747158057.8181462,buy,market,83019396
103960.8,9.62e-05,2025-05-13 17:40:57,1747158057.8181462,buy,market,83019391
103960.8,0.01650611,2025-05-13 17:40:57,1747158057.8181462,buy,market,83019394
103960.8,0.02821348,2025-05-13 17:40:57,1747158057.8181462,buy,market,83019392
103960.9,0.03316845,2025-05-13 17:40:57,1747158057.8181462,buy,market,83019395
103961.2,0.00011619,2025-05-13 17:41:00,1747158060.4290028,buy,limit,83019399
103961.2,0.01638992,2025-05-13 17:41:02,1747158062.038303,buy,limit,83019400
103961.2,9.619e-05,2025-05-13 17:41:02,1747158062.038303,buy,limit,83019401
103962.1,0.01774492,2025-05-13 17:41:02,1747158062.0383031,buy,limit,83019404
103961.2,0.00986207,2025-05-13 17:41:02,1747158062.0383031,buy,limit,83019402
103961.2,0.004,2025-05-13 17:41:02,1747158062.0383031,buy,limit,83019403
103962.1,9.619e-05,2025-05-13 17:41:02,1747158062.464365,buy,market,83019406
103962.3,0.312351,2025-05-13 17:41:02,1747158062.464365,buy,market,83019407
103962.1,0.23189008,2025-05-13 17:41:02,1747158062.464365,buy,market,83019405
103963.2,0.45566273,2025-05-13 17:41:02,1747158062.464365,buy,market,83019408
103963.8,0.00592239,2025-05-13 17:41:02,1747158062.7911074,buy,limit,83019409
103963.8,0.00064745,2025-05-13 17:41:02,1747158062.81771,buy,market,83019410
103963.8,5e-05,2025-05-13 17:41:03,1747158063.4819646,buy,market,83019411
103963.7,0.01740883,2025-05-13 17:41:03,1747158063.9829643,sell,limit,83019412
103963.8,9.619e-05,2025-05-13 17:41:06,1747158066.8778234,buy,limit,83019413
103963.8,0.01430381,2025-05-13 17:41:06,1747158066.8778234,buy,limit,83019414
103972.0,5.049e-05,2025-05-13 17:41:09,1747158069.1342547,buy,limit,83019415
103972.0,8.606e-05,2025-05-13 17:41:09,1747158069.1342547,buy,limit,83019416
103972.0,0.01642005,2025-05-13 17:41:23,1747158083.9757433,buy,limit,83019417
103982.9,5.049e-05,2025-05-13 17:41:23,1747158083.9757433,buy,limit,83019418
103994.0,5.048e-05,2025-05-13 17:41:23,1747158083.9757433,buy,limit,83019419
104000.0,0.01,2025-05-13 17:41:23,1747158083.9757433,buy,limit,83019420
104002.5,0.00961,2025-05-13 17:41:26,1747158086.0276666,buy,limit,83019421
104002.5,0.00446806,2025-05-13 17:41:26,1747158086.0276666,buy,limit,83019422
104002.5,9.47e-06,2025-05-13 17:41:26,1747158086.0390615,buy,limit,83019423
104002.5,0.0117,2025-05-13 17:41:27,1747158087.9423575,buy,limit,83019424
104004.9,0.0008968,2025-05-13 17:41:34,1747158094.0591207,buy,limit,83019426
104004.9,5.048e-05,2025-05-13 17:41:34,1747158094.0591207,buy,limit,83019425
104004.9,0.00284317,2025-05-13 17:41:37,1747158097.0322418,buy,limit,83019427
104004.9,0.01276614,2025-05-13 17:41:37,1747158097.635333,buy,limit,83019428
104016.1,5.047e-05,2025-05-13 17:41:37,1747158097.635333,buy,limit,83019429
104024.2,0.00021532,2025-05-13 17:41:37,1747158097.635333,buy,limit,83019430
104049.0,5.046e-05,2025-05-13 17:41:37,1747158097.6353333,buy,limit,83019434
104027.0,5.047e-05,2025-05-13 17:41:37,1747158097.6353333,buy,limit,83019431
104037.9,5.046e-05,2025-05-13 17:41:37,1747158097.6353333,buy,limit,83019432
104044.6,0.0009899,2025-05-13 17:41:37,1747158097.6353333,buy,limit,83019433
104050.1,9.615e-05,2025-05-13 17:41:37,1747158097.6353333,buy,limit,83019435
104050.2,0.31999,2025-05-13 17:41:37,1747158097.6353333,buy,limit,83019436
104051.8,1.153795,2025-05-13 17:41:37,1747158097.6353333,buy,limit,83019437
104053.0,2.40262185,2025-05-13 17:41:37,1747158097.6353333,buy,limit,83019438
104053.8,2.40260452,2025-05-13 17:41:37,1747158097.6353333,buy,limit,83019439
104055.8,0.70671926,2025-05-13 17:41:37,1747158097.6353333,buy,limit,83019440
104046.5,0.0026,2025-05-13 17:41:38,1747158098.2682798,sell,limit,83019441
104046.6,0.01226846,2025-05-13 17:41:39,1747158099.9215841,buy,limit,83019444
104046.6,9.615e-05,2025-05-13 17:41:39,1747158099.9215841,buy,limit,83019442
104046.6,0.03173539,2025-05-13 17:41:39,1747158099.9215841,buy,limit,83019443
104046.6,9.612e-05,2025-05-13 17:41:40,1747158100.0492551,buy,market,83019445
104054.9,0.00278694,2025-05-13 17:41:40,1747158100.0492551,buy,market,83019446
104053.4,0.00096105,2025-05-13 17:41:57,1747158117.486249,buy,market,83019447
104053.4,0.00640055,2025-05-13 17:42:01,1747158121.324287,buy,market,83019448
104053.4,5e-05,2025-05-13 17:42:03,1747158123.0536184,buy,market,83019449
104053.4,0.00761106,2025-05-13 17:42:04,1747158124.371999,buy,market,83019450
104060.0,0.04,2025-05-13 17:42:11,1747158131.899521,buy,market,83019459
104060.5,1.12247907,2025-05-13 17:42:11,1747158131.899521,buy,market,83019462
104060.5,0.2494,2025-05-13 17:42:11,1747158131.899521,buy,market,83019461
104060.0,0.2503,2025-05-13 17:42:11,1747158131.899521,buy,market,83019460
104060.0,0.004,2025-05-13 17:42:11,1747158131.899521,buy,market,83019458
104060.0,0.2591,2025-05-13 17:42:11,1747158131.899521,buy,market,83019457
104060.0,0.03116482,2025-05-13 17:42:11,1747158131.899521,buy,market,83019455
104060.0,0.00690345,2025-05-13 17:42:11,1747158131.899521,buy,market,83019454
104060.0,0.02,2025-05-13 17:42:11,1747158131.899521,buy,market,83019453
104060.0,9.61e-05,2025-05-13 17:42:11,1747158131.899521,buy,market,83019452
104060.0,5.045e-05,2025-05-13 17:42:11,1747158131.899521,buy,market,83019451
104060.0,0.01650611,2025-05-13 17:42:11,1747158131.899521,buy,market,83019456
104060.5,9.468e-05,2025-05-13 17:42:17,1747158137.0549965,buy,limit,83019463
104060.5,0.0004688,2025-05-13 17:42:18,1747158138.1483438,buy,limit,83019464
104060.4,5.798e-05,2025-05-13 17:42:20,1747158140.5081906,sell,limit,83019465
104060.4,5.798e-05,2025-05-13 17:42:20,1747158140.5081906,sell,limit,83019465
104060.4,0.0001,2025-05-13 17:42:21,1747158141.8496003,sell,limit,83019468
104060.4,0.13494202,2025-05-13 17:42:21,1747158141.8496003,sell,limit,83019466
104060.4,0.0001,2025-05-13 17:42:21,1747158141.8496003,sell,limit,83019467
104051.5,0.249401,2025-05-13 17:42:21,1747158141.8496006,sell,limit,83019471
104050.0,0.310994,2025-05-13 17:42:21,1747158141.8496006,sell,limit,83019472
104060.4,0.001,2025-05-13 17:42:21,1747158141.8496006,sell,limit,83019469
104059.9,0.00096098,2025-05-13 17:42:21,1747158141.8496006,sell,limit,83019470
104049.5,1.742502,2025-05-13 17:42:21,1747158141.8496006,sell,limit,83019473
104049.5,0.00267327,2025-05-13 17:42:27,1747158147.1126552,sell,limit,83019474
104049.6,0.00372681,2025-05-13 17:42:43,1747158163.5498004,buy,limit,83019475
104049.6,0.0127793,2025-05-13 17:42:43,1747158163.7668505,buy,market,83019476
104059.9,0.00229999,2025-05-13 17:42:43,1747158163.7668505,buy,market,83019477
104066.7,5.5e-05,2025-05-13 17:42:43,1747158163.7668505,buy,market,83019478
104067.7,9.61e-05,2025-05-13 17:42:43,1747158163.7668505,buy,market,83019479
104067.8,0.00163046,2025-05-13 17:42:43,1747158163.7668505,buy,market,83019480
104069.6,1.98313915,2025-05-13 17:42:43,1747158163.7668505,buy,market,83019481
104063.1,0.00096093,2025-05-13 17:42:48,1747158168.4266562,buy,limit,83019482
104063.1,0.00387148,2025-05-13 17:42:48,1747158168.899842,buy,market,83019483
104063.1,9.61e-05,2025-05-13 17:42:48,1747158168.899842,buy,market,83019484
104063.1,0.14603242,2025-05-13 17:42:48,1747158168.899842,buy,market,83019485
104063.1,0.00018126,2025-05-13 17:42:54,1747158174.5959542,buy,market,83019486
104063.1,0.004,2025-05-13 17:42:57,1747158177.4498947,buy,market,83019491
104063.1,0.0009391,2025-05-13 17:42:57,1747158177.4498947,buy,market,83019490
104063.1,0.00338269,2025-05-13 17:42:57,1747158177.4498947,buy,market,83019489
104063.1,9.61e-05,2025-05-13 17:42:57,1747158177.4498947,buy,market,83019488
104063.1,0.01632485,2025-05-13 17:42:57,1747158177.4498947,buy,market,83019487
104063.4,0.12525726,2025-05-13 17:42:57,1747158177.449895,buy,market,83019492
104063.0,9.983e-05,2025-05-13 17:42:57,1747158177.6882558,sell,limit,83019493
104063.1,9.61e-05,2025-05-13 17:42:58,1747158178.983364,buy,market,83019494
104063.1,0.004,2025-05-13 17:42:58,1747158178.983364,buy,market,83019495
104063.1,0.04,2025-05-13 17:42:58,1747158178.983364,buy,market,83019496
104063.1,0.43638161,2025-05-13 17:42:58,1747158178.983364,buy,market,83019497
104063.7,0.00768347,2025-05-13 17:43:01,1747158181.253469,buy,market,83019498
104063.7,0.00023441,2025-05-13 17:43:01,1747158181.3067353,buy,limit,83019499
104063.7,0.00011531,2025-05-13 17:43:02,1747158182.4745803,buy,market,83019500
104063.7,5e-05,2025-05-13 17:43:03,1747158183.0590837,buy,market,83019501
104079.1,0.13283134,2025-05-13 17:43:06,1747158186.3613946,buy,market,83019507
104073.2,0.0003116,2025-05-13 17:43:06,1747158186.3613946,buy,market,83019505
104079.0,9.609e-05,2025-05-13 17:43:06,1747158186.3613946,buy,market,83019506
104070.9,5.045e-05,2025-05-13 17:43:06,1747158186.3613946,buy,market,83019503
104072.8,0.00036972,2025-05-13 17:43:06,1747158186.3613946,buy,market,83019504
104063.7,0.0163408,2025-05-13 17:43:06,1747158186.3613946,buy,market,83019502
104079.0,0.000673,2025-05-13 17:43:07,1747158187.726597,buy,market,83019508
104078.9,9.43e-05,2025-05-13 17:43:07,1747158187.7451735,sell,limit,83019509
104079.0,0.0129,2025-05-13 17:43:08,1747158188.6178234,buy,limit,83019510
104079.0,9.609e-05,2025-05-13 17:43:10,1747158190.1111016,buy,limit,83019511
104079.0,0.00236788,2025-05-13 17:43:10,1747158190.1111016,buy,limit,83019512
104079.0,0.00023603,2025-05-13 17:43:10,1747158190.1111016,buy,limit,83019513
104078.9,0.0014,2025-05-13 17:43:10,1747158190.4234064,sell,limit,83019514
104079.0,0.00012947,2025-05-13 17:43:12,1747158192.3274355,buy,market,83019515
104079.0,0.00012019,2025-05-13 17:43:13,1747158193.7965064,buy,market,83019516
104079.0,0.00360249,2025-05-13 17:43:23,1747158203.0546322,buy,market,83019517
104079.0,9.608e-05,2025-05-13 17:43:32,1747158212.480973,buy,limit,83019518
104079.0,0.00083378,2025-05-13 17:43:32,1747158212.480973,buy,limit,83019519
104079.0,0.00394792,2025-05-13 17:43:34,1747158214.4254882,buy,market,83019520
104079.0,0.0014592,2025-05-13 17:43:59,1747158239.0303926,buy,limit,83019521
104078.9,0.001,2025-05-13 17:44:02,1747158242.7558565,sell,limit,83019522
104078.9,0.0001,2025-05-13 17:44:02,1747158242.7558565,sell,limit,83019523
104078.9,0.0001,2025-05-13 17:44:02,1747158242.7558565,sell,limit,83019524
104068.6,0.0001243,2025-05-13 17:44:02,1747158242.7558565,sell,limit,83019525
104060.0,5.045e-05,2025-05-13 17:44:02,1747158242.7558565,sell,limit,83019526
104059.9,0.00262525,2025-05-13 17:44:02,1747158242.7558568,sell,limit,83019527
104060.0,0.00432151,2025-05-13 17:44:02,1747158242.7662876,buy,market,83019528
104060.0,5e-05,2025-05-13 17:44:03,1747158243.0534751,buy,market,83019529
104049.0,5.045e-05,2025-05-13 17:44:05,1747158245.6256323,sell,limit,83019534
104052.7,0.0001,2025-05-13 17:44:05,1747158245.6256323,sell,limit,83019533
104052.7,0.00012685,2025-05-13 17:44:05,1747158245.6256323,sell,limit,83019530
104052.7,0.001,2025-05-13 17:44:05,1747158245.6256323,sell,limit,83019531
104052.7,0.0001,2025-05-13 17:44:05,1747158245.6256323,sell,limit,83019532
104046.5,0.00800875,2025-05-13 17:44:05,1747158245.6256325,sell,limit,83019535
104046.6,0.0153,2025-05-13 17:44:08,1747158248.5880387,buy,limit,83019536
104051.0,0.00649374,2025-05-13 17:44:12,1747158252.1356606,buy,market,83019537
104051.0,0.00076875,2025-05-13 17:44:13,1747158253.35329,buy,limit,83019538
104051.0,0.00047343,2025-05-13 17:44:18,1747158258.0835595,buy,limit,83019539
104051.0,0.00877019,2025-05-13 17:44:20,1747158260.3999228,buy,limit,83019540
104051.0,9.61e-05,2025-05-13 17:44:20,1747158260.3999228,buy,limit,83019541
104051.0,0.00165752,2025-05-13 17:44:20,1747158260.3999228,buy,limit,83019542
104057.4,0.00237619,2025-05-13 17:44:20,1747158260.399923,buy,limit,83019543
104057.9,0.0023,2025-05-13 17:44:27,1747158267.8738167,sell,market,83019544
104057.9,2.604e-05,2025-05-13 17:44:35,1747158275.1589112,sell,limit,83019545
104058.0,0.00668523,2025-05-13 17:44:37,1747158277.5688741,buy,market,83019546
104058.0,0.00047224,2025-05-13 17:44:44,1747158284.6571403,buy,limit,83019547
104057.9,0.0014415,2025-05-13 17:44:44,1747158284.671896,sell,market,83019548
104058.0,0.0009468,2025-05-13 17:44:47,1747158287.7120273,buy,limit,83019549
104058.0,5e-05,2025-05-13 17:45:03,1747158303.0593565,buy,market,83019550
104058.0,0.00071175,2025-05-13 17:45:05,1747158305.266893,buy,market,83019551
104058.0,0.00010868,2025-05-13 17:45:07,1747158307.8103926,buy,limit,83019552
104058.0,0.0141,2025-05-13 17:45:08,1747158308.5817416,buy,limit,83019553
104060.0,0.00039836,2025-05-13 17:45:19,1747158319.1226788,buy,limit,83019555
104060.0,5.045e-05,2025-05-13 17:45:19,1747158319.1226788,buy,limit,83019554
104060.0,0.0144,2025-05-13 17:45:20,1747158320.4256787,buy,limit,83019556
104071.0,5.045e-05,2025-05-13 17:45:24,1747158324.9865196,buy,limit,83019557
104071.0,0.0088564,2025-05-13 17:45:24,1747158324.9865196,buy,limit,83019558
104071.0,0.01582486,2025-05-13 17:45:33,1747158333.7354786,buy,market,83019559
104071.0,0.01443129,2025-05-13 17:45:46,1747158346.4746363,buy,market,83019560
104071.0,9.609e-05,2025-05-13 17:45:47,1747158347.5552554,buy,limit,83019561
104071.0,0.0044974,2025-05-13 17:45:47,1747158347.5552554,buy,limit,83019562
104071.0,0.0221003,2025-05-13 17:45:56,1747158356.3103163,buy,market,83019563
104071.0,5e-05,2025-05-13 17:46:03,1747158363.047962,buy,market,83019564
104071.0,0.00195,2025-05-13 17:46:04,1747158364.0233054,buy,market,83019565
104071.0,9.609e-05,2025-05-13 17:46:04,1747158364.0233054,buy,market,83019566
104071.0,0.00049849,2025-05-13 17:46:04,1747158364.0233054,buy,market,83019567
104070.9,0.0001,2025-05-13 17:46:10,1747158370.3598435,sell,market,83019569
104070.9,0.001,2025-05-13 17:46:10,1747158370.3598435,sell,market,83019570
104070.9,0.0001,2025-05-13 17:46:10,1747158370.3598435,sell,market,83019568
104070.9,0.0098,2025-05-13 17:46:10,1747158370.3598437,sell,market,83019571
104071.0,0.000673,2025-05-13 17:46:11,1747158371.049787,buy,market,83019572
104070.9,0.0001,2025-05-13 17:46:24,1747158384.0777233,sell,limit,83019573
104070.9,0.0001,2025-05-13 17:46:24,1747158384.0777233,sell,limit,83019574
104070.9,0.07312741,2025-05-13 17:46:24,1747158384.0777233,sell,limit,83019575
104071.0,0.00012186,2025-05-13 17:46:25,1747158385.2861834,buy,market,83019576
104071.0,0.00185402,2025-05-13 17:46:32,1747158392.4729242,buy,market,83019577
104071.0,0.01335874,2025-05-13 17:46:38,1747158398.5697231,buy,limit,83019578
104071.0,0.01104424,2025-05-13 17:46:38,1747158398.5697231,buy,limit,83019579
104071.0,0.00169702,2025-05-13 17:46:38,1747158398.5697231,buy,limit,83019580
104071.0,0.00075323,2025-05-13 17:46:50,1747158410.2266424,buy,limit,83019581
104071.0,0.00144132,2025-05-13 17:46:50,1747158410.2266424,buy,limit,83019582
104071.0,0.01060545,2025-05-13 17:46:50,1747158410.2266424,buy,limit,83019583
104071.0,0.00185402,2025-05-13 17:46:50,1747158410.964981,buy,limit,83019584
104100.0,0.01926604,2025-05-13 17:46:53,1747158413.9488313,buy,market,83019591
104096.0,0.00601,2025-05-13 17:46:53,1747158413.9488313,buy,market,83019590
104095.9,0.02821348,2025-05-13 17:46:53,1747158413.9488313,buy,market,83019589
104095.8,9.608e-05,2025-05-13 17:46:53,1747158413.9488313,buy,market,83019588
104092.9,5.044e-05,2025-05-13 17:46:53,1747158413.9488313,buy,market,83019587
104082.0,0.01650611,2025-05-13 17:46:53,1747158413.9488313,buy,market,83019586
104082.0,5.044e-05,2025-05-13 17:46:53,1747158413.9488313,buy,market,83019585
104099.9,9.608e-05,2025-05-13 17:46:57,1747158417.2919147,buy,limit,83019592
104099.9,0.00777898,2025-05-13 17:46:57,1747158417.2919147,buy,limit,83019593
104099.9,4.732e-05,2025-05-13 17:46:59,1747158419.036867,buy,limit,83019594
104099.8,0.00372655,2025-05-13 17:47:01,1747158421.3802862,sell,market,83019595
104099.9,0.01534598,2025-05-13 17:47:01,1747158421.4128919,buy,limit,83019596
104099.9,0.00193923,2025-05-13 17:47:01,1747158421.4363992,buy,market,83019597
104099.9,5e-05,2025-05-13 17:47:03,1747158423.053013,buy,market,83019598
104099.9,0.0001,2025-05-13 17:47:14,1747158434.3834214,buy,market,83019599
104099.9,0.01441688,2025-05-13 17:47:19,1747158439.0285647,buy,market,83019600
104100.0,0.00170996,2025-05-13 17:47:19,1747158439.0285647,buy,market,83019601
104100.0,0.01387316,2025-05-13 17:47:19,1747158439.0285647,buy,market,83019602
104100.0,0.00760836,2025-05-13 17:47:22,1747158442.7089071,buy,limit,83019603
104100.0,0.08839164,2025-05-13 17:47:22,1747158442.7089071,buy,limit,83019604
104099.9,5.997e-05,2025-05-13 17:47:22,1747158442.848258,sell,limit,83019605
104100.0,0.09306296,2025-05-13 17:47:26,1747158446.1218414,buy,limit,83019606
104100.0,0.5,2025-05-13 17:47:26,1747158446.1218414,buy,limit,83019607
104100.0,0.04760393,2025-05-13 17:47:26,1747158446.1218414,buy,limit,83019608
104100.0,0.15307705,2025-05-13 17:47:26,1747158446.1218414,buy,limit,83019609
104100.0,0.03,2025-05-13 17:47:29,1747158449.1227002,buy,limit,83019610
104100.0,0.02,2025-05-13 17:47:29,1747158449.1317015,buy,limit,83019611
104100.0,0.02,2025-05-13 17:47:29,1747158449.167235,buy,limit,83019612
104100.0,0.02,2025-05-13 17:47:29,1747158449.1682332,buy,limit,83019613
104100.0,0.0063829,2025-05-13 17:47:29,1747158449.1711137,buy,limit,83019614
104100.0,0.0136171,2025-05-13 17:47:29,1747158449.1711137,buy,limit,83019615
104100.0,0.03441363,2025-05-13 17:47:29,1747158449.5616903,buy,limit,83019616
104100.0,0.01650611,2025-05-13 17:47:29,1747158449.5616903,buy,limit,83019617
104103.4,9.605e-05,2025-05-13 17:47:31,1747158451.5407875,sell,limit,83019618
104103.4,0.00459366,2025-05-13 17:47:31,1747158451.5407875,sell,limit,83019619
104103.5,0.00574,2025-05-13 17:47:33,1747158453.8153825,buy,limit,83019620
104103.5,0.00386,2025-05-13 17:47:33,1747158453.8153827,buy,limit,83019621
104103.5,0.0147,2025-05-13 17:47:33,1747158453.8153827,buy,limit,83019622
104103.5,0.00180611,2025-05-13 17:47:33,1747158453.8210382,buy,limit,83019623
104104.1,5.043e-05,2025-05-13 17:47:33,1747158453.8210382,buy,limit,83019624
104115.0,5.044e-05,2025-05-13 17:47:33,1747158453.8497643,buy,limit,83019625
104126.0,5.044e-05,2025-05-13 17:47:35,1747158455.2449281,buy,limit,83019626
104136.9,5.044e-05,2025-05-13 17:47:37,1747158457.499173,buy,limit,83019627
104136.9,0.00040245,2025-05-13 17:47:37,1747158457.499173,buy,limit,83019628
104136.9,9.369e-05,2025-05-13 17:47:39,1747158459.8850236,buy,limit,83019629
104136.9,0.00304725,2025-05-13 17:47:43,1747158463.190236,buy,limit,83019630
104136.8,0.00775468,2025-05-13 17:47:44,1747158464.0131729,sell,limit,83019631
104148.0,5.041e-05,2025-05-13 17:47:44,1747158464.4416037,buy,limit,83019632
104148.9,0.00162245,2025-05-13 17:47:44,1747158464.6425405,buy,limit,83019633
104148.9,0.0009,2025-05-13 17:47:45,1747158465.7545462,buy,limit,83019634
104148.9,0.01650611,2025-05-13 17:47:45,1747158465.7571938,buy,limit,83019636
104152.4,0.00017711,2025-05-13 17:47:45,1747158465.7571938,buy,limit,83019637
104148.9,0.00670433,2025-05-13 17:47:45,1747158465.7571938,buy,limit,83019635
104159.1,5.04e-05,2025-05-13 17:47:45,1747158465.7602458,buy,limit,83019638
104200.0,4.6e-06,2025-05-13 17:47:46,1747158466.9572082,buy,limit,83019646
104170.0,5.04e-05,2025-05-13 17:47:46,1747158466.9572082,buy,limit,83019639
104181.1,5.039e-05,2025-05-13 17:47:46,1747158466.9572082,buy,limit,83019640
104189.2,0.00079972,2025-05-13 17:47:46,1747158466.9572082,buy,limit,83019641
104191.9,5.039e-05,2025-05-13 17:47:46,1747158466.9572082,buy,limit,83019642
104192.0,5.5e-05,2025-05-13 17:47:46,1747158466.9572082,buy,limit,83019643
104192.6,0.00017684,2025-05-13 17:47:46,1747158466.9572082,buy,limit,83019644
104198.9,0.00922236,2025-05-13 17:47:46,1747158466.9572082,buy,limit,83019645
104200.0,0.008069,2025-05-13 17:47:53,1747158473.06858,buy,market,83019647
104200.0,0.00011939,2025-05-13 17:47:53,1747158473.676444,buy,market,83019648
104200.0,0.01519078,2025-05-13 17:47:53,1747158473.8894553,buy,limit,83019649
104200.0,0.80360177,2025-05-13 17:47:57,1747158477.543936,buy,market,83019650
104200.0,0.00019289,2025-05-13 17:47:57,1747158477.543936,buy,market,83019651
104200.0,0.01650611,2025-05-13 17:47:57,1747158477.543936,buy,market,83019652
104236.1,5.037e-05,2025-05-13 17:47:57,1747158477.5439363,buy,market,83019664
104231.0,0.00601,2025-05-13 17:47:57,1747158477.5439363,buy,market,83019663
104236.4,9.46e-05,2025-05-13 17:47:57,1747158477.5439363,buy,market,83019665
104263.7,9.596e-05,2025-05-13 17:47:57,1747158477.5439363,buy,market,83019668
104248.9,0.00921793,2025-05-13 17:47:57,1747158477.5439363,buy,market,83019667
104230.0,0.01979036,2025-05-13 17:47:57,1747158477.5439363,buy,market,83019662
104247.0,5.036e-05,2025-05-13 17:47:57,1747158477.5439363,buy,market,83019666
104224.9,5.037e-05,2025-05-13 17:47:57,1747158477.5439363,buy,market,83019661
104203.1,5.038e-05,2025-05-13 17:47:57,1747158477.5439363,buy,market,83019653
104220.1,0.00033063,2025-05-13 17:47:57,1747158477.5439363,buy,market,83019659
104214.0,5.038e-05,2025-05-13 17:47:57,1747158477.5439363,buy,market,83019658
104210.3,0.0019955,2025-05-13 17:47:57,1747158477.5439363,buy,market,83019657
104210.3,0.00041021,2025-05-13 17:47:57,1747158477.5439363,buy,market,83019656
104204.5,0.00239,2025-05-13 17:47:57,1747158477.5439363,buy,market,83019655
104204.5,0.0072,2025-05-13 17:47:57,1747158477.5439363,buy,market,83019654
104224.4,0.00122284,2025-05-13 17:47:57,1747158477.5439363,buy,market,83019660
104263.8,0.2235608,2025-05-13 17:47:57,1747158477.5439363,buy,market,83019669
104261.9,0.12281988,2025-05-13 17:47:57,1747158477.7121103,sell,market,83019670
104261.9,0.00075186,2025-05-13 17:48:01,1747158481.8790157,sell,limit,83019671
104262.0,5e-05,2025-05-13 17:48:03,1747158483.0556648,buy,market,83019672
104262.0,5.036e-05,2025-05-13 17:48:04,1747158484.9633076,buy,market,83019673
104262.0,0.00076864,2025-05-13 17:48:04,1747158484.9633076,buy,market,83019674
104262.0,0.0008983,2025-05-13 17:48:14,1747158494.1453054,buy,limit,83019675
104262.0,0.01483917,2025-05-13 17:48:20,1747158500.78218,buy,limit,83019676
104262.0,9.591e-05,2025-05-13 17:48:20,1747158500.78218,buy,limit,83019677
104262.0,0.00831872,2025-05-13 17:48:20,1747158500.78218,buy,limit,83019678
104261.9,0.000194,2025-05-13 17:48:21,1747158501.025634,sell,limit,83019679
104261.9,0.00340728,2025-05-13 17:48:21,1747158501.6004264,sell,limit,83019680
104262.0,9.591e-05,2025-05-13 17:48:38,1747158518.5693476,buy,limit,83019681
104262.0,0.00400409,2025-05-13 17:48:38,1747158518.5693476,buy,limit,83019682
104268.9,0.0509323,2025-05-13 17:48:38,1747158518.795236,buy,market,83019688
104268.8,0.00020587,2025-05-13 17:48:38,1747158518.795236,buy,market,83019687
104264.0,0.00248542,2025-05-13 17:48:38,1747158518.795236,buy,market,83019686
104262.0,9.591e-05,2025-05-13 17:48:38,1747158518.795236,buy,market,83019684
104262.0,0.01250202,2025-05-13 17:48:38,1747158518.795236,buy,market,83019683
104264.0,0.00231922,2025-05-13 17:48:38,1747158518.795236,buy,market,83019685
104268.8,5e-05,2025-05-13 17:48:38,1747158518.98614,sell,market,83019689
104268.8,9.6e-06,2025-05-13 17:48:39,1747158519.7420065,sell,limit,83019690
104268.9,9.591e-05,2025-05-13 17:48:43,1747158523.1242669,buy,limit,83019691
104268.9,0.00926138,2025-05-13 17:48:43,1747158523.1242669,buy,limit,83019692
104268.8,0.00575435,2025-05-13 17:48:43,1747158523.6381662,sell,market,83019693
104268.9,9.591e-05,2025-05-13 17:48:50,1747158530.25584,buy,limit,83019694
104268.9,0.00288945,2025-05-13 17:48:50,1747158530.25584,buy,limit,83019695
104268.9,0.00981464,2025-05-13 17:48:50,1747158530.25584,buy,limit,83019696
104268.9,0.00056693,2025-05-13 17:48:51,1747158531.9480844,buy,limit,83019697
104268.9,9.591e-05,2025-05-13 17:48:55,1747158535.720159,buy,market,83019698
104268.9,0.00801409,2025-05-13 17:48:55,1747158535.7201593,buy,market,83019699
104268.9,5e-05,2025-05-13 17:49:03,1747158543.0429645,buy,market,83019700
104268.9,0.00042649,2025-05-13 17:49:03,1747158543.2502067,buy,market,83019701
104268.9,0.00312398,2025-05-13 17:49:04,1747158544.005767,buy,market,83019703
104268.9,9.591e-05,2025-05-13 17:49:04,1747158544.005767,buy,market,83019702
104268.9,9.543e-05,2025-05-13 17:49:07,1747158547.2398758,buy,limit,83019704
104268.9,0.00011286,2025-05-13 17:49:10,1747158550.5168,buy,limit,83019705
104268.8,5e-05,2025-05-13 17:49:15,1747158555.203088,sell,market,83019706
104268.9,0.03666773,2025-05-13 17:49:18,1747158558.5860016,buy,market,83019707
104268.9,0.004,2025-05-13 17:49:18,1747158558.5860016,buy,market,83019708
104268.9,0.00111637,2025-05-13 17:49:18,1747158558.5860016,buy,market,83019709
104268.9,9.591e-05,2025-05-13 17:49:24,1747158564.4616444,buy,limit,83019710
104268.9,0.00084041,2025-05-13 17:49:24,1747158564.4616444,buy,limit,83019711
104268.8,5e-05,2025-05-13 17:49:24,1747158564.73802,sell,market,83019712
104268.8,0.0001,2025-05-13 17:49:24,1747158564.73802,sell,market,83019713
104268.8,4.2e-05,2025-05-13 17:49:24,1747158564.73802,sell,market,83019714
104268.9,0.00055698,2025-05-13 17:49:30,1747158570.8451722,buy,limit,83019715
104268.8,0.02953196,2025-05-13 17:49:38,1747158578.1342328,sell,limit,83019718
104268.8,0.009072,2025-05-13 17:49:38,1747158578.1342328,sell,limit,83019716
104268.8,0.001,2025-05-13 17:49:38,1747158578.1342328,sell,limit,83019717
104268.9,0.00107836,2025-05-13 17:49:39,1747158579.3343382,buy,limit,83019719
104268.8,0.96246804,2025-05-13 17:49:42,1747158582.4577646,sell,market,83019720
104268.8,0.0001,2025-05-13 17:49:42,1747158582.4577646,sell,market,83019721
104268.8,0.0001,2025-05-13 17:49:42,1747158582.4577646,sell,market,83019722
104268.8,0.00479529,2025-05-13 17:49:42,1747158582.4577646,sell,market,83019723
104254.1,2.39798618,2025-05-13 17:49:42,1747158582.4577646,sell,market,83019724
104253.4,0.42275049,2025-05-13 17:49:42,1747158582.4577646,sell,market,83019725
104253.5,0.00047251,2025-05-13 17:49:47,1747158587.3303123,buy,limit,83019726
104253.5,0.0160336,2025-05-13 17:49:48,1747158588.5346549,buy,market,83019727
104253.5,9.59e-05,2025-05-13 17:49:48,1747158588.5346549,buy,market,83019728
104253.5,0.01470272,2025-05-13 17:49:48,1747158588.5346549,buy,market,83019729
104253.5,0.14410228,2025-05-13 17:49:56,1747158596.8485236,buy,market,83019730
104253.4,0.0001,2025-05-13 17:49:59,1747158599.003264,sell,limit,83019731
104253.4,1.063e-05,2025-05-13 17:49:59,1747158599.003264,sell,limit,83019732
104253.5,0.00033076,2025-05-13 17:50:01,1747158601.9938471,buy,limit,83019733
104253.5,5e-05,2025-05-13 17:50:03,1747158603.0395715,buy,market,83019734
104253.4,0.001,2025-05-13 17:50:13,1747158613.9776335,sell,market,83019736
104253.4,0.00292005,2025-05-13 17:50:13,1747158613.9776335,sell,market,83019737
104253.4,8.937e-05,2025-05-13 17:50:13,1747158613.9776335,sell,market,83019735
104253.5,0.0016877,2025-05-13 17:50:19,1747158619.8997061,buy,market,83019738
104253.5,0.0005123,2025-05-13 17:50:19,1747158619.8997061,buy,market,83019739
104253.5,3.182e-05,2025-05-13 17:50:20,1747158620.9087737,buy,limit,83019740
104253.5,3.369e-05,2025-05-13 17:50:41,1747158641.997616,buy,limit,83019741
104253.4,0.00195197,2025-05-13 17:50:53,1747158653.3713365,sell,limit,83019742
104253.4,0.0004688,2025-05-13 17:50:53,1747158653.7281847,sell,limit,83019743
104253.5,9.59e-05,2025-05-13 17:50:57,1747158657.7935016,buy,limit,83019744
104253.5,0.00062162,2025-05-13 17:50:57,1747158657.7935016,buy,limit,83019745
104253.5,0.00176944,2025-05-13 17:51:01,1747158661.6579647,buy,market,83019746
104253.5,0.00024326,2025-05-13 17:51:02,1747158662.6805234,buy,market,83019747
104253.5,5e-05,2025-05-13 17:51:03,1747158663.0406346,buy,market,83019748
104253.5,0.01382179,2025-05-13 17:51:04,1747158664.4457035,buy,market,83019749
104253.5,0.02821348,2025-05-13 17:51:04,1747158664.4457035,buy,market,83019750
104253.5,9.59e-05,2025-05-13 17:51:04,1747158664.4457035,buy,market,83019751
104256.2,0.08639491,2025-05-13 17:51:04,1747158664.4457037,buy,market,83019752
104256.2,0.01,2025-05-13 17:51:10,1747158670.8638296,buy,market,83019753
104256.2,0.0013,2025-05-13 17:51:23,1747158683.5167816,buy,market,83019754
104256.2,0.01393311,2025-05-13 17:51:27,1747158687.0966742,buy,market,83019755
104256.2,0.001273,2025-05-13 17:51:27,1747158687.0966742,buy,market,83019756
104260.0,0.0395576,2025-05-13 17:51:27,1747158687.0966742,buy,market,83019757
104268.9,5.035e-05,2025-05-13 17:51:27,1747158687.0966742,buy,market,83019758
104286.9,0.02848211,2025-05-13 17:51:27,1747158687.0966744,buy,market,83019763
104280.0,5.035e-05,2025-05-13 17:51:27,1747158687.0966744,buy,market,83019761
104286.8,9.592e-05,2025-05-13 17:51:27,1747158687.0966744,buy,market,83019762
104274.0,0.01,2025-05-13 17:51:27,1747158687.0966744,buy,market,83019759
104280.0,0.0032,2025-05-13 17:51:27,1747158687.0966744,buy,market,83019760
104284.0,9.591e-05,2025-05-13 17:51:30,1747158690.8138192,buy,market,83019764
104284.0,2.091e-05,2025-05-13 17:51:30,1747158690.8138192,buy,market,83019765
104283.9,0.000222,2025-05-13 17:51:32,1747158692.3508117,sell,limit,83019766
104284.0,0.00044784,2025-05-13 17:51:35,1747158695.175005,buy,limit,83019767
104284.0,0.00400942,2025-05-13 17:51:35,1747158695.237559,buy,market,83019768
104284.0,0.0117,2025-05-13 17:51:38,1747158698.586533,buy,limit,83019769
104291.1,0.01094966,2025-05-13 17:51:50,1747158710.211713,buy,market,83019771
104291.1,5.034e-05,2025-05-13 17:51:50,1747158710.211713,buy,market,83019770
104291.1,9.588e-05,2025-05-13 17:51:50,1747158710.4418254,buy,limit,83019772
104298.8,0.01160412,2025-05-13 17:51:50,1747158710.4418254,buy,limit,83019773
104298.7,9.588e-05,2025-05-13 17:51:51,1747158711.151082,buy,market,83019774
104298.7,0.00114316,2025-05-13 17:51:51,1747158711.151082,buy,market,83019775
104291.1,9.588e-05,2025-05-13 17:51:57,1747158717.7452698,buy,market,83019776
104291.1,0.00124799,2025-05-13 17:51:57,1747158717.7452698,buy,market,83019777
104291.1,0.004,2025-05-13 17:51:57,1747158717.7452698,buy,market,83019778
104291.1,0.01650611,2025-05-13 17:51:57,1747158717.7452698,buy,market,83019779
104291.1,0.00694075,2025-05-13 17:51:57,1747158717.7452698,buy,market,83019780
104291.1,0.03963287,2025-05-13 17:51:57,1747158717.7452698,buy,market,83019781
104291.9,0.00805,2025-05-13 17:51:59,1747158719.1305194,buy,market,83019782
104291.2,5e-05,2025-05-13 17:52:03,1747158723.0379303,buy,market,83019783
104291.2,0.00500271,2025-05-13 17:52:10,1747158730.579029,buy,market,83019784
104291.2,0.0055,2025-05-13 17:52:13,1747158733.0109181,buy,market,83019785
104291.2,9.589e-05,2025-05-13 17:52:13,1747158733.4210217,buy,market,83019786
104291.2,0.00213396,2025-05-13 17:52:13,1747158733.421022,buy,market,83019787
104291.2,0.00719604,2025-05-13 17:52:14,1747158734.0792825,buy,market,83019788
104291.2,0.00022493,2025-05-13 17:52:24,1747158744.3918467,buy,limit,83019789
104291.2,0.00467733,2025-05-13 17:52:30,1747158750.577984,buy,limit,83019790
104291.2,0.00011446,2025-05-13 17:52:37,1747158757.4922688,buy,market,83019791
104291.2,0.00017774,2025-05-13 17:52:57,1747158777.0203173,buy,limit,83019792
104291.2,0.00027037,2025-05-13 17:52:59,1747158779.0028412,buy,limit,83019793
104291.2,0.004045,2025-05-13 17:53:02,1747158782.4554758,buy,market,83019794
104291.2,5e-05,2025-05-13 17:53:03,1747158783.0427413,buy,market,83019795
104291.1,9.589e-05,2025-05-13 17:53:04,1747158784.4674902,sell,limit,83019796
104291.1,4.11e-06,2025-05-13 17:53:04,1747158784.9003932,sell,limit,83019797
104291.1,9.178e-05,2025-05-13 17:53:04,1747158784.9003932,sell,limit,83019798
104291.1,0.00090822,2025-05-13 17:53:15,1747158795.3715997,sell,limit,83019799
104291.1,0.00179706,2025-05-13 17:53:15,1747158795.3715997,sell,limit,83019800
104291.1,0.0001,2025-05-13 17:53:21,1747158801.6261811,sell,limit,83019802
104291.1,0.0001,2025-05-13 17:53:21,1747158801.6261811,sell,limit,83019805
104291.1,0.006003,2025-05-13 17:53:21,1747158801.6261811,sell,limit,83019804
104291.1,0.0160724,2025-05-13 17:53:21,1747158801.6261811,sell,limit,83019801
104291.1,0.000671,2025-05-13 17:53:21,1747158801.6261811,sell,limit,83019803
104280.0,5.034e-05,2025-05-13 17:53:21,1747158801.6286387,sell,limit,83019806
104269.0,5.035e-05,2025-05-13 17:53:24,1747158804.7248373,sell,limit,83019807
104269.0,0.0001,2025-05-13 17:53:24,1747158804.7248373,sell,limit,83019808
104269.0,0.0001,2025-05-13 17:53:24,1747158804.7248373,sell,limit,83019809
104260.0,0.0013721,2025-05-13 17:53:24,1747158804.7248373,sell,limit,83019810
104260.0,0.00180272,2025-05-13 17:53:25,1747158805.3139188,sell,limit,83019811
104258.0,5.035e-05,2025-05-13 17:53:25,1747158805.3139188,sell,limit,83019812
104253.4,6.676e-05,2025-05-13 17:53:25,1747158805.313919,sell,limit,83019813
104250.1,9.545e-05,2025-05-13 17:53:30,1747158810.0385475,buy,limit,83019814
104250.1,9.45e-06,2025-05-13 17:53:31,1747158811.912217,buy,limit,83019815
104250.1,9.451e-05,2025-05-13 17:53:32,1747158812.037812,buy,limit,83019816
104250.1,0.03601776,2025-05-13 17:53:43,1747158823.1932733,buy,market,83019817
104250.1,0.00037433,2025-05-13 17:54:16,1747158856.2350311,buy,limit,83019818
104250.0,0.00391638,2025-05-13 17:54:17,1747158857.5088155,sell,market,83019819
104250.1,0.0008984,2025-05-13 17:54:21,1747158861.1359267,buy,limit,83019820
104250.0,0.00022,2025-05-13 17:54:29,1747158869.3420734,sell,market,83019821
104250.0,0.001,2025-05-13 17:54:32,1747158872.7976124,sell,market,83019822
104250.0,0.00129651,2025-05-13 17:54:44,1747158884.9068954,sell,limit,83019823
104250.0,9.998e-05,2025-05-13 17:55:02,1747158902.1128318,sell,limit,83019824
104250.1,0.00047253,2025-05-13 17:55:03,1747158903.0435314,buy,limit,83019825
104250.0,0.02346713,2025-05-13 17:55:04,1747158904.667133,sell,limit,83019826
104250.0,0.0001,2025-05-13 17:55:04,1747158904.667133,sell,limit,83019827
104250.0,0.0001,2025-05-13 17:55:04,1747158904.667133,sell,limit,83019828
104250.0,0.001,2025-05-13 17:55:04,1747158904.667133,sell,limit,83019829
104250.0,0.00800853,2025-05-13 17:55:04,1747158904.667133,sell,limit,83019830
104247.0,5.036e-05,2025-05-13 17:55:05,1747158905.2994475,sell,limit,83019831
104236.0,5.036e-05,2025-05-13 17:55:05,1747158905.2994475,sell,limit,83019832
104225.1,0.00487818,2025-05-13 17:55:06,1747158906.321113,buy,limit,83019833
104200.0,0.00016026,2025-05-13 17:55:11,1747158911.6244948,sell,limit,83019841
104225.0,0.0001,2025-05-13 17:55:11,1747158911.6244948,sell,limit,83019835
104203.0,5.038e-05,2025-05-13 17:55:11,1747158911.6244948,sell,limit,83019840
104200.0,0.00348398,2025-05-13 17:55:11,1747158911.6244948,sell,limit,83019842
104204.5,0.00959,2025-05-13 17:55:11,1747158911.6244948,sell,limit,83019839
104225.0,5.037e-05,2025-05-13 17:55:11,1747158911.6244948,sell,limit,83019834
104225.0,0.001,2025-05-13 17:55:11,1747158911.6244948,sell,limit,83019837
104225.0,0.0001,2025-05-13 17:55:11,1747158911.6244948,sell,limit,83019836
104214.0,5.037e-05,2025-05-13 17:55:11,1747158911.6244948,sell,limit,83019838
104200.0,0.00014395,2025-05-13 17:55:40,1747158940.9367576,sell,market,83019843
104200.0,0.02948023,2025-05-13 17:55:42,1747158942.8956184,sell,market,83019844
104200.0,0.0001,2025-05-13 17:55:42,1747158942.8956184,sell,market,83019845
104200.0,0.0001,2025-05-13 17:55:42,1747158942.8956187,sell,market,83019846
104200.0,0.001,2025-05-13 17:55:42,1747158942.8956187,sell,market,83019847
104200.0,0.16152267,2025-05-13 17:55:42,1747158942.8956187,sell,market,83019848
104200.0,0.58803695,2025-05-13 17:55:42,1747158942.8956187,sell,market,83019849
104200.0,0.00479846,2025-05-13 17:55:53,1747158953.2821689,sell,market,83019850
104200.1,0.00877304,2025-05-13 17:55:58,1747158958.0982096,buy,limit,83019851
104200.0,0.0001,2025-05-13 17:56:32,1747158992.3284602,sell,limit,83019852
104200.0,0.0001,2025-05-13 17:56:32,1747158992.3284602,sell,limit,83019853
104200.0,8.825e-05,2025-05-13 17:56:32,1747158992.3284602,sell,limit,83019854
104200.1,9.595e-05,2025-05-13 17:56:45,1747159005.9906182,buy,limit,83019855
104200.1,0.00035225,2025-05-13 17:56:45,1747159005.9906182,buy,limit,83019856
104200.1,0.23992299,2025-05-13 17:56:47,1747159007.787439,buy,market,83019857
104200.0,4.93e-05,2025-05-13 17:56:49,1747159009.3241782,sell,limit,83019858
104200.0,0.015,2025-05-13 17:56:50,1747159010.0935571,sell,limit,83019859
104200.1,0.00234071,2025-05-13 17:56:50,1747159010.9629452,buy,limit,83019860
104200.1,0.00115776,2025-05-13 17:56:54,1747159014.125268,buy,limit,83019861
104200.0,0.00059021,2025-05-13 17:56:56,1747159016.770534,sell,limit,83019862
104200.0,0.01680021,2025-05-13 17:57:12,1747159032.7701075,sell,limit,83019863
104200.0,8.053e-05,2025-05-13 17:57:15,1747159035.8079007,sell,limit,83019864
104200.1,0.00478468,2025-05-13 17:57:19,1747159039.0803685,buy,limit,83019865
104200.0,0.0001,2025-05-13 17:57:21,1747159041.8825643,sell,limit,83019871
104200.0,0.13439506,2025-05-13 17:57:21,1747159041.8825643,sell,limit,83019872
104200.0,0.0001,2025-05-13 17:57:21,1747159041.8825643,sell,limit,83019870
104200.0,0.0063915,2025-05-13 17:57:21,1747159041.8825643,sell,limit,83019866
104200.0,0.00231922,2025-05-13 17:57:21,1747159041.8825643,sell,limit,83019868
104200.0,0.001,2025-05-13 17:57:21,1747159041.8825643,sell,limit,83019867
104200.0,0.00248542,2025-05-13 17:57:21,1747159041.8825643,sell,limit,83019869
104200.1,0.00118111,2025-05-13 17:57:27,1747159047.9988048,buy,limit,83019873
104200.1,1.444e-05,2025-05-13 17:57:37,1747159057.0670595,buy,limit,83019874
104200.1,0.01880445,2025-05-13 17:57:38,1747159058.7278383,buy,limit,83019875
104200.1,0.02894867,2025-05-13 17:57:38,1747159058.7278383,buy,limit,83019876
104200.1,0.04814688,2025-05-13 17:57:38,1747159058.7278383,buy,limit,83019877
104200.1,0.00089883,2025-05-13 17:57:39,1747159059.5460515,buy,limit,83019878
104200.1,0.0155,2025-05-13 17:57:40,1747159060.5817876,buy,limit,83019879
104200.1,0.0959,2025-05-13 17:57:41,1747159061.4279237,buy,limit,83019880
104200.1,0.00108905,2025-05-13 17:57:42,1747159062.8471684,buy,limit,83019881
104200.1,0.001,2025-05-13 17:57:43,1747159063.2214906,buy,limit,83019882
104200.1,0.0128,2025-05-13 17:57:52,1747159072.75027,buy,limit,83019883
104200.1,0.0128,2025-05-13 17:57:53,1747159073.507975,buy,limit,83019884
104200.1,0.0137,2025-05-13 17:57:54,1747159074.5167398,buy,limit,83019885
104200.1,0.05265948,2025-05-13 17:57:55,1747159075.7983754,buy,limit,83019886
104200.1,0.015,2025-05-13 17:57:55,1747159075.7983754,buy,limit,83019887
104200.1,0.01514052,2025-05-13 17:57:55,1747159075.7983754,buy,limit,83019888
104200.1,0.007239,2025-05-13 17:57:59,1747159079.8622103,buy,limit,83019889
104200.1,0.00647122,2025-05-13 17:57:59,1747159079.8622103,buy,limit,83019890
104200.1,1.73e-05,2025-05-13 17:58:01,1747159081.6248078,buy,limit,83019891
104200.1,0.00022513,2025-05-13 17:58:03,1747159083.895782,buy,limit,83019892
104200.0,0.2509,2025-05-13 17:58:08,1747159088.6398215,sell,limit,83019899
104200.0,0.2566,2025-05-13 17:58:08,1747159088.6398215,sell,limit,83019898
104200.0,0.12076,2025-05-13 17:58:08,1747159088.6398215,sell,limit,83019897
104200.0,0.04,2025-05-13 17:58:08,1747159088.6398215,sell,limit,83019900
104200.0,0.0001,2025-05-13 17:58:08,1747159088.6398215,sell,limit,83019895
104200.0,0.0001,2025-05-13 17:58:08,1747159088.6398215,sell,limit,83019894
104200.0,0.18559494,2025-05-13 17:58:08,1747159088.6398215,sell,limit,83019893
104200.0,0.25,2025-05-13 17:58:08,1747159088.6398215,sell,limit,83019896
104200.0,0.004,2025-05-13 17:58:08,1747159088.6398218,sell,limit,83019901
104200.0,0.8,2025-05-13 17:58:08,1747159088.6398218,sell,limit,83019902
104200.0,0.09194506,2025-05-13 17:58:08,1747159088.6398218,sell,limit,83019903
104200.1,0.00234637,2025-05-13 17:58:14,1747159094.4966948,buy,limit,83019904
104261.1,0.01324752,2025-05-13 17:58:14,1747159094.9816585,buy,limit,83019911
104261.0,9.596e-05,2025-05-13 17:58:14,1747159094.9816585,buy,limit,83019910
104246.9,5.036e-05,2025-05-13 17:58:14,1747159094.9816585,buy,limit,83019909
104210.4,0.00447618,2025-05-13 17:58:14,1747159094.9816585,buy,limit,83019905
104225.0,5.037e-05,2025-05-13 17:58:14,1747159094.9816585,buy,limit,83019907
104213.9,5.038e-05,2025-05-13 17:58:14,1747159094.9816585,buy,limit,83019906
104236.0,5.037e-05,2025-05-13 17:58:14,1747159094.9816585,buy,limit,83019908
104250.8,9.596e-05,2025-05-13 17:58:15,1747159095.6503978,buy,market,83019912
104250.8,0.00090404,2025-05-13 17:58:15,1747159095.6503978,buy,market,83019913
104250.7,0.01,2025-05-13 17:58:16,1747159096.6510732,sell,market,83019914
104250.8,9.592e-05,2025-05-13 17:58:17,1747159097.4700468,buy,limit,83019915
104250.8,0.00499729,2025-05-13 17:58:17,1747159097.4700468,buy,limit,83019916
104250.8,0.01150882,2025-05-13 17:58:31,1747159111.4303844,buy,limit,83019917
104250.8,9.592e-05,2025-05-13 17:58:31,1747159111.4303844,buy,limit,83019918
104258.1,5.036e-05,2025-05-13 17:58:31,1747159111.4303844,buy,limit,83019919
104259.3,0.0072453,2025-05-13 17:58:31,1747159111.4303844,buy,limit,83019920
104256.1,9.592e-05,2025-05-13 17:58:32,1747159112.967552,buy,market,83019921
104263.9,0.01632992,2025-05-13 17:58:32,1747159112.967552,buy,market,83019922
104256.1,0.00093583,2025-05-13 17:58:36,1747159116.1071112,buy,limit,83019923
104256.1,0.00024631,2025-05-13 17:58:40,1747159120.5237641,buy,limit,83019924
104256.1,0.00044796,2025-05-13 17:58:50,1747159130.78598,buy,limit,83019925
104256.1,0.000567,2025-05-13 17:59:05,1747159145.0413477,buy,limit,83019926
104256.1,0.01430901,2025-05-13 17:59:06,1747159146.5671,buy,market,83019927
104256.1,9.591e-05,2025-05-13 17:59:06,1747159146.5671,buy,market,83019928
104261.1,0.00060733,2025-05-13 17:59:06,1747159146.5671,buy,market,83019929
104269.0,5.035e-05,2025-05-13 17:59:06,1747159146.5671,buy,market,83019930
104272.1,0.1349374,2025-05-13 17:59:06,1747159146.5671,buy,market,83019931
104272.1,0.00084909,2025-05-13 17:59:07,1747159147.1281033,buy,limit,83019933
104264.4,9.591e-05,2025-05-13 17:59:07,1747159147.1281033,buy,limit,83019932
104272.1,0.01,2025-05-13 17:59:16,1747159156.5864708,buy,market,83019934
104280.1,5.035e-05,2025-05-13 17:59:16,1747159156.647591,buy,market,83019935
104280.1,9.59e-05,2025-05-13 17:59:16,1747159156.647591,buy,market,83019936
104287.5,0.14985375,2025-05-13 17:59:16,1747159156.647591,buy,market,83019937
104288.1,0.235,2025-05-13 17:59:16,1747159156.8809497,sell,limit,83019938
104288.2,2.241e-05,2025-05-13 17:59:19,1747159159.2542274,buy,limit,83019939
104288.2,0.01650611,2025-05-13 17:59:27,1747159167.0572472,buy,market,83019941
104288.2,9.59e-05,2025-05-13 17:59:27,1747159167.0572472,buy,market,83019940
104291.0,0.13339799,2025-05-13 17:59:27,1747159167.0572472,buy,market,83019942
104291.0,9.589e-05,2025-05-13 17:59:43,1747159183.8199356,buy,market,83019943
104291.0,1.63e-05,2025-05-13 17:59:43,1747159183.8199356,buy,market,83019944
104291.0,0.00014312,2025-05-13 17:59:59,1747159199.0523903,buy,limit,83019945
104291.0,0.00022946,2025-05-13 18:00:00,1747159200.072199,buy,limit,83019946
104291.0,9.541e-05,2025-05-13 18:00:00,1747159200.090997,buy,limit,83019947
104290.9,0.01852157,2025-05-13 18:00:04,1747159204.2387557,sell,market,83019952
104290.9,5e-05,2025-05-13 18:00:04,1747159204.2387557,sell,market,83019951
104290.9,0.0001,2025-05-13 18:00:04,1747159204.2387557,sell,market,83019948
104290.9,0.0001,2025-05-13 18:00:04,1747159204.2387557,sell,market,83019949
104290.9,0.001,2025-05-13 18:00:04,1747159204.2387557,sell,market,83019950
104291.0,9.541e-05,2025-05-13 18:00:05,1747159205.0470047,buy,limit,83019953
104290.9,0.02135953,2025-05-13 18:00:06,1747159206.9913533,sell,market,83019954
104291.0,0.00188937,2025-05-13 18:00:11,1747159211.7601888,buy,limit,83019955
104291.0,0.002877,2025-05-13 18:00:12,1747159212.8483357,buy,market,83019956
104291.0,0.002877,2025-05-13 18:00:14,1747159214.1221564,buy,market,83019957
104291.0,0.0013,2025-05-13 18:00:15,1747159215.4595687,buy,limit,83019958
104291.0,0.0007612,2025-05-13 18:00:17,1747159217.987711,buy,market,83019960
104291.0,9.588e-05,2025-05-13 18:00:17,1747159217.987711,buy,market,83019959
104290.9,0.000992,2025-05-13 18:00:21,1747159221.8658123,sell,limit,83019961
104290.9,0.00181823,2025-05-13 18:00:25,1747159225.9920948,sell,limit,83019962
104291.0,0.00218418,2025-05-13 18:00:27,1747159227.040536,buy,limit,83019963
104290.9,0.00994107,2025-05-13 18:00:27,1747159227.1895704,sell,limit,83019964
104291.0,0.01432193,2025-05-13 18:00:32,1747159232.5654101,buy,market,83019965
104291.0,9.588e-05,2025-05-13 18:00:32,1747159232.5654101,buy,market,83019966
104291.0,0.00058219,2025-05-13 18:00:32,1747159232.5654101,buy,market,83019967
104291.0,0.00035299,2025-05-13 18:00:34,1747159234.4907246,buy,market,83019968
104291.0,3.003e-05,2025-05-13 18:00:35,1747159235.3451314,buy,limit,83019969
104291.0,0.00510902,2025-05-13 18:00:38,1747159238.9496891,buy,limit,83019970
104291.0,0.00287615,2025-05-13 18:00:44,1747159244.6986861,buy,market,83019971
104291.0,0.00369211,2025-05-13 18:00:46,1747159246.9760559,buy,limit,83019972
104291.0,1.889e-05,2025-05-13 18:00:56,1747159256.0394626,buy,limit,83019973
104291.0,9.588e-05,2025-05-13 18:00:59,1747159259.754299,buy,limit,83019974
104291.0,4.221e-05,2025-05-13 18:00:59,1747159259.754299,buy,limit,83019975
104291.0,2.646e-05,2025-05-13 18:01:07,1747159267.78497,buy,limit,83019976
104290.9,0.0001,2025-05-13 18:01:09,1747159269.0449915,sell,limit,83019978
104290.9,0.0001,2025-05-13 18:01:09,1747159269.0449915,sell,limit,83019977
104290.9,0.00078283,2025-05-13 18:01:09,1747159269.0449917,sell,limit,83019979
104291.0,3.757e-05,2025-05-13 18:01:23,1747159283.1689632,buy,limit,83019980
104291.0,0.00056054,2025-05-13 18:01:29,1747159289.8415258,buy,market,83019981
104291.0,0.00032492,2025-05-13 18:01:41,1747159301.234638,buy,limit,83019982
104291.0,0.00061055,2025-05-13 18:01:41,1747159301.234638,buy,limit,83019983
104291.0,6.49e-05,2025-05-13 18:01:54,1747159314.6944027,buy,limit,83019984
104290.9,9.589e-05,2025-05-13 18:02:01,1747159321.6649396,sell,limit,83019985
104290.9,9.589e-05,2025-05-13 18:02:05,1747159325.0809505,sell,limit,83019986
104291.0,0.00165934,2025-05-13 18:02:13,1747159333.0436368,buy,limit,83019987
104291.0,9.355e-05,2025-05-13 18:02:26,1747159346.6645923,buy,limit,83019988
104291.0,0.00201902,2025-05-13 18:02:32,1747159352.533113,buy,limit,83019989
104291.0,0.00118602,2025-05-13 18:02:40,1747159360.6837711,buy,limit,83019990
104291.0,0.03385163,2025-05-13 18:02:48,1747159368.7059906,buy,market,83019991
104290.9,0.0001,2025-05-13 18:02:55,1747159375.7989745,sell,limit,83019994
104290.9,0.18656175,2025-05-13 18:02:55,1747159375.7989745,sell,limit,83019995
104290.9,0.001,2025-05-13 18:02:55,1747159375.7989745,sell,limit,83019992
104290.9,0.0001,2025-05-13 18:02:55,1747159375.7989745,sell,limit,83019993
104291.0,9.589e-05,2025-05-13 18:03:01,1747159381.933447,buy,limit,83019997
104291.0,0.18271414,2025-05-13 18:03:01,1747159381.933447,buy,limit,83019998
104291.0,0.01650611,2025-05-13 18:03:01,1747159381.933447,buy,limit,83019996
104291.0,0.00044781,2025-05-13 18:03:16,1747159396.8198037,buy,limit,83019999
104291.0,5.954e-05,2025-05-13 18:03:21,1747159401.2682397,buy,market,83020000
104291.0,5.351e-05,2025-05-13 18:03:21,1747159401.2714603,buy,limit,83020001
104291.0,0.01818283,2025-05-13 18:03:22,1747159402.5956235,buy,limit,83020002
104291.0,9.355e-05,2025-05-13 18:03:35,1747159415.5958061,buy,limit,83020003
104291.0,0.00019887,2025-05-13 18:03:38,1747159418.614261,buy,market,83020004
104290.9,0.01337586,2025-05-13 18:03:43,1747159423.4344988,sell,limit,83020005
104291.0,8.765e-05,2025-05-13 18:03:52,1747159432.6341462,buy,limit,83020006
104291.0,0.00028268,2025-05-13 18:04:09,1747159449.2910779,buy,limit,83020007
104291.0,0.00075618,2025-05-13 18:04:12,1747159452.9550521,buy,market,83020008
104291.0,0.00046113,2025-05-13 18:04:13,1747159453.4318233,buy,limit,83020009
104291.0,0.03666211,2025-05-13 18:04:15,1747159455.223142,buy,limit,83020010
104291.0,0.01650611,2025-05-13 18:04:15,1747159455.223142,buy,limit,83020011
104291.0,0.04263178,2025-05-13 18:04:15,1747159455.223142,buy,limit,83020012
104290.9,0.00049505,2025-05-13 18:04:18,1747159458.1462834,sell,limit,83020013
104291.0,0.0015,2025-05-13 18:04:27,1747159467.1282504,buy,limit,83020014
104291.0,0.01729646,2025-05-13 18:04:36,1747159476.118821,buy,market,83020015
104291.0,0.07930858,2025-05-13 18:04:38,1747159478.838396,buy,limit,83020016
104291.0,0.00709142,2025-05-13 18:04:38,1747159478.838396,buy,limit,83020017
104291.0,0.009,2025-05-13 18:04:50,1747159490.4619675,buy,limit,83020018
104291.0,0.016,2025-05-13 18:04:54,1747159494.077625,sell,limit,83020019
104291.0,0.00189612,2025-05-13 18:04:59,1747159499.1065226,sell,limit,83020020
104291.1,5.034e-05,2025-05-13 18:04:59,1747159499.7789748,buy,limit,83020021
104291.1,4.413e-05,2025-05-13 18:04:59,1747159499.7789748,buy,limit,83020022
104291.1,0.0153,2025-05-13 18:05:02,1747159502.3819628,buy,limit,83020023
104298.9,0.00044957,2025-05-13 18:05:05,1747159505.7723613,buy,market,83020024
104298.9,0.0014032,2025-05-13 18:05:11,1747159511.603525,buy,limit,83020025
104298.9,0.00736074,2025-05-13 18:05:13,1747159513.9812462,buy,limit,83020026
104298.9,0.00793926,2025-05-13 18:05:13,1747159513.9812462,buy,limit,83020027
104298.9,0.08723315,2025-05-13 18:05:35,1747159535.085149,buy,limit,83020029
104298.9,0.00856685,2025-05-13 18:05:35,1747159535.085149,buy,limit,83020028
104298.9,0.00798407,2025-05-13 18:05:44,1747159544.9963553,buy,market,83020030
104298.9,0.01032311,2025-05-13 18:05:47,1747159547.148433,buy,limit,83020031
104298.9,0.01650611,2025-05-13 18:05:47,1747159547.148433,buy,limit,83020032
104298.9,0.06857078,2025-05-13 18:05:47,1747159547.148433,buy,limit,83020033
104298.9,0.0105686,2025-05-13 18:05:48,1747159548.1625464,buy,limit,83020034
104300.0,0.005,2025-05-13 18:05:58,1747159558.6432836,buy,limit,83020035
104300.0,0.0798314,2025-05-13 18:05:58,1747159558.6432836,buy,limit,83020036
104300.0,8.851e-05,2025-05-13 18:06:01,1747159561.2049022,buy,limit,83020037
104299.9,0.00287615,2025-05-13 18:06:03,1747159563.8319917,sell,limit,83020038
104301.3,0.00013097,2025-05-13 18:06:10,1747159570.05079,buy,market,83020042
104300.0,0.01650611,2025-05-13 18:06:10,1747159570.05079,buy,market,83020041
104301.3,0.00280466,2025-05-13 18:06:10,1747159570.05079,buy,market,83020043
104300.0,0.17008009,2025-05-13 18:06:10,1747159570.05079,buy,market,83020039
104300.0,0.015,2025-05-13 18:06:10,1747159570.05079,buy,market,83020040
104301.3,0.00040523,2025-05-13 18:06:10,1747159570.0507903,buy,market,83020044
104302.0,5.033e-05,2025-05-13 18:06:10,1747159570.0507903,buy,market,83020045
104305.5,5e-05,2025-05-13 18:06:10,1747159570.0507903,buy,market,83020046
104305.5,0.00953,2025-05-13 18:06:10,1747159570.0507903,buy,market,83020047
104313.0,5.033e-05,2025-05-13 18:06:10,1747159570.0507903,buy,market,83020048
104317.4,5.5e-05,2025-05-13 18:06:10,1747159570.0507903,buy,market,83020049
104324.1,5.032e-05,2025-05-13 18:06:10,1747159570.0507903,buy,market,83020050
104330.0,0.03528696,2025-05-13 18:06:10,1747159570.0507903,buy,market,83020051
104330.0,0.03871402,2025-05-13 18:06:20,1747159580.0313675,buy,limit,83020052
104330.0,0.01650611,2025-05-13 18:06:20,1747159580.0313675,buy,limit,83020053
104335.0,5.032e-05,2025-05-13 18:06:20,1747159580.0313675,buy,limit,83020054
104339.0,0.00037766,2025-05-13 18:06:20,1747159580.0313678,buy,limit,83020055
104343.3,7.478e-05,2025-05-13 18:06:23,1747159583.094153,sell,market,83020056
104345.2,0.0002444,2025-05-13 18:06:26,1747159586.8552377,buy,limit,83020062
104346.1,5.137e-05,2025-05-13 18:06:26,1747159586.8552377,buy,limit,83020063
104344.9,9.584e-05,2025-05-13 18:06:26,1747159586.8552377,buy,limit,83020060
104345.0,0.45889381,2025-05-13 18:06:26,1747159586.8552377,buy,limit,83020061
104344.9,0.00011486,2025-05-13 18:06:26,1747159586.8552377,buy,limit,83020059
104343.4,0.01650611,2025-05-13 18:06:26,1747159586.8552377,buy,limit,83020058
104343.4,0.0001002,2025-05-13 18:06:26,1747159586.8552377,buy,limit,83020057
104348.9,0.0092091,2025-05-13 18:06:26,1747159586.855238,buy,limit,83020064
104348.9,0.00080896,2025-05-13 18:06:26,1747159586.855238,buy,limit,83020065
104349.4,0.00105598,2025-05-13 18:06:26,1747159586.855238,buy,limit,83020066
104350.9,0.00021305,2025-05-13 18:06:26,1747159586.855238,buy,limit,83020067
104351.2,0.00080192,2025-05-13 18:06:26,1747159586.855238,buy,limit,83020068
104353.5,0.01767943,2025-05-13 18:06:26,1747159586.855238,buy,limit,83020069
104354.0,0.28748299,2025-05-13 18:06:26,1747159586.855238,buy,limit,83020070
104355.3,9.684e-05,2025-05-13 18:06:26,1747159586.855238,buy,limit,83020071
104357.0,5.14e-05,2025-05-13 18:06:26,1747159586.855238,buy,limit,83020072
104357.1,0.00039476,2025-05-13 18:06:26,1747159586.855238,buy,limit,83020073
104360.0,0.0436,2025-05-13 18:06:26,1747159586.855238,buy,limit,83020074
104365.9,0.00479101,2025-05-13 18:06:28,1747159588.0631323,sell,limit,83020075
104365.9,0.00014588,2025-05-13 18:06:28,1747159588.0658417,sell,limit,83020076
104366.0,0.00497741,2025-05-13 18:06:30,1747159590.6765816,buy,limit,83020077
104366.0,0.01767667,2025-05-13 18:06:30,1747159590.6765819,buy,limit,83020078
104366.0,9.584e-05,2025-05-13 18:06:30,1747159590.6765819,buy,limit,83020079
104366.0,0.01650611,2025-05-13 18:06:30,1747159590.6765819,buy,limit,83020080
104366.0,0.004,2025-05-13 18:06:30,1747159590.6765819,buy,limit,83020081
104366.0,0.00714397,2025-05-13 18:06:30,1747159590.6765819,buy,limit,83020082
104366.0,0.0004928,2025-05-13 18:06:43,1747159603.555001,buy,limit,83020083
104366.0,2.832e-05,2025-05-13 18:06:46,1747159606.0366836,buy,limit,83020084
104366.0,9.582e-05,2025-05-13 18:06:47,1747159607.36257,buy,market,83020085
104366.0,0.01726623,2025-05-13 18:06:49,1747159609.2728703,buy,market,83020086
104366.0,9.582e-05,2025-05-13 18:06:52,1747159612.3762333,buy,limit,83020087
104366.0,0.01650611,2025-05-13 18:06:52,1747159612.3762333,buy,limit,83020088
104366.1,3.655e-05,2025-05-13 18:06:54,1747159614.2135987,buy,limit,83020089
104366.1,0.01039807,2025-05-13 18:07:02,1747159622.9021025,buy,limit,83020090
104366.0,4.863e-05,2025-05-13 18:07:12,1747159632.600763,sell,limit,83020091
104366.1,0.00037618,2025-05-13 18:07:13,1747159633.0375717,buy,limit,83020093
104366.1,9.582e-05,2025-05-13 18:07:13,1747159633.0375717,buy,limit,83020092
104366.0,0.00029465,2025-05-13 18:07:13,1747159633.2757144,sell,limit,83020094
104366.1,9.758e-05,2025-05-13 18:07:20,1747159640.7421596,buy,limit,83020095
104366.1,0.005,2025-05-13 18:07:22,1747159642.9942362,buy,limit,83020096
104366.1,0.001,2025-05-13 18:07:24,1747159644.6520412,buy,limit,83020097
104366.0,7.323e-05,2025-05-13 18:07:25,1747159645.0501802,sell,market,83020098
104366.1,0.0099,2025-05-13 18:07:25,1747159645.5122585,buy,limit,83020099
104366.0,0.00018126,2025-05-13 18:07:27,1747159647.4574864,sell,market,83020100
104387.0,0.10205145,2025-05-13 18:07:31,1747159651.8616986,buy,limit,83020111
104386.2,0.00087709,2025-05-13 18:07:31,1747159651.8616986,buy,limit,83020110
104380.0,0.28741138,2025-05-13 18:07:31,1747159651.8616986,buy,limit,83020109
104378.5,0.01767392,2025-05-13 18:07:31,1747159651.8616986,buy,limit,83020107
104376.7,0.00017245,2025-05-13 18:07:31,1747159651.8616986,buy,limit,83020106
104378.9,5.137e-05,2025-05-13 18:07:31,1747159651.8616986,buy,limit,83020108
104369.6,0.0273982,2025-05-13 18:07:31,1747159651.8616986,buy,limit,83020104
104371.0,0.01021106,2025-05-13 18:07:31,1747159651.8616986,buy,limit,83020105
104368.0,5.137e-05,2025-05-13 18:07:31,1747159651.8616986,buy,limit,83020103
104366.1,0.01650611,2025-05-13 18:07:31,1747159651.8616986,buy,limit,83020102
104366.1,9.582e-05,2025-05-13 18:07:31,1747159651.8616986,buy,limit,83020101
104386.9,0.000313,2025-05-13 18:07:32,1747159652.3514009,sell,limit,83020112
104387.0,0.0163,2025-05-13 18:07:37,1747159657.0955265,buy,limit,83020113
104386.9,5.25e-05,2025-05-13 18:07:48,1747159668.5290267,sell,market,83020114
104387.0,0.00047191,2025-05-13 18:07:48,1747159668.8573444,buy,limit,83020115
104387.0,0.0128,2025-05-13 18:07:48,1747159668.9077573,buy,limit,83020116
104386.9,0.0009901,2025-05-13 18:07:56,1747159676.3243666,sell,limit,83020117
104387.0,0.00188299,2025-05-13 18:08:00,1747159680.3842995,buy,limit,83020118
104387.0,0.00722549,2025-05-13 18:08:02,1747159682.7129135,buy,market,83020119
104387.0,5.949e-05,2025-05-13 18:08:06,1747159686.2133746,buy,market,83020120
104387.0,0.00086198,2025-05-13 18:08:11,1747159691.2072034,buy,market,83020121
104386.9,0.00108012,2025-05-13 18:08:11,1747159691.3298244,sell,limit,83020122
104386.9,0.01552268,2025-05-13 18:08:13,1747159693.0641966,sell,limit,83020123
104387.0,0.0957,2025-05-13 18:08:15,1747159695.2661378,buy,limit,83020124
104387.0,0.0957,2025-05-13 18:08:17,1747159697.0137913,buy,limit,83020125
104387.0,0.0941,2025-05-13 18:08:17,1747159697.8848681,buy,limit,83020126
104387.0,0.00625139,2025-05-13 18:08:29,1747159709.1064513,buy,limit,83020130
104387.0,0.01650611,2025-05-13 18:08:29,1747159709.1064513,buy,limit,83020129
104387.0,9.581e-05,2025-05-13 18:08:29,1747159709.1064513,buy,limit,83020128
104387.0,0.07284669,2025-05-13 18:08:29,1747159709.1064513,buy,limit,83020127
104387.0,0.0957,2025-05-13 18:08:30,1747159710.4355733,buy,limit,83020131
104387.0,0.0094,2025-05-13 18:08:42,1747159722.2406883,buy,limit,83020132
104387.0,0.0009,2025-05-13 18:08:43,1747159723.0623841,buy,limit,83020133
104391.1,0.01781252,2025-05-13 18:08:49,1747159729.2223651,buy,limit,83020141
104390.1,5.137e-05,2025-05-13 18:08:49,1747159729.2223651,buy,limit,83020140
104390.1,0.00024297,2025-05-13 18:08:49,1747159729.2223651,buy,limit,83020139
104387.0,0.01650611,2025-05-13 18:08:49,1747159729.2223651,buy,limit,83020138
104392.7,1.6402722,2025-05-13 18:08:49,1747159729.2223651,buy,limit,83020142
104387.0,0.05931761,2025-05-13 18:08:49,1747159729.2223651,buy,limit,83020136
104387.0,0.0593176,2025-05-13 18:08:49,1747159729.2223651,buy,limit,83020135
104387.0,0.00638381,2025-05-13 18:08:49,1747159729.2223651,buy,limit,83020134
104387.0,9.581e-05,2025-05-13 18:08:49,1747159729.2223651,buy,limit,83020137
104391.9,0.00384615,2025-05-13 18:08:53,1747159733.5435917,sell,market,83020143
104391.9,0.00194074,2025-05-13 18:08:53,1747159733.5435917,sell,market,83020144
104392.0,0.00080421,2025-05-13 18:08:54,1747159734.6172304,buy,limit,83020146
104392.0,9.579e-05,2025-05-13 18:08:54,1747159734.6172304,buy,limit,83020145
104392.0,0.00222303,2025-05-13 18:09:03,1747159743.4492855,buy,market,83020147
104392.0,9.749e-05,2025-05-13 18:09:04,1747159744.897043,buy,limit,83020148
104391.9,0.0001,2025-05-13 18:09:08,1747159748.8178017,sell,limit,83020149
104391.9,0.0001,2025-05-13 18:09:08,1747159748.8178017,sell,limit,83020150
104391.9,0.00010951,2025-05-13 18:09:08,1747159748.8178017,sell,limit,83020151
104392.0,0.00670549,2025-05-13 18:09:10,1747159750.2348123,buy,market,83020152
104391.9,0.0019,2025-05-13 18:09:22,1747159762.7103815,sell,limit,83020159
104391.9,0.00047567,2025-05-13 18:09:22,1747159762.7103815,sell,limit,83020158
104391.9,1.17,2025-05-13 18:09:22,1747159762.7103815,sell,limit,83020157
104387.9,0.24865,2025-05-13 18:09:22,1747159762.7103815,sell,limit,83020160
104391.9,0.0001,2025-05-13 18:09:22,1747159762.7103815,sell,limit,83020155
104391.9,0.04,2025-05-13 18:09:22,1747159762.7103815,sell,limit,83020154
104391.9,0.00751149,2025-05-13 18:09:22,1747159762.7103815,sell,limit,83020153
104391.9,0.0001,2025-05-13 18:09:22,1747159762.7103815,sell,limit,83020156
104387.7,0.293071,2025-05-13 18:09:22,1747159762.7103817,sell,limit,83020161
104386.9,0.03819185,2025-05-13 18:09:22,1747159762.7103817,sell,limit,83020162
104387.0,0.00094382,2025-05-13 18:09:24,1747159764.037275,buy,limit,83020163
104387.0,0.0063313,2025-05-13 18:09:26,1747159766.026913,buy,limit,83020164
104387.0,0.00923099,2025-05-13 18:09:26,1747159766.753682,buy,limit,83020165
104387.0,9.579e-05,2025-05-13 18:09:26,1747159766.753682,buy,limit,83020166
104397.3,9.8e-05,2025-05-13 18:09:35,1747159775.3661351,buy,limit,83020167
104397.3,9.58e-05,2025-05-13 18:09:35,1747159775.3661351,buy,limit,83020168
104397.3,0.00354463,2025-05-13 18:09:35,1747159775.3661351,buy,limit,83020169
104397.3,0.00477753,2025-05-13 18:09:37,1747159777.0721922,buy,market,83020170
104397.3,0.00507322,2025-05-13 18:09:37,1747159777.3499258,buy,limit,83020171
104397.3,0.00108773,2025-05-13 18:09:38,1747159778.9356866,buy,limit,83020172
104397.2,0.0001,2025-05-13 18:09:43,1747159783.351331,sell,market,83020173
104397.2,0.0001,2025-05-13 18:09:43,1747159783.351331,sell,market,83020174
104386.9,0.01057434,2025-05-13 18:09:43,1747159783.351331,sell,market,83020175
104387.0,0.0001095,2025-05-13 18:09:44,1747159784.1571841,buy,market,83020177
104387.0,9.579e-05,2025-05-13 18:09:44,1747159784.1571841,buy,market,83020176
104387.0,0.01639661,2025-05-13 18:09:49,1747159789.4662602,buy,limit,83020178
104387.0,0.04093542,2025-05-13 18:09:49,1747159789.4662602,buy,limit,83020179
104386.9,0.00029401,2025-05-13 18:09:50,1747159790.502636,sell,limit,83020180
104386.9,9.721e-05,2025-05-13 18:10:03,1747159803.269877,sell,market,83020181
104386.9,9.721e-05,2025-05-13 18:10:03,1747159803.269877,sell,market,83020182
104386.9,9.721e-05,2025-05-13 18:10:03,1747159803.269877,sell,market,83020183
104386.9,9.721e-05,2025-05-13 18:10:03,1747159803.269877,sell,market,83020184
104386.9,9.721e-05,2025-05-13 18:10:03,1747159803.269877,sell,market,83020185
104386.9,0.00082567,2025-05-13 18:10:03,1747159803.269877,sell,market,83020186
104386.9,9.723e-05,2025-05-13 18:10:03,1747159803.269877,sell,market,83020187
104386.9,9.723e-05,2025-05-13 18:10:03,1747159803.269877,sell,market,83020188
104386.9,9.724e-05,2025-05-13 18:10:03,1747159803.2698772,sell,market,83020200
104386.9,9.724e-05,2025-05-13 18:10:03,1747159803.2698772,sell,market,83020199
104386.9,9.724e-05,2025-05-13 18:10:03,1747159803.2698772,sell,market,83020201
104386.9,9.724e-05,2025-05-13 18:10:03,1747159803.2698772,sell,market,83020196
104386.9,9.724e-05,2025-05-13 18:10:03,1747159803.2698772,sell,market,83020203
104386.9,9.724e-05,2025-05-13 18:10:03,1747159803.2698772,sell,market,83020204
104386.9,0.02473666,2025-05-13 18:10:03,1747159803.2698772,sell,market,83020205
104386.9,9.724e-05,2025-05-13 18:10:03,1747159803.2698772,sell,market,83020202
104386.9,9.724e-05,2025-05-13 18:10:03,1747159803.2698772,sell,market,83020198
104386.9,0.022,2025-05-13 18:10:03,1747159803.2698772,sell,market,83020191
104386.9,9.724e-05,2025-05-13 18:10:03,1747159803.2698772,sell,market,83020195
104386.9,9.724e-05,2025-05-13 18:10:03,1747159803.2698772,sell,market,83020194
104386.9,9.724e-05,2025-05-13 18:10:03,1747159803.2698772,sell,market,83020193
104386.9,0.00039582,2025-05-13 18:10:03,1747159803.2698772,sell,market,83020192
104386.9,9.724e-05,2025-05-13 18:10:03,1747159803.2698772,sell,market,83020197
104386.9,9.723e-05,2025-05-13 18:10:03,1747159803.2698772,sell,market,83020190
104386.9,9.723e-05,2025-05-13 18:10:03,1747159803.2698772,sell,market,83020189
104386.9,0.00094188,2025-05-13 18:10:07,1747159807.7557635,sell,limit,83020206
104387.0,0.01728279,2025-05-13 18:10:08,1747159808.2405965,buy,market,83020207
104387.0,0.00028356,2025-05-13 18:10:26,1747159826.6318111,buy,market,83020208
104387.0,0.00729724,2025-05-13 18:10:29,1747159829.2526917,buy,limit,83020209
104387.0,0.00062058,2025-05-13 18:10:30,1747159830.3755348,buy,market,83020210
104387.0,0.0027,2025-05-13 18:10:45,1747159845.2404141,buy,limit,83020211
104387.0,9.579e-05,2025-05-13 18:10:46,1747159846.72145,buy,limit,83020212
104387.0,0.00100421,2025-05-13 18:10:46,1747159846.72145,buy,limit,83020213
104387.0,0.0151,2025-05-13 18:10:47,1747159847.4881382,buy,limit,83020214
104387.0,9.346e-05,2025-05-13 18:10:47,1747159847.5717165,buy,limit,83020215
104387.0,0.01900912,2025-05-13 18:10:48,1747159848.4759421,buy,limit,83020216
104387.0,0.008425,2025-05-13 18:10:48,1747159848.4759421,buy,limit,83020217
104387.0,9.579e-05,2025-05-13 18:10:48,1747159848.4759421,buy,limit,83020218
104394.7,9.58e-05,2025-05-13 18:10:49,1747159849.7448244,buy,market,83020219
104394.7,0.00327185,2025-05-13 18:10:49,1747159849.7448244,buy,market,83020220
104394.7,0.01323426,2025-05-13 18:10:58,1747159858.9069197,buy,limit,83020221
104394.7,9.58e-05,2025-05-13 18:10:58,1747159858.9069197,buy,limit,83020222
104398.9,0.00920469,2025-05-13 18:10:58,1747159858.9069197,buy,limit,83020223
104399.8,0.04563534,2025-05-13 18:10:58,1747159858.9069197,buy,limit,83020224
104394.7,0.00130602,2025-05-13 18:11:07,1747159867.399929,buy,limit,83020226
104394.7,9.579e-05,2025-05-13 18:11:07,1747159867.399929,buy,limit,83020225
104394.7,0.00048633,2025-05-13 18:11:10,1747159870.2680502,buy,market,83020227
104394.7,0.0009,2025-05-13 18:11:20,1747159880.499086,buy,limit,83020228
104394.7,0.00161704,2025-05-13 18:11:24,1747159884.9120688,buy,limit,83020229
104394.7,0.0117,2025-05-13 18:11:32,1747159892.124365,buy,limit,83020230
104394.7,9.579e-05,2025-05-13 18:11:33,1747159893.0035913,buy,limit,83020231
104399.9,0.00076628,2025-05-13 18:11:40,1747159900.9852772,sell,market,83020232
104400.0,0.01160421,2025-05-13 18:11:43,1747159903.4403555,buy,limit,83020233
104399.9,0.00018955,2025-05-13 18:11:46,1747159906.6539872,sell,limit,83020234
104400.0,0.00987731,2025-05-13 18:11:50,1747159910.6868339,buy,limit,83020235
104400.0,0.30012269,2025-05-13 18:11:50,1747159910.6868339,buy,limit,83020236
104400.0,0.2,2025-05-13 18:11:54,1747159914.368743,buy,market,83020237
104400.0,0.00016808,2025-05-13 18:12:03,1747159923.8877099,buy,market,83020238
104400.0,0.0027,2025-05-13 18:12:05,1747159925.1924267,buy,limit,83020239
104400.0,0.0957,2025-05-13 18:12:06,1747159926.0836403,buy,limit,83020240
104400.0,0.0957,2025-05-13 18:12:07,1747159927.610805,buy,limit,83020241
104399.9,0.31,2025-05-13 18:12:09,1747159929.9010534,sell,limit,83020242
104400.0,0.00045175,2025-05-13 18:12:10,1747159930.8850873,buy,limit,83020243
104400.0,0.00334875,2025-05-13 18:12:17,1747159937.772843,buy,limit,83020244
104400.0,0.0957,2025-05-13 18:12:19,1747159939.3652956,buy,limit,83020245
104400.0,0.0151,2025-05-13 18:12:20,1747159940.363827,buy,limit,83020246
104400.0,0.0957,2025-05-13 18:12:21,1747159941.7953432,buy,limit,83020247
104400.0,0.00050451,2025-05-13 18:12:24,1747159944.8120441,buy,market,83020248
104399.9,0.00034,2025-05-13 18:12:36,1747159956.8202105,sell,market,83020256
104399.9,0.00965165,2025-05-13 18:12:36,1747159956.8202105,sell,market,83020255
104399.9,0.00154447,2025-05-13 18:12:36,1747159956.8202105,sell,market,83020259
104399.9,0.00014,2025-05-13 18:12:36,1747159956.8202105,sell,market,83020257
104399.9,0.00325475,2025-05-13 18:12:36,1747159956.8202105,sell,market,83020254
104399.9,0.000438,2025-05-13 18:12:36,1747159956.8202105,sell,market,83020258
104399.9,0.00098259,2025-05-13 18:12:36,1747159956.8202105,sell,market,83020252
104399.9,0.00098338,2025-05-13 18:12:36,1747159956.8202105,sell,market,83020251
104399.9,0.00058536,2025-05-13 18:12:36,1747159956.8202105,sell,market,83020250
104399.9,0.00058484,2025-05-13 18:12:36,1747159956.8202105,sell,market,83020249
104399.9,0.00340323,2025-05-13 18:12:36,1747159956.8202105,sell,market,83020253
104399.9,0.00248428,2025-05-13 18:12:36,1747159956.8202107,sell,market,83020267
104399.9,0.0035,2025-05-13 18:12:36,1747159956.8202107,sell,market,83020265
104399.9,0.004,2025-05-13 18:12:36,1747159956.8202107,sell,market,83020266
104399.9,0.00585418,2025-05-13 18:12:36,1747159956.8202107,sell,market,83020264
104399.9,0.000114,2025-05-13 18:12:36,1747159956.8202107,sell,market,83020260
104399.9,0.000124,2025-05-13 18:12:36,1747159956.8202107,sell,market,83020262
104399.9,0.000674,2025-05-13 18:12:36,1747159956.8202107,sell,market,83020261
104399.9,8.836e-05,2025-05-13 18:12:36,1747159956.8202107,sell,market,83020263
104399.9,0.03751572,2025-05-13 18:12:37,1747159957.1000626,sell,limit,83020268
104399.9,0.0001,2025-05-13 18:12:37,1747159957.1000628,sell,limit,83020269
104399.9,0.0001,2025-05-13 18:12:37,1747159957.1000628,sell,limit,83020270
104399.9,0.019,2025-05-13 18:12:37,1747159957.1000628,sell,limit,83020271
104399.9,0.23495123,2025-05-13 18:12:37,1747159957.1000628,sell,limit,83020272
104400.0,0.02724494,2025-05-13 18:12:37,1747159957.1925316,buy,market,83020273
104399.9,0.0025,2025-05-13 18:12:40,1747159960.4604998,sell,market,83020274
104400.0,0.00031019,2025-05-13 18:12:43,1747159963.0937693,buy,limit,83020275
104400.0,0.00023433,2025-05-13 18:12:49,1747159969.717991,buy,limit,83020276
104400.0,0.0024261,2025-05-13 18:12:55,1747159975.0703697,buy,market,83020277
104400.0,0.0001869,2025-05-13 18:12:58,1747159978.3305714,buy,limit,83020278
104399.9,0.0003488,2025-05-13 18:12:58,1747159978.4317942,sell,limit,83020279
104400.0,0.00043949,2025-05-13 18:13:03,1747159983.5717552,buy,limit,83020280
104399.9,0.00042753,2025-05-13 18:13:05,1747159985.7292726,sell,limit,83020281
104400.0,5.948e-05,2025-05-13 18:13:11,1747159991.3549395,buy,market,83020282
104400.0,0.01726197,2025-05-13 18:13:18,1747159998.628191,buy,market,83020283
104400.0,0.0172826,2025-05-13 18:13:23,1747160003.9164362,buy,market,83020284
104400.0,0.00057646,2025-05-13 18:13:25,1747160005.2262716,buy,limit,83020285
104399.9,9.82e-06,2025-05-13 18:13:42,1747160022.1417432,sell,limit,83020286
104400.0,0.00026297,2025-05-13 18:13:54,1747160034.9327216,buy,limit,83020287
104400.0,0.02528075,2025-05-13 18:13:56,1747160036.9984322,buy,market,83020288
104400.0,0.00175652,2025-05-13 18:14:08,1747160048.344482,buy,market,83020289
104400.0,0.02630263,2025-05-13 18:14:08,1747160048.344482,buy,market,83020290
104400.0,0.00018874,2025-05-13 18:14:10,1747160050.2627509,buy,limit,83020291
104400.0,0.0957,2025-05-13 18:14:17,1747160057.8668962,buy,limit,83020292
104400.0,0.0957,2025-05-13 18:14:19,1747160059.5992775,buy,limit,83020293
104400.0,0.00098284,2025-05-13 18:14:19,1747160059.7882934,buy,market,83020294
104400.0,0.0957,2025-05-13 18:14:20,1747160060.644062,buy,limit,83020295
104400.0,0.0957,2025-05-13 18:14:22,1747160062.1500742,buy,limit,83020296
104400.0,0.0957,2025-05-13 18:14:23,1747160063.0639908,buy,limit,83020297
104400.0,2.831e-05,2025-05-13 18:14:28,1747160068.0438106,buy,limit,83020298
104400.0,5.748e-05,2025-05-13 18:14:29,1747160069.3094485,buy,market,83020299
104399.9,0.0002525,2025-05-13 18:14:34,1747160074.0759501,sell,limit,83020300
104399.9,0.0001,2025-05-13 18:14:34,1747160074.0759501,sell,limit,83020301
104399.9,0.0001,2025-05-13 18:14:34,1747160074.0759501,sell,limit,83020302
104399.9,0.00035153,2025-05-13 18:14:34,1747160074.0759501,sell,limit,83020303
104399.9,0.00442684,2025-05-13 18:14:34,1747160074.0759501,sell,limit,83020304
104400.0,0.0173,2025-05-13 18:14:34,1747160074.6942742,buy,limit,83020305
104400.0,0.02090681,2025-05-13 18:14:35,1747160075.7074406,buy,market,83020311
104400.0,9.579e-05,2025-05-13 18:14:35,1747160075.7074406,buy,market,83020309
104400.0,0.01650611,2025-05-13 18:14:35,1747160075.7074406,buy,market,83020310
104400.0,0.00014104,2025-05-13 18:14:35,1747160075.7074406,buy,market,83020307
104400.0,0.054,2025-05-13 18:14:35,1747160075.7074406,buy,market,83020308
104400.0,0.05227302,2025-05-13 18:14:35,1747160075.7074406,buy,market,83020306
104400.0,0.00478927,2025-05-13 18:14:36,1747160076.2660518,buy,market,83020312
104400.0,0.00041998,2025-05-13 18:14:36,1747160076.347218,buy,market,83020313
104400.0,0.00011982,2025-05-13 18:14:37,1747160077.736193,buy,market,83020314
104400.0,0.01149425,2025-05-13 18:14:38,1747160078.6876233,buy,limit,83020315
104400.0,0.00224624,2025-05-13 18:14:44,1747160084.8343492,buy,limit,83020316
104400.0,0.0957,2025-05-13 18:14:46,1747160086.4480495,buy,limit,83020317
104400.0,1.9390645,2025-05-13 18:14:48,1747160088.083641,buy,limit,83020318
104400.0,1.0,2025-05-13 18:14:51,1747160091.0097795,buy,market,83020319
104399.9,0.00577486,2025-05-13 18:14:53,1747160093.4184196,sell,limit,83020320
104400.0,0.00019062,2025-05-13 18:14:54,1747160094.0549166,buy,limit,83020321
104400.0,0.0957,2025-05-13 18:14:58,1747160098.0143008,buy,limit,83020322
104400.0,0.02877881,2025-05-13 18:15:00,1747160100.3903778,buy,market,83020323
104400.0,0.00387757,2025-05-13 18:15:01,1747160101.7750785,buy,market,83020324
104400.0,0.00022469,2025-05-13 18:15:03,1747160103.5990505,buy,limit,83020325
104400.0,0.00309649,2025-05-13 18:15:06,1747160106.8974764,buy,market,83020326
104400.0,0.0957,2025-05-13 18:15:09,1747160109.5432277,buy,limit,83020327
104399.9,0.00315263,2025-05-13 18:15:11,1747160111.6909983,sell,limit,83020328
104399.9,9.578e-05,2025-05-13 18:15:11,1747160111.6909983,sell,limit,83020329
104399.9,0.03807159,2025-05-13 18:15:11,1747160111.6909983,sell,limit,83020330
104399.9,0.02935274,2025-05-13 18:15:13,1747160113.4586337,sell,limit,83020331
104400.0,0.02127839,2025-05-13 18:15:25,1747160125.6303446,buy,limit,83020332
104399.9,0.0001,2025-05-13 18:15:40,1747160140.6998851,sell,market,83020333
104399.9,0.0001,2025-05-13 18:15:40,1747160140.6998851,sell,market,83020334
104399.9,0.0001,2025-05-13 18:15:40,1747160140.6998851,sell,market,83020335
104399.8,0.00349106,2025-05-13 18:15:40,1747160140.6998851,sell,market,83020336
104399.8,2.586e-05,2025-05-13 18:15:57,1747160157.4946356,sell,limit,83020337
104399.8,0.001,2025-05-13 18:15:59,1747160159.0550075,sell,market,83020338
104399.9,0.00016013,2025-05-13 18:16:02,1747160162.774487,buy,market,83020339
104399.9,3.881e-05,2025-05-13 18:16:06,1747160166.6729524,buy,market,83020340
104399.9,0.00380258,2025-05-13 18:16:35,1747160195.2824636,buy,market,83020341
104399.9,0.00045624,2025-05-13 18:16:38,1747160198.3272855,buy,limit,83020342
104399.9,0.01728262,2025-05-13 18:16:44,1747160204.8986094,buy,market,83020343
104399.9,0.11896984,2025-05-13 18:16:51,1747160211.7829797,buy,market,83020344
104399.9,0.00023946,2025-05-13 18:16:57,1747160217.539392,buy,market,83020345
104399.9,0.00244549,2025-05-13 18:17:01,1747160221.542922,buy,market,83020346
104399.8,0.00500075,2025-05-13 18:17:07,1747160227.7722497,sell,market,83020347
104399.9,2.841e-05,2025-05-13 18:17:07,1747160227.8588543,buy,limit,83020348
104399.8,0.0002,2025-05-13 18:17:23,1747160243.3093064,sell,limit,83020349
104399.8,0.01069446,2025-05-13 18:17:27,1747160247.9013696,sell,limit,83020350
104399.9,0.00010543,2025-05-13 18:17:33,1747160253.7725103,buy,limit,83020351
104399.9,0.00096907,2025-05-13 18:17:36,1747160256.7409089,buy,limit,83020352
104399.9,0.00064968,2025-05-13 18:17:39,1747160259.204347,buy,market,83020353
104399.8,0.00353427,2025-05-13 18:18:01,1747160281.8275259,sell,limit,83020354
104386.9,0.05417911,2025-05-13 18:18:01,1747160281.827526,sell,limit,83020363
104386.9,0.09999792,2025-05-13 18:18:01,1747160281.827526,sell,limit,83020362
104388.0,0.00469402,2025-05-13 18:18:01,1747160281.827526,sell,limit,83020361
104389.8,0.00047897,2025-05-13 18:18:01,1747160281.827526,sell,limit,83020360
104399.8,0.00191571,2025-05-13 18:18:01,1747160281.827526,sell,limit,83020357
104399.7,0.005,2025-05-13 18:18:01,1747160281.827526,sell,limit,83020358
104398.0,0.03,2025-05-13 18:18:01,1747160281.827526,sell,limit,83020359
104399.8,0.0001,2025-05-13 18:18:01,1747160281.827526,sell,limit,83020356
104399.8,0.0001,2025-05-13 18:18:01,1747160281.827526,sell,limit,83020355
104386.9,9.818e-05,2025-05-13 18:18:01,1747160281.8794959,sell,limit,83020364
104387.0,0.00013412,2025-05-13 18:18:02,1747160282.91819,buy,market,83020365
104387.0,0.0014321,2025-05-13 18:18:05,1747160285.9454427,buy,market,83020366
104386.9,2.841e-05,2025-05-13 18:18:09,1747160289.732201,sell,limit,83020367
104386.9,0.00380258,2025-05-13 18:18:10,1747160290.9102235,sell,market,83020368
104387.0,0.00019064,2025-05-13 18:18:22,1747160302.0383067,buy,limit,83020369
104386.9,0.01838185,2025-05-13 18:18:29,1747160309.3924544,sell,market,83020370
104387.0,5.949e-05,2025-05-13 18:18:32,1747160312.4034958,buy,market,83020371
104387.0,0.01468976,2025-05-13 18:18:32,1747160312.478308,buy,market,83020372
104387.0,0.02449797,2025-05-13 18:18:32,1747160312.478308,buy,market,83020373
104387.0,0.00058235,2025-05-13 18:18:33,1747160313.047246,buy,limit,83020374
104386.9,0.0066083,2025-05-13 18:18:43,1747160323.5395176,sell,limit,83020375
104387.0,0.00478987,2025-05-13 18:18:55,1747160335.856845,buy,market,83020376
104386.9,0.00077801,2025-05-13 18:19:26,1747160366.0904143,sell,market,83020377
104387.0,9.346e-05,2025-05-13 18:19:29,1747160369.0209363,buy,limit,83020378
104387.0,0.00814326,2025-05-13 18:19:31,1747160371.6407971,buy,market,83020379
104387.0,0.00072279,2025-05-13 18:19:32,1747160372.9280136,buy,market,83020380
104387.0,4.719e-05,2025-05-13 18:19:34,1747160374.039389,buy,limit,83020381
104387.0,0.00186922,2025-05-13 18:19:34,1747160374.5945616,buy,limit,83020382
104386.9,0.00234127,2025-05-13 18:19:44,1747160384.7748098,sell,market,83020383
104386.9,0.0001,2025-05-13 18:19:44,1747160384.7748098,sell,market,83020384
104386.9,0.0001,2025-05-13 18:19:44,1747160384.7748098,sell,market,83020385
104386.9,0.0016,2025-05-13 18:19:44,1747160384.7748098,sell,market,83020386
104379.0,5.029e-05,2025-05-13 18:19:44,1747160384.7748098,sell,market,83020387
104335.0,5.031e-05,2025-05-13 18:19:44,1747160384.77481,sell,market,83020396
104366.0,0.00601,2025-05-13 18:19:44,1747160384.77481,sell,market,83020390
104346.0,5.031e-05,2025-05-13 18:19:44,1747160384.77481,sell,market,83020395
104323.9,0.14063092,2025-05-13 18:19:44,1747160384.77481,sell,market,83020397
104357.0,5.03e-05,2025-05-13 18:19:44,1747160384.77481,sell,market,83020394
104368.0,5.03e-05,2025-05-13 18:19:44,1747160384.77481,sell,market,83020389
104366.0,0.03151456,2025-05-13 18:19:44,1747160384.77481,sell,market,83020392
104376.5,0.00479035,2025-05-13 18:19:44,1747160384.77481,sell,market,83020388
104365.9,0.0028745,2025-05-13 18:19:44,1747160384.77481,sell,market,83020393
104366.0,0.00148851,2025-05-13 18:19:44,1747160384.77481,sell,market,83020391
104323.9,0.0028745,2025-05-13 18:19:44,1747160384.775558,sell,market,83020398
104324.7,0.00083104,2025-05-13 18:19:48,1747160388.3025775,sell,limit,83020399
104324.7,0.00039752,2025-05-13 18:19:51,1747160391.7215414,sell,limit,83020400
104324.7,0.00010574,2025-05-13 18:19:55,1747160395.8939276,sell,market,83020401
104324.8,9.58e-05,2025-05-13 18:20:08,1747160408.146906,buy,limit,83020402
104324.8,0.01650611,2025-05-13 18:20:08,1747160408.146906,buy,limit,83020403
104324.8,0.05331033,2025-05-13 18:20:08,1747160408.146906,buy,limit,83020404
104324.7,0.0001,2025-05-13 18:20:12,1747160412.4930387,sell,limit,83020405
104324.7,0.0001,2025-05-13 18:20:12,1747160412.4930387,sell,limit,83020406
104324.7,0.006,2025-05-13 18:20:12,1747160412.4930387,sell,limit,83020407
104324.0,5.032e-05,2025-05-13 18:20:12,1747160412.4930387,sell,limit,83020408
104316.8,0.00063,2025-05-13 18:20:12,1747160412.6535108,sell,limit,83020409
104316.9,0.00416698,2025-05-13 18:20:14,1747160414.9849873,buy,market,83020410
104316.9,0.01562212,2025-05-13 18:20:26,1747160426.6306572,buy,limit,83020413
104316.9,0.01233913,2025-05-13 18:20:26,1747160426.6306572,buy,limit,83020411
104316.9,9.585e-05,2025-05-13 18:20:26,1747160426.6306572,buy,limit,83020412
104316.8,0.00112709,2025-05-13 18:20:30,1747160430.5320356,sell,limit,83020414
104316.9,9.585e-05,2025-05-13 18:20:42,1747160442.8308928,buy,limit,83020415
104316.9,0.00469781,2025-05-13 18:20:42,1747160442.8308928,buy,limit,83020416
104316.9,0.0118083,2025-05-13 18:20:44,1747160444.7243724,buy,market,83020417
104316.9,9.585e-05,2025-05-13 18:20:44,1747160444.7243724,buy,market,83020418
104324.0,0.00538134,2025-05-13 18:20:44,1747160444.7243724,buy,market,83020419
104324.0,0.01665105,2025-05-13 18:20:47,1747160447.7584717,buy,limit,83020420
104324.0,9.586e-05,2025-05-13 18:20:47,1747160447.7584717,buy,limit,83020421
104324.0,0.00255309,2025-05-13 18:20:47,1747160447.7584717,buy,limit,83020422
104324.0,0.01395302,2025-05-13 18:20:49,1747160449.213227,buy,limit,83020423
104324.0,9.586e-05,2025-05-13 18:20:49,1747160449.213227,buy,limit,83020424
104331.7,9.586e-05,2025-05-13 18:20:52,1747160452.286385,buy,limit,83020425
104331.7,0.00925651,2025-05-13 18:20:52,1747160452.286385,buy,limit,83020426
104331.8,0.00095598,2025-05-13 18:20:53,1747160453.1217213,buy,market,83020427
104331.8,9.585e-05,2025-05-13 18:20:59,1747160459.7518685,buy,limit,83020428
104331.8,0.00515527,2025-05-13 18:20:59,1747160459.7518685,buy,limit,83020429
104331.7,0.00222926,2025-05-13 18:21:06,1747160466.9804583,sell,market,83020430
104331.7,0.000958,2025-05-13 18:21:07,1747160467.807342,sell,market,83020431
104331.8,0.00015897,2025-05-13 18:21:10,1747160470.4858687,buy,limit,83020432
104331.8,4.676e-05,2025-05-13 18:21:12,1747160472.1474931,buy,limit,83020433
104331.7,0.008,2025-05-13 18:21:14,1747160474.8071668,sell,market,83020434
104331.8,0.0009603,2025-05-13 18:21:17,1747160477.3114257,buy,market,83020435
104331.8,0.0001,2025-05-13 18:21:21,1747160481.369568,buy,limit,83020436
104331.8,0.01544581,2025-05-13 18:21:22,1747160482.3775656,buy,limit,83020437
104331.8,0.0019,2025-05-13 18:21:22,1747160482.3775656,buy,limit,83020438
104331.8,9.585e-05,2025-05-13 18:21:22,1747160482.3775656,buy,limit,83020439
104331.8,0.00095834,2025-05-13 18:21:22,1747160482.3775656,buy,limit,83020440
104331.8,0.00581351,2025-05-13 18:21:23,1747160483.9387558,buy,limit,83020442
104331.8,0.01258649,2025-05-13 18:21:23,1747160483.9387558,buy,limit,83020441
104331.8,9.585e-05,2025-05-13 18:21:24,1747160484.9530828,buy,limit,83020443
104331.8,0.01650611,2025-05-13 18:21:24,1747160484.9530828,buy,limit,83020444
104331.8,5e-05,2025-05-13 18:21:26,1747160486.9005659,sell,limit,83020445
104331.9,0.01650611,2025-05-13 18:21:27,1747160487.1149733,buy,market,83020446
104331.9,9.585e-05,2025-05-13 18:21:27,1747160487.1149733,buy,market,83020447
104335.1,5.032e-05,2025-05-13 18:21:27,1747160487.1149733,buy,market,83020448
104342.0,0.02045486,2025-05-13 18:21:27,1747160487.1149733,buy,market,83020449
104342.0,0.00049122,2025-05-13 18:21:29,1747160489.7807415,sell,limit,83020450
104342.0,0.000412,2025-05-13 18:21:40,1747160500.91144,sell,limit,83020451
104342.1,0.00018702,2025-05-13 18:21:43,1747160503.2840257,buy,limit,83020452
104342.1,0.00413477,2025-05-13 18:21:46,1747160506.3285604,buy,market,83020453
104342.1,9.585e-05,2025-05-13 18:21:46,1747160506.3285604,buy,market,83020454
104343.0,0.04620613,2025-05-13 18:21:46,1747160506.3285606,buy,market,83020456
104342.1,0.01650611,2025-05-13 18:21:46,1747160506.3285606,buy,market,83020455
104343.0,0.0009878,2025-05-13 18:21:46,1747160506.8212855,buy,limit,83020457
104342.9,5.079e-05,2025-05-13 18:21:56,1747160516.4427142,sell,limit,83020458
104342.9,0.0001,2025-05-13 18:21:58,1747160518.8803105,sell,market,83020459
104342.9,4.457e-05,2025-05-13 18:21:58,1747160518.8803105,sell,market,83020460
104343.0,0.00063253,2025-05-13 18:22:01,1747160521.2383852,buy,market,83020461
104343.0,0.00017765,2025-05-13 18:22:09,1747160529.598554,buy,limit,83020462
104342.9,4.86e-05,2025-05-13 18:22:19,1747160539.962587,sell,limit,83020463
104343.0,0.05249005,2025-05-13 18:22:22,1747160542.4496024,buy,market,83020464
104343.0,0.05249005,2025-05-13 18:22:22,1747160542.4496024,buy,market,83020464
104343.0,5e-05,2025-05-13 18:22:22,1747160542.7528982,buy,market,83020465
104342.9,6.83e-06,2025-05-13 18:22:35,1747160555.1852276,sell,limit,83020466
104342.9,0.0001,2025-05-13 18:22:35,1747160555.1852276,sell,limit,83020467
104342.9,0.00947695,2025-05-13 18:22:35,1747160555.1852276,sell,limit,83020468
104342.9,0.00239594,2025-05-13 18:22:48,1747160568.1384866,sell,market,83020469
104343.0,4.721e-05,2025-05-13 18:23:00,1747160580.0373876,buy,limit,83020470
104343.0,0.00283264,2025-05-13 18:23:02,1747160582.0482266,buy,limit,83020471
104342.9,0.00033543,2025-05-13 18:23:02,1747160582.4568536,sell,market,83020472
104343.0,0.00047918,2025-05-13 18:23:04,1747160584.1550498,buy,market,83020473
104343.0,0.01222687,2025-05-13 18:23:05,1747160585.172145,buy,market,83020474
104343.0,9.442e-05,2025-05-13 18:23:07,1747160587.645194,buy,limit,83020475
104343.0,0.003197,2025-05-13 18:23:08,1747160588.3160076,buy,market,83020476
104343.0,0.0008976,2025-05-13 18:23:12,1747160592.4808402,buy,limit,83020477
104343.0,0.00239481,2025-05-13 18:23:19,1747160599.6716914,buy,limit,83020478
104343.0,0.04494867,2025-05-13 18:23:20,1747160600.6701813,buy,market,83020479
104343.0,0.00044759,2025-05-13 18:23:22,1747160602.163621,buy,limit,83020480
104343.0,0.00764402,2025-05-13 18:23:28,1747160608.367643,buy,market,83020481
104343.0,0.14423583,2025-05-13 18:23:29,1747160609.3295426,buy,limit,83020482
104343.0,0.01650611,2025-05-13 18:23:29,1747160609.3295426,buy,limit,83020483
104343.0,0.01797372,2025-05-13 18:23:29,1747160609.3295426,buy,limit,83020484
104343.0,9.582e-05,2025-05-13 18:23:29,1747160609.3295426,buy,limit,83020485
104343.0,0.0149184,2025-05-13 18:23:29,1747160609.3295426,buy,limit,83020486
104346.0,9.583e-05,2025-05-13 18:23:46,1747160626.8288703,buy,limit,83020488
104346.0,0.00266184,2025-05-13 18:23:46,1747160626.8288703,buy,limit,83020489
104346.0,5.031e-05,2025-05-13 18:23:46,1747160626.8288703,buy,limit,83020487
104346.0,0.01384427,2025-05-13 18:23:52,1747160632.4584348,buy,limit,83020490
104346.0,9.583e-05,2025-05-13 18:23:52,1747160632.4584348,buy,limit,83020491
104346.0,0.02821348,2025-05-13 18:23:52,1747160632.4584348,buy,limit,83020492
104352.5,0.04198852,2025-05-13 18:23:52,1747160632.4584348,buy,limit,83020493
104352.4,0.00239481,2025-05-13 18:24:05,1747160645.28838,sell,limit,83020494
104352.5,9.583e-05,2025-05-13 18:24:37,1747160677.7137947,buy,limit,83020495
104352.5,0.00097393,2025-05-13 18:24:37,1747160677.7137947,buy,limit,83020496
104352.5,0.01078939,2025-05-13 18:24:38,1747160678.9187438,buy,market,83020497
104352.5,0.00010574,2025-05-13 18:24:43,1747160683.957794,buy,limit,83020498
104352.4,0.0001,2025-05-13 18:24:44,1747160684.9247344,sell,limit,83020499
104352.4,0.0001,2025-05-13 18:24:44,1747160684.9247344,sell,limit,83020500
104352.4,0.00088027,2025-05-13 18:24:44,1747160684.9247344,sell,limit,83020501
104352.4,0.0001,2025-05-13 18:24:54,1747160694.5619178,sell,market,83020505
104352.4,0.01591628,2025-05-13 18:24:54,1747160694.5619178,sell,market,83020506
104352.4,0.01924804,2025-05-13 18:24:54,1747160694.5619178,sell,market,83020503
104352.4,0.0624241,2025-05-13 18:24:54,1747160694.5619178,sell,market,83020502
104352.4,0.0001,2025-05-13 18:24:54,1747160694.5619178,sell,market,83020504
104352.5,0.00089752,2025-05-13 18:25:03,1747160703.077106,buy,limit,83020507
104352.4,0.00096309,2025-05-13 18:25:06,1747160706.4076207,sell,market,83020508
104352.5,9.583e-05,2025-05-13 18:25:13,1747160713.8142655,buy,market,83020509
104352.5,0.00086217,2025-05-13 18:25:13,1747160713.8142655,buy,market,83020510
104352.4,2.6e-05,2025-05-13 18:25:18,1747160718.2131724,sell,market,83020511
104352.4,0.002851,2025-05-13 18:25:18,1747160718.2131724,sell,market,83020512
104352.4,0.0009487,2025-05-13 18:25:28,1747160728.0147214,sell,market,83020513
104352.4,0.11786983,2025-05-13 18:25:29,1747160729.4271042,sell,limit,83020514
104352.5,0.00239498,2025-05-13 18:25:43,1747160743.4451227,buy,market,83020515
104352.5,0.002874,2025-05-13 18:25:48,1747160748.7649834,buy,market,83020516
104352.5,0.00472064,2025-05-13 18:25:57,1747160757.6046562,buy,limit,83020517
104352.4,0.00085381,2025-05-13 18:26:06,1747160766.41159,sell,limit,83020518
104352.4,0.04,2025-05-13 18:26:06,1747160766.5500944,sell,limit,83020522
104352.4,0.00257,2025-05-13 18:26:06,1747160766.5500944,sell,limit,83020523
104352.4,0.13971,2025-05-13 18:26:06,1747160766.5500944,sell,limit,83020524
104352.4,0.0001,2025-05-13 18:26:06,1747160766.5500944,sell,limit,83020521
104352.4,0.18056129,2025-05-13 18:26:06,1747160766.5500944,sell,limit,83020519
104352.4,0.0001,2025-05-13 18:26:06,1747160766.5500944,sell,limit,83020520
104352.4,0.004,2025-05-13 18:26:06,1747160766.5500946,sell,limit,83020525
104352.4,0.2585,2025-05-13 18:26:06,1747160766.5500946,sell,limit,83020526
104352.4,0.38134993,2025-05-13 18:26:06,1747160766.5500946,sell,limit,83020527
104352.4,0.17180711,2025-05-13 18:26:06,1747160766.5500946,sell,limit,83020528
104352.4,0.00571452,2025-05-13 18:26:06,1747160766.6927915,sell,limit,83020529
104352.5,9.583e-05,2025-05-13 18:26:14,1747160774.651108,buy,limit,83020530
104352.5,0.00038318,2025-05-13 18:26:14,1747160774.651108,buy,limit,83020531
104352.4,0.00211382,2025-05-13 18:26:20,1747160780.562775,sell,limit,83020532
104352.5,0.00289227,2025-05-13 18:26:23,1747160783.388542,buy,limit,83020533
104378.5,0.0488,2025-05-13 18:26:24,1747160784.0099971,buy,market,83020542
104377.4,0.248659,2025-05-13 18:26:24,1747160784.0099971,buy,market,83020541
104377.3,0.0176,2025-05-13 18:26:24,1747160784.0099971,buy,market,83020540
104373.4,0.0001,2025-05-13 18:26:24,1747160784.0099971,buy,market,83020539
104367.9,5.03e-05,2025-05-13 18:26:24,1747160784.0099971,buy,market,83020538
104356.9,5.031e-05,2025-05-13 18:26:24,1747160784.0099971,buy,market,83020537
104352.7,0.018,2025-05-13 18:26:24,1747160784.0099971,buy,market,83020536
104352.5,9.583e-05,2025-05-13 18:26:24,1747160784.0099971,buy,market,83020535
104352.5,0.01323066,2025-05-13 18:26:24,1747160784.0099971,buy,market,83020534
104378.6,0.296552,2025-05-13 18:26:24,1747160784.0099974,buy,market,83020543
104378.6,0.135,2025-05-13 18:26:24,1747160784.0099974,buy,market,83020544
104378.7,2.14202768,2025-05-13 18:26:24,1747160784.0099974,buy,market,83020545
104352.4,0.07405429,2025-05-13 18:26:32,1747160792.2911427,sell,limit,83020546
104352.4,0.11572973,2025-05-13 18:26:32,1747160792.2911427,sell,limit,83020547
104352.5,9.349e-05,2025-05-13 18:26:32,1747160792.4351301,buy,limit,83020548
104352.4,0.01898855,2025-05-13 18:26:34,1747160794.3310199,sell,market,83020549
104352.5,0.00078875,2025-05-13 18:26:38,1747160798.2925344,buy,market,83020550
104352.5,0.01498478,2025-05-13 18:26:45,1747160805.7996998,buy,limit,83020551
104352.4,0.02848121,2025-05-13 18:26:48,1747160808.6808329,sell,market,83020552
104352.5,0.00027479,2025-05-13 18:27:09,1747160829.551532,buy,limit,83020554
104352.5,9.583e-05,2025-05-13 18:27:09,1747160829.551532,buy,limit,83020553
104352.4,0.00025273,2025-05-13 18:27:19,1747160839.2679174,sell,market,83020555
104352.5,0.00046746,2025-05-13 18:27:25,1747160845.266148,buy,limit,83020556
104352.5,0.01650611,2025-05-13 18:27:45,1747160865.710868,buy,market,83020557
104352.5,9.582e-05,2025-05-13 18:27:45,1747160865.710868,buy,market,83020558
104362.8,0.00098688,2025-05-13 18:27:45,1747160865.710868,buy,market,83020559
104379.1,5.03e-05,2025-05-13 18:27:45,1747160865.710868,buy,market,83020560
104387.0,0.01236089,2025-05-13 18:27:45,1747160865.710868,buy,market,83020561
104387.0,0.001,2025-05-13 18:27:49,1747160869.6561708,buy,market,83020562
104387.0,2.523e-05,2025-05-13 18:27:58,1747160878.5466871,buy,limit,83020563
104386.9,0.00568043,2025-05-13 18:28:07,1747160887.4947085,sell,limit,83020564
104387.0,0.001576,2025-05-13 18:28:11,1747160891.8126082,buy,market,83020565
104387.0,0.00386998,2025-05-13 18:28:19,1747160899.0452569,buy,market,83020566
104387.0,0.00192005,2025-05-13 18:28:19,1747160899.0452569,buy,market,83020567
104387.0,0.00094382,2025-05-13 18:28:22,1747160902.1989627,buy,limit,83020568
104386.9,0.00239498,2025-05-13 18:28:25,1747160905.9525504,sell,limit,83020569
104386.9,0.00047994,2025-05-13 18:28:26,1747160906.495265,sell,limit,83020570
104386.9,0.00967554,2025-05-13 18:28:27,1747160907.9026117,sell,market,83020571
104387.0,0.0004766,2025-05-13 18:28:37,1747160917.008688,buy,limit,83020572
104387.0,0.00188299,2025-05-13 18:28:42,1747160922.7939606,buy,limit,83020573
104387.0,0.00107714,2025-05-13 18:28:43,1747160923.7324622,buy,limit,83020574
104387.0,0.00075016,2025-05-13 18:28:45,1747160925.9293919,buy,limit,83020575
104386.9,0.01338539,2025-05-13 18:28:46,1747160926.471316,sell,limit,83020576
104387.0,0.06699909,2025-05-13 18:28:49,1747160929.566815,buy,market,83020577
104387.0,0.00224726,2025-05-13 18:28:55,1747160935.7105877,buy,limit,83020578
104387.0,0.00050551,2025-05-13 18:29:04,1747160944.8132966,buy,market,83020579
104387.0,0.04573481,2025-05-13 18:29:06,1747160946.540673,buy,market,83020580
104387.0,0.00033321,2025-05-13 18:29:08,1747160948.492937,buy,market,83020581
104387.0,0.013736,2025-05-13 18:29:15,1747160955.1941178,buy,market,83020582
104387.0,0.00708837,2025-05-13 18:29:30,1747160970.7836723,buy,market,83020583
104387.0,0.00314608,2025-05-13 18:29:38,1747160978.2126536,buy,limit,83020584
104386.9,0.00174469,2025-05-13 18:29:55,1747160995.182322,sell,limit,83020587
104386.9,0.0001,2025-05-13 18:29:55,1747160995.182322,sell,limit,83020586
104386.9,0.0001,2025-05-13 18:29:55,1747160995.182322,sell,limit,83020585
104387.0,0.0004673,2025-05-13 18:30:03,1747161003.9584064,buy,limit,83020588
104387.0,0.02336521,2025-05-13 18:30:14,1747161014.5490437,buy,limit,83020589
104387.0,0.00737722,2025-05-13 18:30:14,1747161014.5505073,buy,limit,83020590
104387.0,0.00024253,2025-05-13 18:30:16,1747161016.8384788,buy,limit,83020591
104387.0,0.000808,2025-05-13 18:30:17,1747161017.715361,buy,market,83020592
104387.0,9.35e-06,2025-05-13 18:30:26,1747161026.8642817,buy,limit,83020593
104387.0,0.0004518,2025-05-13 18:30:27,1747161027.0986931,buy,limit,83020594
104387.0,0.00235,2025-05-13 18:30:27,1747161027.1724958,buy,market,83020595
104387.0,0.00235,2025-05-13 18:30:27,1747161027.1724958,buy,market,83020596
104387.0,0.00236,2025-05-13 18:30:27,1747161027.1724958,buy,market,83020597
104387.0,0.00239,2025-05-13 18:30:27,1747161027.1724958,buy,market,83020598
104387.0,0.00244,2025-05-13 18:30:27,1747161027.1724958,buy,market,83020599
104387.0,0.00253,2025-05-13 18:30:27,1747161027.1724958,buy,market,83020600
104386.9,0.001,2025-05-13 18:30:34,1747161034.3967383,sell,limit,83020601
104386.9,5.328e-05,2025-05-13 18:30:37,1747161037.2515523,sell,limit,83020602
104387.0,0.00012392,2025-05-13 18:30:42,1747161042.0418904,buy,limit,83020603
104387.0,0.01728261,2025-05-13 18:30:44,1747161044.8042736,buy,market,83020604
104386.9,0.00485503,2025-05-13 18:30:48,1747161048.246697,sell,market,83020605
104386.9,0.0001,2025-05-13 18:30:48,1747161048.246697,sell,market,83020606
104386.9,0.0001,2025-05-13 18:30:48,1747161048.246697,sell,market,83020607
104386.9,0.02868319,2025-05-13 18:30:48,1747161048.2466972,sell,market,83020608
104387.0,9.323e-05,2025-05-13 18:30:51,1747161051.2391658,buy,limit,83020609
104387.0,0.00024396,2025-05-13 18:30:51,1747161051.6326902,buy,limit,83020610
104387.0,0.00089722,2025-05-13 18:30:56,1747161056.4210968,buy,limit,83020611
104386.9,0.00113998,2025-05-13 18:30:56,1747161056.839253,sell,market,83020612
104387.0,0.00368296,2025-05-13 18:31:03,1747161063.534289,buy,limit,83020613
104387.0,9.589e-05,2025-05-13 18:31:08,1747161068.5016184,buy,limit,83020614
104387.0,0.00567526,2025-05-13 18:31:08,1747161068.8637793,buy,limit,83020615
104387.0,8.844e-05,2025-05-13 18:31:10,1747161070.1918204,buy,limit,83020616
104387.0,0.00033034,2025-05-13 18:31:12,1747161072.041423,buy,limit,83020617
104386.9,0.0001,2025-05-13 18:31:13,1747161073.3064241,sell,limit,83020619
104386.9,0.0001,2025-05-13 18:31:13,1747161073.3064241,sell,limit,83020618
104376.1,0.01035802,2025-05-13 18:31:18,1747161078.0084188,buy,market,83020620
104376.0,2.884e-05,2025-05-13 18:31:18,1747161078.4428222,sell,limit,83020621
104376.1,0.00434913,2025-05-13 18:31:25,1747161085.800272,buy,market,83020622
104376.0,0.001,2025-05-13 18:31:28,1747161088.0750456,sell,market,83020623
104376.1,0.00024957,2025-05-13 18:31:31,1747161091.5073726,buy,limit,83020624
104376.1,0.01650611,2025-05-13 18:31:38,1747161098.9218678,buy,market,83020625
104376.1,9.58e-05,2025-05-13 18:31:38,1747161098.9218678,buy,market,83020626
104376.1,0.019,2025-05-13 18:31:38,1747161098.9218678,buy,market,83020627
104376.1,0.0172574,2025-05-13 18:31:38,1747161098.9218678,buy,market,83020628
104376.1,0.0019,2025-05-13 18:31:38,1747161098.9218678,buy,market,83020629
104376.1,0.00406001,2025-05-13 18:31:38,1747161098.9218678,buy,market,83020630
104376.1,0.2005409,2025-05-13 18:31:38,1747161098.9218678,buy,market,83020631
104377.9,0.0009,2025-05-13 18:31:40,1747161100.0196712,buy,limit,83020632
104377.8,0.01100717,2025-05-13 18:31:47,1747161107.7438335,sell,limit,83020633
104377.9,0.00023656,2025-05-13 18:32:09,1747161129.281831,buy,limit,83020634
104377.8,0.0001,2025-05-13 18:32:09,1747161129.9311569,sell,limit,83020635
104377.8,0.0001,2025-05-13 18:32:09,1747161129.9311569,sell,limit,83020636
104376.0,0.00096981,2025-05-13 18:32:09,1747161129.9311569,sell,limit,83020637
104376.0,0.00049875,2025-05-13 18:32:16,1747161136.6884613,sell,limit,83020638
104376.1,0.00228639,2025-05-13 18:32:23,1747161143.9000838,buy,limit,83020639
104376.1,0.00188256,2025-05-13 18:32:29,1747161149.391628,buy,limit,83020640
104376.0,0.06346791,2025-05-13 18:32:32,1747161152.792632,sell,limit,83020641
104376.1,0.00042368,2025-05-13 18:32:45,1747161165.877752,buy,market,83020642
104376.1,1.734e-05,2025-05-13 18:32:51,1747161171.947219,buy,limit,83020643
104376.1,0.0005,2025-05-13 18:32:52,1747161172.0565786,buy,limit,83020644
104376.1,0.00839483,2025-05-13 18:32:55,1747161175.203478,buy,market,83020645
104376.1,0.00230872,2025-05-13 18:32:55,1747161175.3596373,buy,limit,83020646
104376.1,0.00235979,2025-05-13 18:32:56,1747161176.5724323,buy,limit,83020647
104376.0,0.00016402,2025-05-13 18:32:59,1747161179.3814878,sell,limit,83020648
104376.1,0.00095331,2025-05-13 18:33:04,1747161184.2635865,buy,limit,83020649
104376.0,0.04987531,2025-05-13 18:33:04,1747161184.958694,sell,limit,83020650
104376.0,0.00364394,2025-05-13 18:33:13,1747161193.073902,sell,limit,83020651
104376.1,0.00023952,2025-05-13 18:33:15,1747161195.8489463,buy,market,83020652
104376.1,0.1,2025-05-13 18:33:33,1747161213.4000523,buy,limit,83020653
104376.1,0.02,2025-05-13 18:33:38,1747161218.2339094,buy,market,83020654
104331.5,0.0001,2025-05-13 18:33:40,1747161220.6873436,sell,market,83020669
104335.0,5.031e-05,2025-05-13 18:33:40,1747161220.6873436,sell,market,83020668
104336.3,0.135,2025-05-13 18:33:40,1747161220.6873436,sell,market,83020667
104346.0,5.031e-05,2025-05-13 18:33:40,1747161220.6873436,sell,market,83020666
104352.2,5.9e-05,2025-05-13 18:33:40,1747161220.6873436,sell,market,83020665
104352.4,0.02585427,2025-05-13 18:33:40,1747161220.6873436,sell,market,83020664
104352.4,0.00146822,2025-05-13 18:33:40,1747161220.6873436,sell,market,83020663
104330.5,2.39623063,2025-05-13 18:33:40,1747161220.6873436,sell,market,83020670
104357.0,5.03e-05,2025-05-13 18:33:40,1747161220.6873436,sell,market,83020661
104368.0,5.03e-05,2025-05-13 18:33:40,1747161220.6873436,sell,market,83020660
104376.0,0.005,2025-05-13 18:33:40,1747161220.6873436,sell,market,83020659
104376.0,0.0001,2025-05-13 18:33:40,1747161220.6873436,sell,market,83020658
104376.0,0.0001,2025-05-13 18:33:40,1747161220.6873436,sell,market,83020657
104376.0,0.0001,2025-05-13 18:33:40,1747161220.6873436,sell,market,83020656
104376.0,0.02235142,2025-05-13 18:33:40,1747161220.6873436,sell,market,83020655
104352.5,0.03203046,2025-05-13 18:33:40,1747161220.6873436,sell,market,83020662
104323.1,1.3069774,2025-05-13 18:33:40,1747161220.6873438,sell,market,83020676
104323.7,0.02874186,2025-05-13 18:33:40,1747161220.6873438,sell,market,83020674
104323.5,0.2531,2025-05-13 18:33:40,1747161220.6873438,sell,market,83020675
104327.9,2.39628923,2025-05-13 18:33:40,1747161220.6873438,sell,market,83020672
104329.8,2.39624597,2025-05-13 18:33:40,1747161220.6873438,sell,market,83020671
104324.0,5.032e-05,2025-05-13 18:33:40,1747161220.6873438,sell,market,83020673
104316.3,9.581e-05,2025-05-13 18:33:41,1747161221.1618624,buy,limit,83020677
104316.3,0.00071664,2025-05-13 18:33:41,1747161221.1618624,buy,limit,83020678
104316.3,0.01438812,2025-05-13 18:33:51,1747161231.84157,buy,market,83020679
104316.3,9.581e-05,2025-05-13 18:33:58,1747161238.9887726,buy,market,83020680
104316.3,0.01718958,2025-05-13 18:33:58,1747161238.9887726,buy,market,83020681
104316.3,0.00352666,2025-05-13 18:34:02,1747161242.8490005,buy,market,83020682
104316.3,4.793e-05,2025-05-13 18:34:04,1747161244.9766269,buy,market,83020683
104316.3,0.0013948,2025-05-13 18:34:10,1747161250.4109542,buy,limit,83020684
104298.8,9.559e-05,2025-05-13 18:34:11,1747161251.3573325,sell,market,83020691
104290.9,0.00743441,2025-05-13 18:34:11,1747161251.3573325,sell,market,83020693
104291.0,5.033e-05,2025-05-13 18:34:11,1747161251.3573325,sell,market,83020692
104302.0,5.033e-05,2025-05-13 18:34:11,1747161251.3573325,sell,market,83020690
104316.2,0.0001,2025-05-13 18:34:11,1747161251.3573325,sell,market,83020685
104313.0,5.032e-05,2025-05-13 18:34:11,1747161251.3573325,sell,market,83020688
104316.2,0.007,2025-05-13 18:34:11,1747161251.3573325,sell,market,83020687
104316.2,0.0001,2025-05-13 18:34:11,1747161251.3573325,sell,market,83020686
104305.5,0.00958,2025-05-13 18:34:11,1747161251.3573325,sell,market,83020689
104291.0,0.00330372,2025-05-13 18:34:16,1747161256.1761072,buy,market,83020694
104291.0,0.00089783,2025-05-13 18:34:18,1747161258.1618698,buy,limit,83020695
104290.9,0.00141986,2025-05-13 18:34:29,1747161269.7884583,sell,market,83020696
104290.9,0.00132064,2025-05-13 18:34:54,1747161294.8814218,sell,limit,83020697
104290.9,0.0029703,2025-05-13 18:35:04,1747161304.3602211,sell,limit,83020698
104291.0,9.586e-05,2025-05-13 18:35:09,1747161309.996318,buy,limit,83020699
104291.0,0.00130414,2025-05-13 18:35:09,1747161309.996318,buy,limit,83020700
104291.0,0.0004836,2025-05-13 18:35:11,1747161311.3897424,buy,market,83020701
104291.0,0.00092573,2025-05-13 18:35:11,1747161311.3963099,buy,limit,83020702
104291.0,0.07918746,2025-05-13 18:35:13,1747161313.5915644,buy,market,83020703
104291.0,9.447e-05,2025-05-13 18:35:18,1747161318.9862063,buy,limit,83020704
104290.9,0.00010697,2025-05-13 18:35:23,1747161323.0154152,sell,market,83020705
104290.9,0.05,2025-05-13 18:35:25,1747161325.583921,sell,market,83020706
104290.9,0.0080526,2025-05-13 18:35:26,1747161326.60812,sell,limit,83020707
104290.9,0.0019802,2025-05-13 18:35:31,1747161331.787365,sell,limit,83020708
104291.0,0.00044781,2025-05-13 18:35:34,1747161334.2635105,buy,limit,83020709
104291.0,0.00015289,2025-05-13 18:35:38,1747161338.3423643,buy,limit,83020710
104291.0,9.54e-06,2025-05-13 18:35:39,1747161339.0471337,buy,limit,83020711
104291.0,0.0158014,2025-05-13 18:35:40,1747161340.094651,buy,limit,83020712
104291.0,9.586e-05,2025-05-13 18:35:40,1747161340.094651,buy,limit,83020713
104291.0,0.00260274,2025-05-13 18:35:40,1747161340.094651,buy,limit,83020714
104292.8,0.0958,2025-05-13 18:35:41,1747161341.885676,buy,limit,83020715
104292.8,0.03999801,2025-05-13 18:35:42,1747161342.8348248,buy,limit,83020719
104292.8,0.01650611,2025-05-13 18:35:42,1747161342.8348248,buy,limit,83020718
104292.8,9.588e-05,2025-05-13 18:35:42,1747161342.8348248,buy,limit,83020717
104292.8,0.0392,2025-05-13 18:35:42,1747161342.8348248,buy,limit,83020716
104292.8,9.588e-05,2025-05-13 18:35:47,1747161347.7541826,buy,limit,83020720
104292.8,7.537e-05,2025-05-13 18:35:47,1747161347.7541826,buy,limit,83020721
104292.7,0.05,2025-05-13 18:35:50,1747161350.2569723,sell,market,83020722
104292.8,0.00023617,2025-05-13 18:35:50,1747161350.5931065,buy,limit,83020723
104292.8,0.01019937,2025-05-13 18:35:55,1747161355.635115,buy,market,83020724
104292.7,0.0019802,2025-05-13 18:35:59,1747161359.6949623,sell,limit,83020725
104292.8,0.00057406,2025-05-13 18:36:05,1747161365.0156913,buy,market,83020726
104292.8,0.00127276,2025-05-13 18:36:07,1747161367.153407,buy,limit,83020727
104292.7,0.001,2025-05-13 18:36:24,1747161384.3214884,sell,limit,83020728
104292.7,0.0001,2025-05-13 18:36:24,1747161384.3214884,sell,limit,83020729
104292.7,0.0001,2025-05-13 18:36:24,1747161384.3214886,sell,limit,83020730
104290.9,0.00226535,2025-05-13 18:36:24,1747161384.3214886,sell,limit,83020731
104291.0,0.01037748,2025-05-13 18:36:35,1747161395.183863,buy,limit,83020732
104291.0,0.02704538,2025-05-13 18:36:35,1747161395.5177326,buy,limit,83020733
104290.9,0.00077328,2025-05-13 18:36:40,1747161400.97565,sell,market,83020734
104290.9,0.05,2025-05-13 18:36:41,1747161401.7058647,sell,market,83020735
104291.0,0.00067111,2025-05-13 18:36:47,1747161407.525549,buy,limit,83020736
104290.9,0.0029703,2025-05-13 18:36:50,1747161410.0047975,sell,limit,83020737
104291.0,0.00062789,2025-05-13 18:36:50,1747161410.6718411,buy,limit,83020738
104290.9,4.926e-05,2025-05-13 18:36:50,1747161410.7074416,sell,limit,83020739
104291.0,0.00084739,2025-05-13 18:36:52,1747161412.549688,buy,market,83020740
104291.0,0.03744155,2025-05-13 18:36:57,1747161417.606414,buy,market,83020741
104291.0,4.056e-05,2025-05-13 18:36:58,1747161418.0415545,buy,limit,83020742
104231.0,0.00601,2025-05-13 18:37:00,1747161420.7687626,sell,limit,83020755
104247.0,5.036e-05,2025-05-13 18:37:00,1747161420.7687626,sell,limit,83020754
104256.0,0.00019183,2025-05-13 18:37:00,1747161420.7687626,sell,limit,83020753
104258.0,5.035e-05,2025-05-13 18:37:00,1747161420.7687626,sell,limit,83020752
104269.0,5.035e-05,2025-05-13 18:37:00,1747161420.7687626,sell,limit,83020751
104290.9,0.001,2025-05-13 18:37:00,1747161420.7687626,sell,limit,83020749
104280.0,5.034e-05,2025-05-13 18:37:00,1747161420.7687626,sell,limit,83020750
104290.9,0.0001,2025-05-13 18:37:00,1747161420.7687626,sell,limit,83020747
104290.9,0.0003565,2025-05-13 18:37:00,1747161420.7687626,sell,limit,83020746
104290.9,0.33340657,2025-05-13 18:37:00,1747161420.7687626,sell,limit,83020745
104290.9,0.02652102,2025-05-13 18:37:00,1747161420.7687626,sell,limit,83020744
104290.9,0.01690156,2025-05-13 18:37:00,1747161420.7687626,sell,limit,83020743
104290.9,0.0001,2025-05-13 18:37:00,1747161420.7687626,sell,limit,83020748
104215.3,0.12415385,2025-05-13 18:37:00,1747161420.7687628,sell,limit,83020765
104217.5,0.09733776,2025-05-13 18:37:00,1747161420.7687628,sell,limit,83020763
104220.0,0.38380349,2025-05-13 18:37:00,1747161420.7687628,sell,limit,83020762
104220.5,2.39875996,2025-05-13 18:37:00,1747161420.7687628,sell,limit,83020761
104215.4,0.71958701,2025-05-13 18:37:00,1747161420.7687628,sell,limit,83020764
104221.5,0.13615366,2025-05-13 18:37:00,1747161420.7687628,sell,limit,83020759
104222.3,0.2531,2025-05-13 18:37:00,1747161420.7687628,sell,limit,83020758
104222.4,0.012,2025-05-13 18:37:00,1747161420.7687628,sell,limit,83020757
104221.4,2.39873797,2025-05-13 18:37:00,1747161420.7687628,sell,limit,83020760
104227.3,0.135,2025-05-13 18:37:00,1747161420.7687628,sell,limit,83020756
104212.1,9.001e-05,2025-05-13 18:37:04,1747161424.0953083,buy,market,83020766
104212.1,0.01729505,2025-05-13 18:37:08,1747161428.0867736,buy,market,83020767
104212.1,0.00959581,2025-05-13 18:37:18,1747161438.8243375,buy,market,83020768
104212.1,0.00481485,2025-05-13 18:37:20,1747161440.0243905,buy,limit,83020769
104212.0,0.0005,2025-05-13 18:37:20,1747161440.3421962,sell,limit,83020770
104212.0,0.0001,2025-05-13 18:37:20,1747161440.3421962,sell,limit,83020771
104212.0,0.0001,2025-05-13 18:37:20,1747161440.3421962,sell,limit,83020772
104212.0,0.001,2025-05-13 18:37:20,1747161440.3421962,sell,limit,83020773
104212.0,5.037e-05,2025-05-13 18:37:20,1747161440.3421962,sell,limit,83020774
104212.0,5.037e-05,2025-05-13 18:37:20,1747161440.3421962,sell,limit,83020775
104212.0,5.037e-05,2025-05-13 18:37:20,1747161440.3421962,sell,limit,83020776
104212.0,0.004,2025-05-13 18:37:20,1747161440.3421965,sell,limit,83020777
104207.3,0.00414889,2025-05-13 18:37:20,1747161440.3421965,sell,limit,83020778
104207.4,0.00278292,2025-05-13 18:37:33,1747161453.890137,buy,market,83020780
104207.4,9.595e-05,2025-05-13 18:37:33,1747161453.890137,buy,market,83020779
104207.3,0.001,2025-05-13 18:37:35,1747161455.3229556,sell,limit,83020783
104207.3,0.0001,2025-05-13 18:37:35,1747161455.3229556,sell,limit,83020782
104207.3,0.0001,2025-05-13 18:37:35,1747161455.3229556,sell,limit,83020781
104204.6,0.00046812,2025-05-13 18:37:40,1747161460.801519,buy,limit,83020784
104204.6,0.0009302,2025-05-13 18:37:42,1747161462.4770918,buy,market,83020785
104204.5,0.00959,2025-05-13 18:37:45,1747161465.6928287,sell,market,83020786
104204.5,0.0001,2025-05-13 18:37:45,1747161465.6928287,sell,market,83020787
104168.1,0.0748731,2025-05-13 18:37:45,1747161465.692829,sell,market,83020795
104170.0,5.039e-05,2025-05-13 18:37:45,1747161465.692829,sell,market,83020794
104181.0,5.039e-05,2025-05-13 18:37:45,1747161465.692829,sell,market,83020793
104192.0,5.038e-05,2025-05-13 18:37:45,1747161465.692829,sell,market,83020792
104199.9,0.01116354,2025-05-13 18:37:45,1747161465.692829,sell,market,83020791
104203.0,5.038e-05,2025-05-13 18:37:45,1747161465.692829,sell,market,83020790
104204.5,0.001,2025-05-13 18:37:45,1747161465.692829,sell,market,83020789
104204.5,0.0001,2025-05-13 18:37:45,1747161465.692829,sell,market,83020788
104168.2,0.00280873,2025-05-13 18:37:47,1747161467.4561067,buy,limit,83020796
104168.1,0.00011485,2025-05-13 18:37:47,1747161467.5923927,sell,market,83020797
104190.0,0.00055581,2025-05-13 18:38:00,1747161480.095892,buy,market,83020801
104181.0,5.039e-05,2025-05-13 18:38:00,1747161480.095892,buy,market,83020800
104168.2,0.01369738,2025-05-13 18:38:00,1747161480.095892,buy,market,83020798
104168.2,9.596e-05,2025-05-13 18:38:00,1747161480.095892,buy,market,83020799
104189.9,0.00022828,2025-05-13 18:38:01,1747161481.7134888,sell,limit,83020802
104190.0,9.599e-05,2025-05-13 18:38:02,1747161482.189726,buy,limit,83020803
104190.0,0.00458687,2025-05-13 18:38:02,1747161482.189726,buy,limit,83020804
104189.9,0.01027472,2025-05-13 18:38:05,1747161485.243882,sell,limit,83020805
104189.9,0.00079104,2025-05-13 18:38:08,1747161488.1398425,sell,limit,83020806
104190.0,0.01650611,2025-05-13 18:38:09,1747161489.9735265,buy,limit,83020807
104190.0,9.599e-05,2025-05-13 18:38:09,1747161489.9735265,buy,limit,83020808
104192.0,9.186e-05,2025-05-13 18:38:10,1747161490.9903026,sell,market,83020809
104192.1,5.039e-05,2025-05-13 18:38:11,1747161491.667883,buy,market,83020810
104192.1,9.598e-05,2025-05-13 18:38:11,1747161491.667883,buy,market,83020811
104200.3,0.003033,2025-05-13 18:38:11,1747161491.667883,buy,market,83020812
104200.3,0.0006523,2025-05-13 18:38:15,1747161495.8577077,buy,limit,83020813
104200.3,0.01650611,2025-05-13 18:38:16,1747161496.5479636,buy,limit,83020815
104200.3,0.0143477,2025-05-13 18:38:16,1747161496.5479636,buy,limit,83020814
104200.3,9.597e-05,2025-05-13 18:38:16,1747161496.5479639,buy,limit,83020816
104200.3,0.00012777,2025-05-13 18:38:16,1747161496.5479639,buy,limit,83020817
104200.2,0.001,2025-05-13 18:38:19,1747161499.425136,sell,market,83020818
104200.2,0.0001,2025-05-13 18:38:19,1747161499.425136,sell,market,83020819
104200.2,0.0001,2025-05-13 18:38:19,1747161499.425136,sell,market,83020820
104200.2,0.004,2025-05-13 18:38:19,1747161499.425136,sell,market,83020821
104200.2,0.04,2025-05-13 18:38:19,1747161499.425136,sell,market,83020822
104200.2,0.0958,2025-05-13 18:38:19,1747161499.425136,sell,market,83020823
104190.1,0.0016979,2025-05-13 18:38:20,1747161500.50282,buy,limit,83020824
104190.0,0.00948756,2025-05-13 18:38:22,1747161502.836595,sell,limit,83020825
104190.1,0.00071715,2025-05-13 18:38:24,1747161504.3416665,buy,limit,83020826
104190.0,2.629e-05,2025-05-13 18:38:37,1747161517.3071585,sell,limit,83020827
104190.1,0.01409106,2025-05-13 18:38:42,1747161522.2397258,buy,limit,83020828
104190.1,0.00030894,2025-05-13 18:38:42,1747161522.2397258,buy,limit,83020829
104190.1,0.00159106,2025-05-13 18:38:43,1747161523.2815878,buy,limit,83020830
104203.0,5.038e-05,2025-05-13 18:38:43,1747161523.5814986,buy,limit,83020831
104204.5,0.00959,2025-05-13 18:38:43,1747161523.5814986,buy,limit,83020832
104214.0,5.038e-05,2025-05-13 18:38:43,1747161523.5814986,buy,limit,83020833
104225.1,5.037e-05,2025-05-13 18:38:43,1747161523.5814986,buy,limit,83020834
104236.0,5.037e-05,2025-05-13 18:38:43,1747161523.5814986,buy,limit,83020835
104239.7,9.597e-05,2025-05-13 18:38:43,1747161523.5814986,buy,limit,83020836
104239.8,0.17732056,2025-05-13 18:38:43,1747161523.5814986,buy,limit,83020837
104239.8,9.597e-05,2025-05-13 18:38:43,1747161523.8632739,buy,market,83020838
104243.2,0.02559644,2025-05-13 18:38:43,1747161523.8632739,buy,market,83020839
104243.0,1.14e-05,2025-05-13 18:38:46,1747161526.8142848,sell,limit,83020840
104243.1,0.00129815,2025-05-13 18:38:47,1747161527.0388544,buy,limit,83020841
104243.1,9.597e-05,2025-05-13 18:38:53,1747161533.7983007,buy,limit,83020842
104243.1,0.01271297,2025-05-13 18:38:53,1747161533.7983007,buy,limit,83020843
104243.1,0.00046795,2025-05-13 18:38:58,1747161538.0638716,buy,limit,83020844
104243.0,1.655e-05,2025-05-13 18:39:01,1747161541.2597637,sell,limit,83020845
104243.0,2.08e-05,2025-05-13 18:39:02,1747161542.8650246,sell,limit,83020847
104243.0,8.345e-05,2025-05-13 18:39:02,1747161542.8650246,sell,limit,83020846
104243.0,1.026e-05,2025-05-13 18:39:16,1747161556.788528,sell,limit,83020848
104243.1,0.00336924,2025-05-13 18:39:16,1747161556.8446648,buy,limit,83020849
104243.0,6.894e-05,2025-05-13 18:39:25,1747161565.8833702,sell,limit,83020850
104243.0,0.001,2025-05-13 18:39:25,1747161565.8833702,sell,limit,83020851
104243.0,0.0001,2025-05-13 18:39:25,1747161565.8833702,sell,limit,83020852
104238.5,0.00019356,2025-05-13 18:39:25,1747161565.8833702,sell,limit,83020853
104225.0,5.037e-05,2025-05-13 18:39:25,1747161565.8833702,sell,limit,83020854
104214.0,5.037e-05,2025-05-13 18:39:25,1747161565.8833702,sell,limit,83020855
104210.9,0.00153046,2025-05-13 18:39:25,1747161565.8833702,sell,limit,83020856
104211.0,0.01650611,2025-05-13 18:39:27,1747161567.5658517,buy,market,83020857
104211.0,9.593e-05,2025-05-13 18:39:27,1747161567.5658517,buy,market,83020858
104212.3,0.01218556,2025-05-13 18:39:27,1747161567.5658517,buy,market,83020859
104214.6,9.595e-05,2025-05-13 18:39:36,1747161576.8822308,buy,market,83020860
104214.6,0.00090405,2025-05-13 18:39:36,1747161576.8822308,buy,market,83020861
104214.5,0.00028777,2025-05-13 18:39:38,1747161578.6897361,sell,market,83020862
104214.6,0.0128,2025-05-13 18:39:39,1747161579.9778059,buy,limit,83020863
104214.6,9.595e-05,2025-05-13 18:39:41,1747161581.4476228,buy,limit,83020864
104218.4,0.00042411,2025-05-13 18:39:43,1747161583.5902474,buy,market,83020865
104218.3,0.21983664,2025-05-13 18:39:46,1747161586.1028662,sell,market,83020866
104218.4,0.01270405,2025-05-13 18:39:51,1747161591.9627342,buy,limit,83020867
104218.4,0.00130151,2025-05-13 18:39:54,1747161594.7399867,buy,limit,83020868
104218.4,5.483e-05,2025-05-13 18:39:56,1747161596.9956288,buy,limit,83020869
104218.4,9.453e-05,2025-05-13 18:39:58,1747161598.040535,buy,limit,83020870
104218.4,0.00031197,2025-05-13 18:40:03,1747161603.2831454,buy,limit,83020871
104218.3,0.0001,2025-05-13 18:40:04,1747161604.3871267,sell,limit,83020872
104218.3,0.0001,2025-05-13 18:40:04,1747161604.3871267,sell,limit,83020873
104218.3,0.00059105,2025-05-13 18:40:04,1747161604.3871267,sell,limit,83020874
104218.3,0.00011514,2025-05-13 18:40:08,1747161608.7379782,sell,market,83020875
104218.4,0.02569295,2025-05-13 18:40:12,1747161612.6845858,buy,market,83020876
104218.4,0.0132,2025-05-13 18:40:13,1747161613.4386241,buy,limit,83020877
104218.4,0.0132,2025-05-13 18:40:14,1747161614.365748,buy,limit,83020878
104218.4,0.0128,2025-05-13 18:40:15,1747161615.1389084,buy,limit,83020879
104218.4,9.595e-05,2025-05-13 18:40:16,1747161616.472029,buy,limit,83020880
104218.4,0.01650611,2025-05-13 18:40:16,1747161616.472029,buy,limit,83020881
104218.4,0.07929794,2025-05-13 18:40:16,1747161616.472029,buy,limit,83020882
104218.5,2.315e-05,2025-05-13 18:40:18,1747161618.391111,buy,limit,83020883
104218.5,6.46e-05,2025-05-13 18:40:23,1747161623.0093136,buy,limit,83020884
104218.5,0.00719821,2025-05-13 18:40:29,1747161629.8851082,buy,market,83020885
104218.5,0.00023634,2025-05-13 18:40:43,1747161643.0360072,buy,limit,83020886
104218.5,0.00018907,2025-05-13 18:40:46,1747161646.0422547,buy,limit,83020887
104218.4,0.0001,2025-05-13 18:41:02,1747161662.601908,sell,limit,83020888
104218.4,0.0001,2025-05-13 18:41:02,1747161662.601908,sell,limit,83020889
104218.4,0.00029154,2025-05-13 18:41:02,1747161662.601908,sell,limit,83020890
104218.5,0.19190451,2025-05-13 18:41:04,1747161664.9826345,buy,market,83020891
104218.5,0.00047976,2025-05-13 18:41:05,1747161665.1076965,buy,market,83020892
104218.5,9.361e-05,2025-05-13 18:41:05,1747161665.2562351,buy,limit,83020893
104218.3,0.00055064,2025-05-13 18:41:07,1747161667.0553281,sell,market,83020897
104218.4,0.0001,2025-05-13 18:41:07,1747161667.0553281,sell,market,83020896
104218.4,0.0001,2025-05-13 18:41:07,1747161667.0553281,sell,market,83020895
104218.4,0.00070846,2025-05-13 18:41:07,1747161667.0553281,sell,market,83020894
104218.4,9.453e-05,2025-05-13 18:41:12,1747161672.5228546,buy,limit,83020898
104218.3,0.00013992,2025-05-13 18:41:21,1747161681.9772017,sell,market,83020899
104218.3,5.085e-05,2025-05-13 18:41:21,1747161681.9772017,sell,market,83020900
104218.3,0.0001,2025-05-13 18:41:21,1747161681.9772017,sell,market,83020901
104218.3,0.0001,2025-05-13 18:41:21,1747161681.9772017,sell,market,83020902
104218.3,0.001,2025-05-13 18:41:21,1747161681.977202,sell,market,83020903
104204.5,0.00107563,2025-05-13 18:41:21,1747161681.977202,sell,market,83020904
104204.6,0.00019584,2025-05-13 18:41:21,1747161681.9896843,buy,limit,83020905
104204.6,0.00017018,2025-05-13 18:41:28,1747161688.7671874,buy,limit,83020906
104204.6,0.00051432,2025-05-13 18:41:29,1747161689.325437,buy,limit,83020907
104204.6,4.727e-05,2025-05-13 18:41:33,1747161693.0384805,buy,limit,83020908
104204.6,0.01470837,2025-05-13 18:41:36,1747161696.0761642,buy,market,83020909
104204.5,0.000322,2025-05-13 18:41:40,1747161700.2867782,sell,limit,83020910
104204.6,9.596e-05,2025-05-13 18:41:46,1747161706.7680736,buy,limit,83020911
104204.6,0.00039211,2025-05-13 18:41:46,1747161706.7680736,buy,limit,83020912
104204.6,0.004798,2025-05-13 18:41:54,1747161714.646106,buy,market,83020913
104204.6,0.00018909,2025-05-13 18:41:59,1747161719.0363524,buy,limit,83020914
104204.6,0.0036033,2025-05-13 18:41:59,1747161719.7094285,buy,market,83020915
104204.5,9.83e-06,2025-05-13 18:42:01,1747161721.4749537,sell,limit,83020916
104204.6,9.596e-05,2025-05-13 18:42:09,1747161729.9752872,buy,limit,83020917
104204.6,0.01520404,2025-05-13 18:42:09,1747161729.9752874,buy,limit,83020918
104204.9,0.0011,2025-05-13 18:42:11,1747161731.4576309,buy,limit,83020919
104204.9,0.00046812,2025-05-13 18:42:20,1747161740.0962257,buy,limit,83020920
104204.8,0.0001,2025-05-13 18:42:24,1747161744.652524,sell,limit,83020921
104204.8,4.37e-05,2025-05-13 18:42:24,1747161744.652524,sell,limit,83020922
104204.8,0.01309118,2025-05-13 18:42:47,1747161767.743102,sell,limit,83020928
104204.8,0.0019,2025-05-13 18:42:47,1747161767.743102,sell,limit,83020926
104204.8,0.0031,2025-05-13 18:42:47,1747161767.743102,sell,limit,83020927
104204.8,0.001,2025-05-13 18:42:47,1747161767.743102,sell,limit,83020924
104204.8,5.63e-05,2025-05-13 18:42:47,1747161767.743102,sell,limit,83020923
104204.8,0.0001,2025-05-13 18:42:47,1747161767.743102,sell,limit,83020925
104204.6,0.00101234,2025-05-13 18:42:51,1747161771.839137,buy,market,83020929
104204.6,0.00071686,2025-05-13 18:42:54,1747161774.9876933,buy,market,83020930
104204.6,0.0013746,2025-05-13 18:43:00,1747161780.9559622,buy,market,83020931
104204.6,0.00489451,2025-05-13 18:43:06,1747161786.6039386,buy,market,83020932
104204.5,5e-05,2025-05-13 18:43:22,1747161802.5939956,sell,limit,83020933
104204.5,0.0007638,2025-05-13 18:43:28,1747161808.6560633,sell,market,83020934
104204.6,7.514e-05,2025-05-13 18:43:30,1747161810.9709496,buy,market,83020935
104204.5,0.00077,2025-05-13 18:43:37,1747161817.8656104,sell,limit,83020943
104181.0,5.039e-05,2025-05-13 18:43:37,1747161817.8656104,sell,limit,83020946
104192.0,5.038e-05,2025-05-13 18:43:37,1747161817.8656104,sell,limit,83020945
104203.0,5.038e-05,2025-05-13 18:43:37,1747161817.8656104,sell,limit,83020944
104204.5,6e-05,2025-05-13 18:43:37,1747161817.8656104,sell,limit,83020942
104179.7,0.01284752,2025-05-13 18:43:37,1747161817.8656104,sell,limit,83020947
104204.5,0.0001,2025-05-13 18:43:37,1747161817.8656104,sell,limit,83020940
104204.5,0.00736874,2025-05-13 18:43:37,1747161817.8656104,sell,limit,83020936
104204.5,0.00107,2025-05-13 18:43:37,1747161817.8656104,sell,limit,83020937
104204.5,0.001,2025-05-13 18:43:37,1747161817.8656104,sell,limit,83020941
104204.5,0.0001,2025-05-13 18:43:37,1747161817.8656104,sell,limit,83020939
104204.5,0.00032,2025-05-13 18:43:37,1747161817.8656104,sell,limit,83020938
104179.7,8.713e-05,2025-05-13 18:43:50,1747161830.287593,sell,limit,83020948
104179.7,0.05,2025-05-13 18:43:50,1747161830.470956,sell,market,83020949
104179.8,0.01650611,2025-05-13 18:43:52,1747161832.1111996,buy,market,83020951
104179.8,0.0019,2025-05-13 18:43:52,1747161832.1111996,buy,market,83020952
104179.8,0.00128144,2025-05-13 18:43:52,1747161832.1111996,buy,market,83020953
104179.8,0.011,2025-05-13 18:43:52,1747161832.1111996,buy,market,83020954
104179.8,0.04590044,2025-05-13 18:43:52,1747161832.1111996,buy,market,83020955
104179.8,9.597e-05,2025-05-13 18:43:52,1747161832.1111996,buy,market,83020950
104179.7,0.0005791,2025-05-13 18:43:53,1747161833.4337258,sell,market,83020956
104157.4,0.03197518,2025-05-13 18:44:03,1747161843.567738,sell,market,83020964
104159.0,5.04e-05,2025-05-13 18:44:03,1747161843.567738,sell,market,83020962
104159.0,0.0237,2025-05-13 18:44:03,1747161843.567738,sell,market,83020963
104166.8,0.135,2025-05-13 18:44:03,1747161843.567738,sell,market,83020961
104179.7,0.001,2025-05-13 18:44:03,1747161843.567738,sell,market,83020959
104179.7,0.0001,2025-05-13 18:44:03,1747161843.567738,sell,market,83020958
104179.7,0.0001,2025-05-13 18:44:03,1747161843.567738,sell,market,83020957
104170.0,5.039e-05,2025-05-13 18:44:03,1747161843.567738,sell,market,83020960
104157.4,0.0001,2025-05-13 18:44:08,1747161848.5248682,sell,market,83020965
104157.4,0.0001,2025-05-13 18:44:08,1747161848.5248682,sell,market,83020966
104157.4,0.001,2025-05-13 18:44:08,1747161848.5248682,sell,market,83020967
104148.0,5.04e-05,2025-05-13 18:44:08,1747161848.5248682,sell,market,83020968
104144.4,1.2987496,2025-05-13 18:44:08,1747161848.5248682,sell,market,83020969
104144.5,0.00229719,2025-05-13 18:44:13,1747161853.7804372,buy,limit,83020970
104144.4,0.00018149,2025-05-13 18:44:15,1747161855.479625,sell,market,83020971
104144.4,0.00037448,2025-05-13 18:44:18,1747161858.9657571,sell,market,83020972
104144.5,0.00072015,2025-05-13 18:44:32,1747161872.5487454,buy,limit,83020973
104144.5,0.0004935,2025-05-13 18:44:33,1747161873.6932027,buy,limit,83020974
104144.5,7.279e-05,2025-05-13 18:44:36,1747161876.9249136,buy,limit,83020975
104144.5,0.00960153,2025-05-13 18:44:38,1747161878.2158256,buy,limit,83020976
104144.4,0.25224403,2025-05-13 18:44:43,1747161883.0553045,sell,market,83020977
104143.4,0.45629239,2025-05-13 18:44:43,1747161883.0553048,sell,market,83020986
104144.4,0.39738358,2025-05-13 18:44:43,1747161883.0553048,sell,market,83020985
104144.4,0.001,2025-05-13 18:44:43,1747161883.0553048,sell,market,83020984
104144.4,0.0001,2025-05-13 18:44:43,1747161883.0553048,sell,market,83020983
104144.4,0.04888,2025-05-13 18:44:43,1747161883.0553048,sell,market,83020978
104144.4,0.004,2025-05-13 18:44:43,1747161883.0553048,sell,market,83020981
104144.4,0.04,2025-05-13 18:44:43,1747161883.0553048,sell,market,83020980
104144.4,0.8,2025-05-13 18:44:43,1747161883.0553048,sell,market,83020979
104144.4,0.0001,2025-05-13 18:44:43,1747161883.0553048,sell,market,83020982
104138.7,0.01650611,2025-05-13 18:44:46,1747161886.6141963,buy,limit,83020987
104138.7,9.601e-05,2025-05-13 18:44:46,1747161886.6141963,buy,limit,83020988
104150.2,0.02962782,2025-05-13 18:44:46,1747161886.6141963,buy,limit,83020989
104150.1,0.00035265,2025-05-13 18:44:47,1747161887.8490613,sell,limit,83020990
104150.1,6.834e-05,2025-05-13 18:44:47,1747161887.8594005,sell,limit,83020991
104150.1,0.00111845,2025-05-13 18:44:47,1747161887.8703663,sell,limit,83020992
104150.1,5.592e-05,2025-05-13 18:44:47,1747161887.8844876,sell,limit,83020993
104150.1,0.00055557,2025-05-13 18:44:47,1747161887.9541624,sell,limit,83020994
104150.1,0.00064231,2025-05-13 18:44:47,1747161887.9716544,sell,limit,83020995
104150.2,9.602e-05,2025-05-13 18:44:58,1747161898.019827,buy,market,83020996
104150.2,9.598e-05,2025-05-13 18:44:58,1747161898.019827,buy,market,83020997
104154.8,0.00196249,2025-05-13 18:45:17,1747161917.3036447,buy,market,83020998
104154.8,0.00417724,2025-05-13 18:45:17,1747161917.303645,buy,market,83020999
104154.7,0.00013069,2025-05-13 18:45:17,1747161917.963056,sell,limit,83021000
104154.8,0.01232887,2025-05-13 18:45:20,1747161920.1095865,buy,market,83021001
104154.8,0.0089645,2025-05-13 18:45:20,1747161920.1095865,buy,market,83021002
104154.8,0.01966841,2025-05-13 18:45:20,1747161920.6777802,buy,market,83021003
104123.3,0.00157618,2025-05-13 18:45:21,1747161921.2430737,sell,market,83021010
104126.0,5.041e-05,2025-05-13 18:45:21,1747161921.2430737,sell,market,83021009
104154.7,0.0001,2025-05-13 18:45:21,1747161921.2430737,sell,market,83021007
104137.0,5.041e-05,2025-05-13 18:45:21,1747161921.2430737,sell,market,83021008
104154.7,0.000975,2025-05-13 18:45:21,1747161921.2430737,sell,market,83021005
104154.7,2.5e-05,2025-05-13 18:45:21,1747161921.2430737,sell,market,83021004
104154.7,0.0001,2025-05-13 18:45:21,1747161921.2430737,sell,market,83021006
104123.4,0.00138549,2025-05-13 18:45:24,1747161924.0324693,buy,limit,83021011
104123.4,0.00019052,2025-05-13 18:45:29,1747161929.6191733,buy,limit,83021012
104104.0,5.043e-05,2025-05-13 18:45:29,1747161929.6251085,sell,limit,83021018
104097.6,0.00417912,2025-05-13 18:45:29,1747161929.6251085,sell,limit,83021020
104103.5,0.0096,2025-05-13 18:45:29,1747161929.6251085,sell,limit,83021019
104115.0,5.042e-05,2025-05-13 18:45:29,1747161929.6251085,sell,limit,83021017
104123.3,0.0001,2025-05-13 18:45:29,1747161929.6251085,sell,limit,83021013
104123.3,0.001,2025-05-13 18:45:29,1747161929.6251085,sell,limit,83021015
104123.3,0.0001,2025-05-13 18:45:29,1747161929.6251085,sell,limit,83021014
104123.2,0.006,2025-05-13 18:45:29,1747161929.6251085,sell,limit,83021016
104097.6,0.00412621,2025-05-13 18:45:34,1747161934.6827893,sell,market,83021021
104097.6,0.00477508,2025-05-13 18:45:34,1747161934.6827893,sell,market,83021022
104097.6,0.24109871,2025-05-13 18:45:34,1747161934.6827893,sell,market,83021023
104097.7,0.0153,2025-05-13 18:45:39,1747161939.9707763,buy,limit,83021024
104103.5,0.00014197,2025-05-13 18:45:44,1747161944.867473,buy,limit,83021025
104103.5,0.00215803,2025-05-13 18:45:51,1747161951.7631478,buy,limit,83021026
104103.5,0.01494197,2025-05-13 18:45:51,1747161951.763148,buy,limit,83021027
104114.8,0.02202277,2025-05-13 18:45:53,1747161953.7060764,sell,limit,83021028
104114.8,0.05,2025-05-13 18:45:59,1747161959.5045247,sell,limit,83021029
104114.9,0.01524957,2025-05-13 18:46:03,1747161963.52448,buy,limit,83021031
104114.9,5.043e-05,2025-05-13 18:46:03,1747161963.52448,buy,limit,83021030
104114.9,0.00125654,2025-05-13 18:46:03,1747161963.5738244,buy,limit,83021032
104126.0,5.042e-05,2025-05-13 18:46:03,1747161963.5738244,buy,limit,83021033
104137.0,5.041e-05,2025-05-13 18:46:03,1747161963.5738244,buy,limit,83021034
104144.0,9.604e-05,2025-05-13 18:46:03,1747161963.5738244,buy,limit,83021035
104146.1,0.00360667,2025-05-13 18:46:03,1747161963.5738244,buy,limit,83021036
104146.9,0.00024551,2025-05-13 18:46:05,1747161965.549588,buy,limit,83021037
104146.8,0.00013069,2025-05-13 18:46:06,1747161966.1345885,sell,limit,83021038
104146.9,0.0153,2025-05-13 18:46:15,1747161975.2291677,buy,limit,83021039
104146.9,0.00120611,2025-05-13 18:46:16,1747161976.4282491,buy,limit,83021040
104148.1,5.041e-05,2025-05-13 18:46:20,1747161980.8192697,buy,limit,83021041
104148.1,6.137e-05,2025-05-13 18:46:20,1747161980.8192697,buy,limit,83021042
104148.0,0.00020668,2025-05-13 18:46:21,1747161981.324797,sell,limit,83021043
104148.1,0.00089919,2025-05-13 18:46:26,1747161986.5888908,buy,limit,83021044
104148.1,0.01409389,2025-05-13 18:46:26,1747161986.953736,buy,limit,83021045
104148.1,0.0019,2025-05-13 18:46:28,1747161988.4427965,buy,market,83021046
104148.1,0.00157526,2025-05-13 18:46:28,1747161988.4427965,buy,market,83021047
104154.7,0.04392693,2025-05-13 18:46:28,1747161988.4427965,buy,market,83021048
104158.9,5.04e-05,2025-05-13 18:46:28,1747161988.4427965,buy,market,83021049
104170.0,5.04e-05,2025-05-13 18:46:28,1747161988.4427965,buy,market,83021050
104202.3,1.152033,2025-05-13 18:46:28,1747161988.4427967,buy,market,83021059
104202.0,0.323023,2025-05-13 18:46:28,1747161988.4427967,buy,market,83021058
104201.8,0.135,2025-05-13 18:46:28,1747161988.4427967,buy,market,83021057
104200.7,0.38387458,2025-05-13 18:46:28,1747161988.4427967,buy,market,83021056
104195.6,9.601e-05,2025-05-13 18:46:28,1747161988.4427967,buy,market,83021053
104195.7,0.03137081,2025-05-13 18:46:28,1747161988.4427967,buy,market,83021054
104202.9,0.78022214,2025-05-13 18:46:28,1747161988.4427967,buy,market,83021060
104191.9,5.039e-05,2025-05-13 18:46:28,1747161988.4427967,buy,market,83021052
104181.0,5.039e-05,2025-05-13 18:46:28,1747161988.4427967,buy,market,83021051
104200.6,5.798e-05,2025-05-13 18:46:28,1747161988.4427967,buy,market,83021055
104199.1,0.01394481,2025-05-13 18:46:29,1747161989.4316623,sell,market,83021061
104199.2,0.00029181,2025-05-13 18:46:38,1747161998.7835686,buy,limit,83021062
104199.2,0.001,2025-05-13 18:46:41,1747162001.7994075,buy,market,83021063
104199.2,0.001,2025-05-13 18:46:43,1747162003.185185,buy,market,83021064
104199.2,0.00081579,2025-05-13 18:46:46,1747162006.6012855,buy,market,83021065
104199.2,0.0126,2025-05-13 18:46:48,1747162008.8261933,buy,limit,83021066
104203.1,5.038e-05,2025-05-13 18:46:54,1747162014.9399595,buy,market,83021067
104203.1,0.00126686,2025-05-13 18:46:54,1747162014.9399595,buy,market,83021068
104203.1,0.00166754,2025-05-13 18:46:55,1747162015.7121599,buy,limit,83021069
104203.0,0.02062855,2025-05-13 18:46:57,1747162017.780546,sell,limit,83021070
104203.1,0.0126,2025-05-13 18:47:00,1747162020.423888,buy,limit,83021071
104204.5,0.0001443,2025-05-13 18:47:15,1747162035.7273178,buy,market,83021072
104204.5,5.03e-05,2025-05-13 18:47:18,1747162038.0408607,buy,limit,83021073
104204.5,0.0093954,2025-05-13 18:47:22,1747162042.197307,buy,limit,83021074
104204.5,0.0090046,2025-05-13 18:47:22,1747162042.197307,buy,limit,83021075
104237.9,0.00034708,2025-05-13 18:47:23,1747162043.829449,buy,limit,83021083
104237.8,9.595e-05,2025-05-13 18:47:23,1747162043.829449,buy,limit,83021082
104236.1,5.037e-05,2025-05-13 18:47:23,1747162043.829449,buy,limit,83021081
104228.8,0.00142585,2025-05-13 18:47:23,1747162043.829449,buy,limit,83021080
104204.9,0.00109143,2025-05-13 18:47:23,1747162043.829449,buy,limit,83021076
104218.4,0.00190861,2025-05-13 18:47:23,1747162043.829449,buy,limit,83021078
104214.0,5.038e-05,2025-05-13 18:47:23,1747162043.829449,buy,limit,83021077
104225.1,5.037e-05,2025-05-13 18:47:23,1747162043.829449,buy,limit,83021079
104237.8,0.00192798,2025-05-13 18:47:24,1747162044.8092644,sell,limit,83021084
104237.9,9.595e-05,2025-05-13 18:47:33,1747162053.9498758,buy,limit,83021085
104237.9,0.02330405,2025-05-13 18:47:33,1747162053.9498758,buy,limit,83021086
104237.9,0.00059076,2025-05-13 18:47:44,1747162064.8363073,buy,market,83021087
104237.9,0.0153,2025-05-13 18:47:55,1747162075.531709,buy,limit,83021088
104237.9,0.0001,2025-05-13 18:47:55,1747162075.7771032,buy,market,83021089
104247.0,5.037e-05,2025-05-13 18:48:07,1747162087.27844,buy,limit,83021090
104247.0,0.01034963,2025-05-13 18:48:07,1747162087.27844,buy,limit,83021091
104271.8,0.00374254,2025-05-13 18:48:07,1747162087.7456071,buy,market,83021096
104271.7,9.592e-05,2025-05-13 18:48:07,1747162087.7456071,buy,market,83021095
104269.0,5.035e-05,2025-05-13 18:48:07,1747162087.7456071,buy,market,83021094
104258.1,5.036e-05,2025-05-13 18:48:07,1747162087.7456071,buy,market,83021092
104265.2,0.00037824,2025-05-13 18:48:07,1747162087.7456071,buy,market,83021093
104271.8,9.592e-05,2025-05-13 18:48:18,1747162098.1612413,buy,market,83021097
104271.8,0.01650611,2025-05-13 18:48:18,1747162098.1612413,buy,market,83021098
104271.8,0.17520438,2025-05-13 18:48:18,1747162098.1612413,buy,market,83021099
104271.8,0.00035152,2025-05-13 18:48:22,1747162102.408627,buy,limit,83021100
104271.8,0.00085332,2025-05-13 18:48:22,1747162102.6204395,buy,limit,83021101
104271.8,0.00864202,2025-05-13 18:48:24,1747162104.8568034,buy,market,83021102
104271.7,0.0001,2025-05-13 18:48:36,1747162116.7351134,sell,limit,83021103
104271.7,0.0001,2025-05-13 18:48:36,1747162116.7351134,sell,limit,83021104
104271.7,0.001,2025-05-13 18:48:36,1747162116.7351134,sell,limit,83021105
104271.7,0.0488,2025-05-13 18:48:36,1747162116.7351134,sell,limit,83021106
104271.7,0.000354,2025-05-13 18:48:36,1747162116.85828,sell,limit,83021107
104271.7,4.335e-05,2025-05-13 18:48:42,1747162122.9285407,sell,limit,83021110
104271.7,0.0001,2025-05-13 18:48:42,1747162122.9285407,sell,limit,83021109
104271.7,0.00177421,2025-05-13 18:48:42,1747162122.9285407,sell,limit,83021108
104271.7,5.665e-05,2025-05-13 18:48:44,1747162124.2939975,sell,limit,83021111
104271.7,0.00984434,2025-05-13 18:48:44,1747162124.2939975,sell,limit,83021112
104271.7,0.00037402,2025-05-13 18:49:00,1747162140.1725128,sell,market,83021113
104271.7,0.00109513,2025-05-13 18:49:03,1747162143.6462877,sell,market,83021114
104271.7,0.00138592,2025-05-13 18:49:04,1747162144.682434,sell,market,83021115
104271.7,0.001,2025-05-13 18:49:04,1747162144.682434,sell,market,83021116
104271.7,0.0001,2025-05-13 18:49:04,1747162144.682434,sell,market,83021117
104271.7,0.0001,2025-05-13 18:49:04,1747162144.682434,sell,market,83021118
104271.7,0.18922067,2025-05-13 18:49:04,1747162144.682434,sell,market,83021119
104271.8,5.25e-05,2025-05-13 18:49:17,1747162157.6460886,buy,market,83021120
104271.8,0.00935641,2025-05-13 18:49:20,1747162160.4051452,buy,limit,83021121
104271.8,9.59e-05,2025-05-13 18:49:22,1747162162.1703348,buy,market,83021122
104280.0,5.035e-05,2025-05-13 18:49:22,1747162162.1703348,buy,market,83021123
104285.9,0.00088296,2025-05-13 18:49:22,1747162162.1703348,buy,market,83021124
104272.6,0.0015091,2025-05-13 18:49:23,1747162163.2382288,buy,limit,83021125
104272.6,5.466e-05,2025-05-13 18:49:25,1747162165.3135576,buy,market,83021126
104272.6,0.00959025,2025-05-13 18:50:04,1747162204.7422514,buy,market,83021127
104272.5,5e-05,2025-05-13 18:50:06,1747162206.1392596,sell,market,83021128
104272.5,0.00013762,2025-05-13 18:50:13,1747162213.591447,sell,limit,83021129
104272.5,0.0001,2025-05-13 18:50:18,1747162218.6876526,sell,market,83021130
104272.5,0.0001,2025-05-13 18:50:18,1747162218.6876526,sell,market,83021131
104272.5,0.001,2025-05-13 18:50:18,1747162218.6876526,sell,market,83021132
104272.5,0.01246733,2025-05-13 18:50:18,1747162218.6876526,sell,market,83021133
104269.0,5.035e-05,2025-05-13 18:50:18,1747162218.6876526,sell,market,83021134
104258.0,5.035e-05,2025-05-13 18:50:18,1747162218.6876526,sell,market,83021135
104247.0,5.036e-05,2025-05-13 18:50:18,1747162218.6876526,sell,market,83021136
104247.0,0.00095926,2025-05-13 18:50:18,1747162218.6876526,sell,market,83021137
104247.0,7.771e-05,2025-05-13 18:50:18,1747162218.6876526,sell,market,83021138
104246.9,0.0139154,2025-05-13 18:50:18,1747162218.6876526,sell,market,83021139
104247.0,0.00038172,2025-05-13 18:50:32,1747162232.0520024,buy,limit,83021140
104247.0,0.10748329,2025-05-13 18:50:33,1747162233.9446418,buy,market,83021143
104247.0,9.59e-05,2025-05-13 18:50:33,1747162233.9446418,buy,market,83021142
104247.0,0.01612439,2025-05-13 18:50:33,1747162233.9446418,buy,market,83021141
104247.0,0.00110941,2025-05-13 18:50:36,1747162236.7594874,buy,market,83021144
104247.0,0.00701898,2025-05-13 18:50:41,1747162241.3146658,buy,limit,83021145
104246.9,0.00679938,2025-05-13 18:50:44,1747162244.9667687,sell,market,83021146
104247.0,0.00566254,2025-05-13 18:50:49,1747162249.8056839,buy,limit,83021147
104246.9,2.5e-05,2025-05-13 18:50:54,1747162254.598015,sell,market,83021148
104246.9,0.002849,2025-05-13 18:50:54,1747162254.598015,sell,market,83021149
104247.0,9.451e-05,2025-05-13 18:50:58,1747162258.6377723,buy,limit,83021150
104247.0,0.00248004,2025-05-13 18:51:00,1747162260.4704645,buy,limit,83021151
104247.0,0.01440472,2025-05-13 18:51:09,1747162269.337939,buy,market,83021152
104246.9,0.0001,2025-05-13 18:51:43,1747162303.770991,sell,market,83021153
104237.8,0.09733776,2025-05-13 18:51:43,1747162303.7709913,sell,market,83021157
104246.9,0.04,2025-05-13 18:51:43,1747162303.7709913,sell,market,83021156
104236.4,0.11146224,2025-05-13 18:51:43,1747162303.7709913,sell,market,83021158
104246.9,0.0001,2025-05-13 18:51:43,1747162303.7709913,sell,market,83021154
104246.9,0.001,2025-05-13 18:51:43,1747162303.7709913,sell,market,83021155
104236.1,3.781e-05,2025-05-13 18:51:56,1747162316.257171,buy,limit,83021159
104236.1,0.00089852,2025-05-13 18:51:57,1747162317.0936956,buy,limit,83021160
104247.0,9.621e-05,2025-05-13 18:52:20,1747162340.7836208,buy,market,83021161
104247.0,0.00018902,2025-05-13 18:52:24,1747162344.2454104,buy,limit,83021162
104247.0,0.00238622,2025-05-13 18:52:30,1747162350.161627,buy,limit,83021163
104246.9,0.00021103,2025-05-13 18:52:38,1747162358.5402255,sell,market,83021164
104247.0,0.00367225,2025-05-13 18:52:39,1747162359.651384,buy,limit,83021166
104247.0,0.00732775,2025-05-13 18:52:39,1747162359.651384,buy,limit,83021165
104247.0,0.00023397,2025-05-13 18:53:00,1747162380.6368177,buy,limit,83021167
104247.0,0.00047254,2025-05-13 18:53:01,1747162381.0439441,buy,limit,83021168
104247.0,2.808e-05,2025-05-13 18:53:02,1747162382.6154113,buy,limit,83021169
104247.0,0.00252296,2025-05-13 18:53:05,1747162385.4724758,buy,limit,83021170
104247.0,0.00028463,2025-05-13 18:53:05,1747162385.4724758,buy,limit,83021171
104247.0,4.679e-05,2025-05-13 18:53:10,1747162390.830135,buy,limit,83021172
104247.0,0.00480809,2025-05-13 18:53:17,1747162397.5279777,buy,limit,83021173
104247.0,0.00012955,2025-05-13 18:53:19,1747162399.5881975,buy,limit,83021174
104247.0,0.00161582,2025-05-13 18:53:20,1747162400.130938,buy,limit,83021175
104247.0,0.00962123,2025-05-13 18:53:22,1747162402.5519242,buy,market,83021176
104258.0,5.036e-05,2025-05-13 18:53:22,1747162402.5519242,buy,market,83021177
104269.0,5.035e-05,2025-05-13 18:53:22,1747162402.5519242,buy,market,83021178
104279.9,5.035e-05,2025-05-13 18:53:22,1747162402.5519242,buy,market,83021179
104291.0,5.034e-05,2025-05-13 18:53:22,1747162402.5519242,buy,market,83021180
104300.0,0.00118403,2025-05-13 18:53:22,1747162402.5519242,buy,market,83021181
104300.0,0.00011464,2025-05-13 18:53:24,1747162404.2726307,buy,market,83021182
104299.9,0.00436216,2025-05-13 18:53:24,1747162404.9276445,sell,limit,83021183
104300.0,0.00018285,2025-05-13 18:53:27,1747162407.8591743,buy,market,83021184
104300.0,0.06817626,2025-05-13 18:53:27,1747162407.8591743,buy,market,83021185
104300.0,0.00030748,2025-05-13 18:53:30,1747162410.5807137,buy,limit,83021186
104300.0,0.00226497,2025-05-13 18:53:52,1747162432.307953,buy,limit,83021187
104299.9,0.00099871,2025-05-13 18:53:57,1747162437.8322103,sell,limit,83021188
104299.9,0.000291,2025-05-13 18:53:58,1747162438.428848,sell,limit,83021189
104300.0,0.001816,2025-05-13 18:53:58,1747162438.7606742,buy,limit,83021190
104300.0,0.00018892,2025-05-13 18:53:59,1747162439.0387976,buy,limit,83021191
104300.0,0.08213755,2025-05-13 18:54:00,1747162440.7278821,buy,limit,83021192
104300.0,0.00017947,2025-05-13 18:54:11,1747162451.0909786,buy,limit,83021193
104299.9,0.00739893,2025-05-13 18:54:14,1747162454.9903436,sell,limit,83021194
104300.0,0.01016963,2025-05-13 18:54:17,1747162457.4549286,buy,limit,83021195
104300.0,0.30622029,2025-05-13 18:54:18,1747162458.5057166,buy,limit,83021196
104300.0,0.01,2025-05-13 18:54:18,1747162458.5057166,buy,limit,83021197
104300.0,0.41814374,2025-05-13 18:54:18,1747162458.5057166,buy,limit,83021198
104300.0,0.10039569,2025-05-13 18:54:18,1747162458.5067103,buy,limit,83021199
104300.0,0.57043298,2025-05-13 18:54:18,1747162458.5067103,buy,limit,83021200
104300.0,0.4280855,2025-05-13 18:54:18,1747162458.5067103,buy,limit,83021201
104300.0,0.00690611,2025-05-13 18:54:18,1747162458.5067103,buy,limit,83021202
104300.0,0.03009456,2025-05-13 18:54:18,1747162458.5067103,buy,limit,83021203
104300.0,0.96990544,2025-05-13 18:54:18,1747162458.508391,buy,limit,83021204
104302.1,5.033e-05,2025-05-13 18:54:18,1747162458.5162687,buy,limit,83021205
104303.1,0.00050953,2025-05-13 18:54:18,1747162458.5162687,buy,limit,83021206
104305.5,4.677e-05,2025-05-13 18:54:25,1747162465.68228,buy,limit,83021207
104305.4,0.00173318,2025-05-13 18:54:28,1747162468.6846726,sell,market,83021208
104305.4,0.00376989,2025-05-13 18:54:28,1747162468.911574,sell,market,83021209
104305.4,0.0029703,2025-05-13 18:54:29,1747162469.6725197,sell,limit,83021210
104305.5,2.806e-05,2025-05-13 18:54:46,1747162486.8051536,buy,limit,83021211
104305.5,0.001,2025-05-13 18:54:54,1747162494.219453,buy,limit,83021212
104305.5,5.17e-06,2025-05-13 18:54:54,1747162494.7161808,buy,market,83021213
104305.5,0.00032,2025-05-13 18:54:54,1747162494.7161808,buy,market,83021214
104305.5,6e-05,2025-05-13 18:54:54,1747162494.7161808,buy,market,83021215
104305.5,0.00018369,2025-05-13 18:54:54,1747162494.7161808,buy,market,83021216
104305.5,0.00057631,2025-05-13 18:54:57,1747162497.5254457,buy,limit,83021217
104305.5,0.00037764,2025-05-13 18:54:57,1747162497.5254457,buy,limit,83021218
104305.4,0.00974849,2025-05-13 18:55:02,1747162502.6841273,sell,market,83021219
104305.5,9.539e-05,2025-05-13 18:55:08,1747162508.3767817,buy,market,83021220
104305.4,0.00044407,2025-05-13 18:55:16,1747162516.835348,sell,limit,83021221
104305.5,0.00035284,2025-05-13 18:55:23,1747162523.1186962,buy,market,83021222
104305.4,2.457e-05,2025-05-13 18:55:23,1747162523.8672564,sell,limit,83021223
104305.4,0.000386,2025-05-13 18:55:28,1747162528.65062,sell,limit,83021224
104305.5,0.00057237,2025-05-13 18:55:29,1747162529.0393608,buy,limit,83021225
104305.4,0.00975501,2025-05-13 18:55:37,1747162537.5318286,sell,limit,83021226
104305.4,0.00047138,2025-05-13 18:55:50,1747162550.7159727,sell,limit,83021227
104305.5,0.00596176,2025-05-13 18:55:52,1747162552.8826685,buy,limit,83021228
104305.5,0.01650611,2025-05-13 18:55:52,1747162552.8826685,buy,limit,83021229
104305.5,0.0015,2025-05-13 18:55:52,1747162552.8826685,buy,limit,83021230
104313.0,5.033e-05,2025-05-13 18:55:52,1747162552.8826685,buy,limit,83021231
104315.8,0.00191422,2025-05-13 18:55:52,1747162552.8826687,buy,limit,83021232
104319.9,0.02117612,2025-05-13 18:55:52,1747162552.8826687,buy,limit,83021233
104320.0,0.14,2025-05-13 18:56:01,1747162561.9567134,buy,limit,83021234
104320.0,9.588e-05,2025-05-13 18:56:06,1747162566.24662,buy,market,83021235
104332.9,0.00459463,2025-05-13 18:56:08,1747162568.594968,buy,market,83021242
104330.0,0.01106261,2025-05-13 18:56:08,1747162568.594968,buy,market,83021241
104320.0,9.585e-05,2025-05-13 18:56:08,1747162568.594968,buy,market,83021239
104324.0,5.032e-05,2025-05-13 18:56:08,1747162568.594968,buy,market,83021240
104320.0,0.01650611,2025-05-13 18:56:08,1747162568.594968,buy,market,83021238
104320.0,0.05685342,2025-05-13 18:56:08,1747162568.594968,buy,market,83021237
104320.0,0.01337574,2025-05-13 18:56:08,1747162568.594968,buy,market,83021236
104331.8,0.0003738,2025-05-13 18:56:25,1747162585.0012949,sell,market,83021243
104331.9,0.00025248,2025-05-13 18:56:27,1747162587.45107,buy,limit,83021244
104331.9,0.01625363,2025-05-13 18:56:30,1747162590.6942906,buy,market,83021245
104331.9,0.0036201,2025-05-13 18:56:30,1747162590.6942906,buy,market,83021246
104334.9,5.032e-05,2025-05-13 18:56:30,1747162590.6942906,buy,market,83021247
104345.9,5.031e-05,2025-05-13 18:56:30,1747162590.6942906,buy,market,83021248
104346.0,9.584e-05,2025-05-13 18:56:30,1747162590.6942906,buy,market,83021249
104346.1,0.00559241,2025-05-13 18:56:30,1747162590.6942906,buy,market,83021250
104346.1,0.01650611,2025-05-13 18:56:53,1747162613.5926816,buy,market,83021251
104346.1,0.0009459,2025-05-13 18:56:53,1747162613.5926816,buy,market,83021252
104346.1,0.00113212,2025-05-13 18:56:53,1747162613.5926816,buy,market,83021253
104352.3,0.03268521,2025-05-13 18:56:53,1747162613.5926816,buy,market,83021254
104352.2,0.00028779,2025-05-13 18:57:18,1747162638.2604015,sell,limit,83021255
104352.3,0.00089752,2025-05-13 18:57:19,1747162639.5523958,buy,limit,83021256
104352.3,0.00043917,2025-05-13 18:57:19,1747162639.596616,buy,limit,83021257
104352.3,0.0094413,2025-05-13 18:57:20,1747162640.768751,buy,limit,83021258
104352.3,0.00054287,2025-05-13 18:57:30,1747162650.6959496,buy,limit,83021259
104352.3,0.00074804,2025-05-13 18:57:36,1747162656.4365523,buy,limit,83021260
104352.3,0.0144,2025-05-13 18:57:39,1747162659.9835079,buy,limit,83021261
104355.8,0.0958,2025-05-13 18:57:41,1747162661.5438828,buy,limit,83021262
104355.8,0.0958,2025-05-13 18:57:42,1747162662.4676456,buy,limit,83021263
104355.8,0.0958,2025-05-13 18:57:43,1747162663.2413476,buy,limit,83021264
104355.8,0.00377639,2025-05-13 18:57:51,1747162671.202592,buy,limit,83021265
104355.8,0.00236025,2025-05-13 18:58:06,1747162686.0424824,buy,limit,83021266
104355.8,0.00657,2025-05-13 18:58:06,1747162686.8246806,buy,limit,83021267
104355.7,9.582e-05,2025-05-13 18:58:08,1747162688.3500118,sell,limit,83021268
104355.7,0.09990424,2025-05-13 18:58:08,1747162688.3500118,sell,limit,83021269
104355.8,9.441e-05,2025-05-13 18:58:10,1747162690.0417564,buy,limit,83021270
104355.8,0.0958,2025-05-13 18:58:10,1747162690.055151,buy,limit,83021271
104355.8,0.0958,2025-05-13 18:58:11,1747162691.836748,buy,limit,83021272
104355.8,0.0958,2025-05-13 18:58:12,1747162692.7478852,buy,limit,83021273
104355.7,0.00040594,2025-05-13 18:58:15,1747162695.5683565,sell,limit,83021274
104355.8,0.00013679,2025-05-13 18:58:16,1747162696.4052827,buy,market,83021275
104355.8,0.0958,2025-05-13 18:58:17,1747162697.857194,buy,limit,83021276
104355.8,0.0279,2025-05-13 18:58:28,1747162708.9395883,buy,limit,83021277
104355.8,0.0145,2025-05-13 18:58:30,1747162710.3656032,buy,limit,83021278
104355.8,0.18835579,2025-05-13 18:58:40,1747162720.996365,buy,limit,83021279
104355.8,0.0015,2025-05-13 18:58:41,1747162721.8489525,buy,limit,83021280
104355.8,0.00047913,2025-05-13 18:58:43,1747162723.0369434,buy,limit,83021281
104355.7,0.03117152,2025-05-13 18:58:43,1747162723.7739317,sell,market,83021282
104355.8,0.0958,2025-05-13 18:58:53,1747162733.6129405,buy,limit,83021283
104355.8,0.0095826,2025-05-13 18:58:57,1747162737.9922125,buy,market,83021284
104355.7,0.00024555,2025-05-13 18:59:01,1747162741.9491756,sell,limit,83021285
104355.7,0.00603129,2025-05-13 18:59:03,1747162743.3452013,sell,market,83021286
104355.8,0.00028323,2025-05-13 18:59:09,1747162749.038565,buy,limit,83021287
104355.8,2.692e-05,2025-05-13 18:59:16,1747162756.0685956,buy,limit,83021288
104355.8,8.846e-05,2025-05-13 18:59:21,1747162761.12149,buy,limit,83021289
104355.8,0.00019165,2025-05-13 18:59:23,1747162763.2465994,buy,market,83021290
104355.8,0.0171,2025-05-13 18:59:27,1747162767.8294415,buy,limit,83021291
104355.8,0.00028078,2025-05-13 18:59:33,1747162773.5245602,buy,market,83021292
104355.8,0.04170683,2025-05-13 18:59:36,1747162776.2795455,buy,market,83021293
104355.8,0.0958,2025-05-13 18:59:40,1747162780.160252,buy,limit,83021294
104355.8,0.00105409,2025-05-13 18:59:46,1747162786.4132109,buy,market,83021295
104355.8,0.00934888,2025-05-13 18:59:46,1747162786.4748323,buy,limit,83021296
104355.7,0.000489,2025-05-13 18:59:48,1747162788.0778239,sell,limit,83021297
104355.8,0.0958,2025-05-13 18:59:51,1747162791.8035815,buy,limit,83021298
104355.7,0.000274,2025-05-13 18:59:56,1747162796.516476,sell,limit,83021299
104355.7,0.05,2025-05-13 19:00:02,1747162802.0941877,sell,limit,83021300
104355.8,0.0958,2025-05-13 19:00:03,1747162803.8828175,buy,limit,83021301
104355.8,0.0958,2025-05-13 19:00:04,1747162804.8446126,buy,limit,83021302
104355.8,0.0019157,2025-05-13 19:00:05,1747162805.203047,buy,market,83021303
104355.8,0.00018331,2025-05-13 19:00:05,1747162805.3900096,buy,market,83021304
104355.8,0.0958,2025-05-13 19:00:06,1747162806.5187805,buy,limit,83021305
104355.8,0.0958,2025-05-13 19:00:07,1747162807.513365,buy,limit,83021306
104355.8,0.00037554,2025-05-13 19:00:13,1747162813.142704,buy,limit,83021307
104355.7,0.04461432,2025-05-13 19:00:15,1747162815.586019,sell,market,83021308
104355.8,0.00011499,2025-05-13 19:00:21,1747162821.485379,buy,market,83021309
104355.7,0.00043474,2025-05-13 19:00:35,1747162835.302467,sell,market,83021310
104355.7,0.00522897,2025-05-13 19:00:35,1747162835.302467,sell,market,83021311
104355.8,0.01510558,2025-05-13 19:00:39,1747162839.2796779,buy,limit,83021312
104355.8,0.02804664,2025-05-13 19:00:39,1747162839.434193,buy,limit,83021313
104355.8,0.00018882,2025-05-13 19:00:47,1747162847.5080938,buy,limit,83021314
104355.8,0.000249,2025-05-13 19:00:49,1747162849.7377107,buy,market,83021315
104355.7,0.00096134,2025-05-13 19:00:54,1747162854.8836515,sell,limit,83021316
104355.7,0.00089369,2025-05-13 19:00:55,1747162855.8958673,sell,market,83021317
104355.7,0.0001,2025-05-13 19:00:55,1747162855.8958673,sell,market,83021318
104355.0,0.04087207,2025-05-13 19:00:55,1747162855.8958676,sell,market,83021323
104355.7,0.04791305,2025-05-13 19:00:55,1747162855.8958676,sell,market,83021321
104355.7,9.592e-05,2025-05-13 19:00:55,1747162855.8958676,sell,market,83021322
104355.7,0.0001,2025-05-13 19:00:55,1747162855.8958676,sell,market,83021319
104355.7,0.001,2025-05-13 19:00:55,1747162855.8958676,sell,market,83021320
104355.0,0.00019841,2025-05-13 19:01:02,1747162862.847816,sell,limit,83021324
104355.0,0.00018117,2025-05-13 19:01:02,1747162862.8586988,sell,limit,83021325
104355.0,0.00116091,2025-05-13 19:01:02,1747162862.8735018,sell,limit,83021326
104355.0,0.00020785,2025-05-13 19:01:02,1747162862.8869426,sell,limit,83021327
104355.0,0.00021081,2025-05-13 19:01:03,1747162863.4747183,sell,market,83021328
104355.1,0.00200622,2025-05-13 19:01:08,1747162868.9721303,buy,limit,83021329
104355.8,0.00188821,2025-05-13 19:01:14,1747162874.958158,buy,limit,83021330
104355.7,0.01303882,2025-05-13 19:01:16,1747162876.7075553,sell,limit,83021331
104355.8,0.03656018,2025-05-13 19:01:20,1747162880.8582547,buy,limit,83021332
104355.8,0.0958,2025-05-13 19:01:21,1747162881.394901,buy,limit,83021333
104355.8,0.0009,2025-05-13 19:01:22,1747162882.8915284,buy,limit,83021334
104355.8,0.00081457,2025-05-13 19:01:38,1747162898.9781919,buy,market,83021335
104355.8,0.00024531,2025-05-13 19:01:40,1747162900.7776723,buy,market,83021336
104355.8,0.0021516,2025-05-13 19:01:49,1747162909.830165,buy,market,83021337
104355.8,0.00095349,2025-05-13 19:01:55,1747162915.0411925,buy,limit,83021338
104355.8,0.0095826,2025-05-13 19:02:07,1747162927.2803235,buy,market,83021339
104355.8,0.00044801,2025-05-13 19:02:08,1747162928.286198,buy,market,83021340
104355.8,0.00053756,2025-05-13 19:02:08,1747162928.3391426,buy,limit,83021341
104355.8,5.75e-05,2025-05-13 19:02:10,1747162930.1544771,buy,market,83021342
104355.7,5e-05,2025-05-13 19:02:10,1747162930.4403565,sell,market,83021343
104355.8,0.0128,2025-05-13 19:02:21,1747162941.422522,buy,limit,83021344
104355.8,0.0128,2025-05-13 19:02:22,1747162942.9196029,buy,limit,83021345
104355.8,0.003536,2025-05-13 19:02:23,1747162943.3473742,buy,market,83021346
104355.7,0.00033553,2025-05-13 19:02:26,1747162946.7710357,sell,limit,83021347
104355.8,0.0958,2025-05-13 19:02:34,1747162954.6107411,buy,limit,83021348
104355.8,0.0958,2025-05-13 19:02:35,1747162955.5571008,buy,limit,83021349
104355.8,0.06350735,2025-05-13 19:02:37,1747162957.7685285,buy,market,83021350
104355.8,0.0958,2025-05-13 19:02:47,1747162967.1363976,buy,limit,83021351
104355.8,0.0958,2025-05-13 19:02:48,1747162968.1525767,buy,limit,83021352
104355.8,0.0958,2025-05-13 19:03:00,1747162980.1501985,buy,limit,83021353
104355.8,0.0034,2025-05-13 19:03:01,1747162981.380348,buy,limit,83021354
104355.8,0.00012273,2025-05-13 19:03:09,1747162989.1467142,buy,limit,83021355
104355.8,1.02533831,2025-05-13 19:03:10,1747162990.738064,buy,market,83021356
104355.8,0.0128,2025-05-13 19:03:13,1747162993.3615294,buy,limit,83021357
104355.8,0.00278915,2025-05-13 19:03:16,1747162996.2554505,buy,limit,83021358
104355.8,0.00304926,2025-05-13 19:03:19,1747162999.3210142,buy,limit,83021359
104355.8,0.0128,2025-05-13 19:03:21,1747163001.3697126,buy,limit,83021360
104355.8,0.0128,2025-05-13 19:03:22,1747163002.8620777,buy,limit,83021361
104355.8,0.0958,2025-05-13 19:03:23,1747163003.7886417,buy,limit,83021362
104355.8,0.00011987,2025-05-13 19:03:25,1747163005.3713863,buy,market,83021363
104355.7,0.000129,2025-05-13 19:03:28,1747163008.749559,sell,limit,83021364
104355.8,0.0024018,2025-05-13 19:03:39,1747163019.5846274,buy,limit,83021365
104355.7,1e-05,2025-05-13 19:03:48,1747163028.9949121,sell,limit,83021366
104355.8,0.00597606,2025-05-13 19:03:50,1747163030.6223416,buy,limit,83021367
104355.8,0.00701166,2025-05-13 19:03:53,1747163033.023861,buy,limit,83021368
104355.7,0.0100678,2025-05-13 19:03:55,1747163035.7055044,sell,market,83021369
104355.7,0.00597356,2025-05-13 19:03:56,1747163036.6839225,sell,limit,83021374
104355.7,0.001,2025-05-13 19:03:56,1747163036.6839225,sell,limit,83021373
104355.7,0.0001,2025-05-13 19:03:56,1747163036.6839225,sell,limit,83021371
104355.7,0.0001,2025-05-13 19:03:56,1747163036.6839225,sell,limit,83021372
104355.7,0.00240767,2025-05-13 19:03:56,1747163036.6839225,sell,limit,83021370
104355.8,0.00028605,2025-05-13 19:03:59,1747163039.038719,buy,limit,83021375
104355.8,0.00018882,2025-05-13 19:04:00,1747163040.8401437,buy,limit,83021376
104355.8,9.441e-05,2025-05-13 19:04:01,1747163041.777082,buy,limit,83021377
104355.7,0.001,2025-05-13 19:04:11,1747163051.1405892,sell,market,83021378
104355.8,0.00017763,2025-05-13 19:04:12,1747163052.748531,buy,limit,83021379
104355.7,0.0001,2025-05-13 19:04:25,1747163065.1567159,sell,limit,83021380
104355.7,0.0001,2025-05-13 19:04:25,1747163065.1567159,sell,limit,83021381
104355.7,0.0001,2025-05-13 19:04:25,1747163065.1567159,sell,limit,83021382
104355.7,0.001,2025-05-13 19:04:25,1747163065.156716,sell,limit,83021383
104355.7,0.00169276,2025-05-13 19:04:25,1747163065.156716,sell,limit,83021384
104355.7,0.01200724,2025-05-13 19:04:25,1747163065.156716,sell,limit,83021385
104355.8,0.00369888,2025-05-13 19:04:38,1747163078.4428406,buy,market,83021386
104355.8,0.00119782,2025-05-13 19:05:15,1747163115.8082805,buy,market,83021387
104355.8,0.00026756,2025-05-13 19:05:18,1747163118.1756816,buy,limit,83021388
104355.7,0.0001,2025-05-13 19:05:22,1747163122.0569613,sell,limit,83021389
104355.7,0.0001,2025-05-13 19:05:22,1747163122.0569613,sell,limit,83021390
104355.7,0.001,2025-05-13 19:05:22,1747163122.0569613,sell,limit,83021391
104355.7,0.00071466,2025-05-13 19:05:22,1747163122.0569613,sell,limit,83021392
104355.7,0.00158535,2025-05-13 19:05:25,1747163125.9795895,sell,limit,83021393
104355.7,0.00158535,2025-05-13 19:05:27,1747163127.0340188,sell,limit,83021394
104355.7,0.00158535,2025-05-13 19:05:29,1747163129.8097394,sell,limit,83021395
104355.7,0.00027885,2025-05-13 19:05:31,1747163131.0220976,sell,limit,83021396
104355.7,0.0001,2025-05-13 19:05:31,1747163131.0220976,sell,limit,83021397
104355.7,0.0001,2025-05-13 19:05:31,1747163131.0220976,sell,limit,83021398
104355.0,0.0011065,2025-05-13 19:05:31,1747163131.0220976,sell,limit,83021399
104355.1,0.00807282,2025-05-13 19:05:33,1747163133.728077,buy,market,83021400
104355.0,0.00158535,2025-05-13 19:05:33,1747163133.976927,sell,limit,83021401
104355.0,0.00158535,2025-05-13 19:05:39,1747163139.1730938,sell,limit,83021402
104355.0,0.00158535,2025-05-13 19:05:40,1747163140.5961285,sell,limit,83021403
104355.0,0.00158535,2025-05-13 19:05:43,1747163143.2828956,sell,limit,83021404
104355.0,0.04972088,2025-05-13 19:05:48,1747163148.23051,sell,limit,83021405
104355.0,0.00027912,2025-05-13 19:05:48,1747163148.23051,sell,limit,83021406
104355.0,0.00072088,2025-05-13 19:05:51,1747163151.2564068,sell,limit,83021407
104355.0,0.0001,2025-05-13 19:05:51,1747163151.2564068,sell,limit,83021408
104355.0,0.0001,2025-05-13 19:05:51,1747163151.2564068,sell,limit,83021409
104339.7,0.00066447,2025-05-13 19:05:51,1747163151.2564068,sell,limit,83021410
104339.7,0.00029393,2025-05-13 19:05:52,1747163152.7790134,sell,limit,83021411
104335.0,5.031e-05,2025-05-13 19:05:52,1747163152.7790134,sell,limit,83021412
104331.8,6.854e-05,2025-05-13 19:05:52,1747163152.7790136,sell,limit,83021413
104324.0,5.032e-05,2025-05-13 19:05:52,1747163152.7790136,sell,limit,83021414
104321.1,0.00112225,2025-05-13 19:05:52,1747163152.7790136,sell,limit,83021415
104321.2,0.01079214,2025-05-13 19:05:54,1747163154.981006,buy,market,83021416
104321.1,0.00158535,2025-05-13 19:05:55,1747163155.4443204,sell,limit,83021417
104321.2,0.00014023,2025-05-13 19:05:56,1747163156.2404664,buy,limit,83021418
104321.1,0.00158535,2025-05-13 19:05:56,1747163156.8201668,sell,limit,83021419
104321.2,9.444e-05,2025-05-13 19:05:57,1747163157.0134509,buy,limit,83021420
104321.2,0.00047205,2025-05-13 19:05:57,1747163157.963933,buy,limit,83021421
104321.1,0.00158535,2025-05-13 19:05:58,1747163158.1005843,sell,limit,83021422
104321.1,0.00158535,2025-05-13 19:05:59,1747163159.3557918,sell,limit,83021423
104321.2,0.02924522,2025-05-13 19:06:00,1747163160.557093,buy,limit,83021424
104321.1,0.00158535,2025-05-13 19:06:00,1747163160.5899103,sell,limit,83021425
104321.1,0.00158535,2025-05-13 19:06:02,1747163162.0197182,sell,limit,83021426
104321.1,0.00158535,2025-05-13 19:06:04,1747163164.882794,sell,limit,83021427
104321.1,0.00158535,2025-05-13 19:06:06,1747163166.1777933,sell,limit,83021428
104321.2,0.00033955,2025-05-13 19:06:06,1747163166.3191056,buy,limit,83021429
104321.1,0.01812989,2025-05-13 19:06:07,1747163167.0326521,sell,limit,83021430
104321.1,0.0001,2025-05-13 19:06:07,1747163167.0326521,sell,limit,83021431
104321.1,0.001,2025-05-13 19:06:07,1747163167.0326521,sell,limit,83021432
104321.1,0.0001,2025-05-13 19:06:07,1747163167.0326521,sell,limit,83021433
104321.1,0.00941262,2025-05-13 19:06:07,1747163167.0326521,sell,limit,83021434
104321.1,0.00166102,2025-05-13 19:06:08,1747163168.2411718,sell,limit,83021435
104321.1,0.14133,2025-05-13 19:06:09,1747163169.6801786,sell,market,83021438
104321.1,0.04,2025-05-13 19:06:09,1747163169.6801786,sell,market,83021437
104321.1,0.004,2025-05-13 19:06:09,1747163169.6801786,sell,market,83021436
104321.1,0.0149,2025-05-13 19:06:09,1747163169.6801789,sell,market,83021439
104321.1,0.00415061,2025-05-13 19:06:09,1747163169.6801789,sell,market,83021440
104321.1,0.00214759,2025-05-13 19:06:09,1747163169.6801789,sell,market,83021441
104321.1,0.0001,2025-05-13 19:06:09,1747163169.6801789,sell,market,83021442
104321.1,0.0001,2025-05-13 19:06:09,1747163169.6801789,sell,market,83021443
104321.1,0.24685035,2025-05-13 19:06:09,1747163169.6801789,sell,market,83021444
104321.0,0.001,2025-05-13 19:06:09,1747163169.6801789,sell,market,83021445
104321.0,0.006,2025-05-13 19:06:09,1747163169.6801789,sell,market,83021446
104317.0,0.03164897,2025-05-13 19:06:09,1747163169.6801789,sell,market,83021447
104316.1,2.39656085,2025-05-13 19:06:09,1747163169.6801789,sell,market,83021448
104313.0,5.032e-05,2025-05-13 19:06:09,1747163169.6801789,sell,market,83021449
104312.8,9.586e-05,2025-05-13 19:06:09,1747163169.6801789,sell,market,83021450
104312.7,1.07591499,2025-05-13 19:06:09,1747163169.6801789,sell,market,83021451
104307.2,0.00033383,2025-05-13 19:06:14,1747163174.2118738,buy,limit,83021452
104307.1,3.619e-05,2025-05-13 19:06:16,1747163176.6558785,sell,limit,83021453
104307.1,6.381e-05,2025-05-13 19:06:16,1747163176.8430798,sell,limit,83021454
104307.1,0.0001,2025-05-13 19:06:16,1747163176.8430798,sell,limit,83021455
104307.1,0.001,2025-05-13 19:06:16,1747163176.8430798,sell,limit,83021456
104305.5,0.00958,2025-05-13 19:06:16,1747163176.8430798,sell,limit,83021457
104304.0,0.05804345,2025-05-13 19:06:16,1747163176.8430798,sell,limit,83021458
104304.0,0.00057057,2025-05-13 19:06:17,1747163177.972785,buy,limit,83021459
104304.0,0.00046766,2025-05-13 19:06:20,1747163180.2768748,buy,limit,83021460
104303.9,0.001,2025-05-13 19:06:35,1747163195.9710853,sell,limit,83021461
104303.9,0.0001,2025-05-13 19:06:35,1747163195.9710853,sell,limit,83021462
104303.9,0.0001,2025-05-13 19:06:35,1747163195.9710853,sell,limit,83021463
104303.9,0.0001,2025-05-13 19:06:35,1747163195.9710853,sell,limit,83021463
104302.0,5.033e-05,2025-05-13 19:06:35,1747163195.9710853,sell,limit,83021464
104291.0,5.033e-05,2025-05-13 19:06:35,1747163195.9710855,sell,limit,83021465
104280.0,5.034e-05,2025-05-13 19:06:35,1747163195.9710855,sell,limit,83021466
104279.4,0.00152899,2025-05-13 19:06:35,1747163195.9710855,sell,limit,83021467
104279.5,0.03060622,2025-05-13 19:06:36,1747163196.307243,buy,limit,83021469
104279.5,0.01650611,2025-05-13 19:06:36,1747163196.307243,buy,limit,83021468
104279.5,0.00287262,2025-05-13 19:06:36,1747163196.6655586,buy,market,83021470
104279.5,0.00958736,2025-05-13 19:06:37,1747163197.7415175,buy,limit,83021471
104279.5,9.587e-05,2025-05-13 19:06:59,1747163219.1660275,buy,market,83021472
104279.5,0.00038245,2025-05-13 19:06:59,1747163219.1660275,buy,market,83021473
104279.5,0.00058941,2025-05-13 19:07:00,1747163220.9406037,buy,limit,83021474
104279.4,0.0001,2025-05-13 19:07:06,1747163226.261863,sell,market,83021475
104279.4,0.0001,2025-05-13 19:07:06,1747163226.261863,sell,market,83021476
104279.4,0.001,2025-05-13 19:07:06,1747163226.261863,sell,market,83021477
104269.0,5.035e-05,2025-05-13 19:07:06,1747163226.261863,sell,market,83021478
104258.0,5.035e-05,2025-05-13 19:07:06,1747163226.2618632,sell,market,83021479
104254.1,0.00261249,2025-05-13 19:07:06,1747163226.2618632,sell,market,83021480
104250.1,0.00021468,2025-05-13 19:07:20,1747163240.6907823,buy,limit,83021481
104246.9,0.11502941,2025-05-13 19:07:25,1747163245.3129966,sell,market,83021488
104247.0,5.036e-05,2025-05-13 19:07:25,1747163245.3129966,sell,market,83021487
104247.1,0.00062351,2025-05-13 19:07:25,1747163245.3129966,sell,market,83021486
104250.0,0.001,2025-05-13 19:07:25,1747163245.3129966,sell,market,83021485
104250.0,0.0001,2025-05-13 19:07:25,1747163245.3129966,sell,market,83021484
104250.0,0.0001,2025-05-13 19:07:25,1747163245.3129966,sell,market,83021483
104250.0,0.00095923,2025-05-13 19:07:25,1747163245.3129966,sell,market,83021482
104236.0,5.036e-05,2025-05-13 19:07:25,1747163245.3129969,sell,market,83021489
104225.0,5.037e-05,2025-05-13 19:07:25,1747163245.3129969,sell,market,83021490
104222.2,7.675e-05,2025-05-13 19:07:25,1747163245.3129969,sell,market,83021491
104216.1,9.595e-05,2025-05-13 19:07:25,1747163245.3129969,sell,market,83021492
104216.0,0.07371058,2025-05-13 19:07:25,1747163245.3129969,sell,market,83021493
104216.1,0.0003,2025-05-13 19:07:27,1747163247.5753353,buy,limit,83021494
104216.1,0.00076083,2025-05-13 19:07:28,1747163248.671456,buy,limit,83021495
104216.1,0.03463917,2025-05-13 19:07:28,1747163248.671456,buy,limit,83021496
104216.1,0.00015688,2025-05-13 19:07:31,1747163251.587761,buy,limit,83021497
104216.1,0.0041,2025-05-13 19:07:40,1747163260.8515234,buy,limit,83021498
104216.1,0.00046807,2025-05-13 19:07:40,1747163260.983589,buy,limit,83021499
104216.0,0.04881688,2025-05-13 19:07:41,1747163261.2641084,sell,limit,83021500
104216.1,3.462e-05,2025-05-13 19:07:55,1747163275.0536003,buy,limit,83021501
104216.1,0.00092759,2025-05-13 19:07:56,1747163276.3390596,buy,limit,83021502
104216.0,0.00019671,2025-05-13 19:07:59,1747163279.0404544,sell,limit,83021503
104216.1,0.0008987,2025-05-13 19:07:59,1747163279.3043847,buy,limit,83021504
104216.1,0.01007713,2025-05-13 19:07:59,1747163279.609588,buy,market,83021505
104216.1,0.00071737,2025-05-13 19:07:59,1747163279.609588,buy,market,83021506
104216.1,0.00024217,2025-05-13 19:07:59,1747163279.9664314,buy,market,83021507
104236.1,5.037e-05,2025-05-13 19:07:59,1747163279.9664314,buy,market,83021508
104244.7,9.594e-05,2025-05-13 19:07:59,1747163279.9664314,buy,market,83021509
104244.8,0.01499703,2025-05-13 19:07:59,1747163279.9664314,buy,market,83021510
104244.8,0.00017782,2025-05-13 19:08:11,1747163291.5837824,buy,limit,83021511
104244.7,0.00538568,2025-05-13 19:08:17,1747163297.0123777,sell,market,83021515
104244.7,0.001,2025-05-13 19:08:17,1747163297.0123777,sell,market,83021514
104230.3,0.08935957,2025-05-13 19:08:17,1747163297.0123777,sell,market,83021516
104244.7,0.0001,2025-05-13 19:08:17,1747163297.0123777,sell,market,83021512
104244.7,0.0001,2025-05-13 19:08:17,1747163297.0123777,sell,market,83021513
104230.4,0.0027,2025-05-13 19:08:27,1747163307.5104015,buy,limit,83021517
104230.4,0.01380611,2025-05-13 19:08:34,1747163314.9767134,buy,limit,83021518
104230.4,0.00348568,2025-05-13 19:08:34,1747163314.9767134,buy,limit,83021519
104247.0,5.036e-05,2025-05-13 19:08:34,1747163314.9767134,buy,limit,83021520
104251.3,9.594e-05,2025-05-13 19:08:34,1747163314.9767134,buy,limit,83021521
104251.4,0.01064173,2025-05-13 19:08:34,1747163314.9767134,buy,limit,83021522
104255.6,6.841e-05,2025-05-13 19:08:36,1747163316.9063935,buy,limit,83021524
104255.6,9.592e-05,2025-05-13 19:08:36,1747163316.9063935,buy,limit,83021523
104255.6,9.592e-05,2025-05-13 19:08:45,1747163325.187617,buy,limit,83021525
104255.6,9.124e-05,2025-05-13 19:08:45,1747163325.187617,buy,limit,83021526
104255.5,0.004,2025-05-13 19:08:46,1747163326.7227533,sell,market,83021527
104255.5,0.001,2025-05-13 19:08:46,1747163326.7227535,sell,market,83021528
104255.5,0.0001,2025-05-13 19:08:46,1747163326.7227535,sell,market,83021529
104255.5,0.0001,2025-05-13 19:08:46,1747163326.7227535,sell,market,83021530
104253.8,0.00918773,2025-05-13 19:08:46,1747163326.7227535,sell,market,83021531
104253.9,0.00016408,2025-05-13 19:08:59,1747163339.8167017,buy,market,83021533
104253.9,9.592e-05,2025-05-13 19:08:59,1747163339.8167017,buy,market,83021532
104253.8,0.0001,2025-05-13 19:09:01,1747163341.8029454,sell,limit,83021534
104253.8,0.0001,2025-05-13 19:09:01,1747163341.8029454,sell,limit,83021535
104253.8,0.001,2025-05-13 19:09:01,1747163341.8029454,sell,limit,83021536
104253.8,0.00038914,2025-05-13 19:09:01,1747163341.8029454,sell,limit,83021537
104237.1,0.00214687,2025-05-13 19:09:01,1747163341.8029454,sell,limit,83021538
104237.1,0.0001,2025-05-13 19:09:09,1747163349.1273916,sell,market,83021541
104237.1,0.13285313,2025-05-13 19:09:09,1747163349.1273916,sell,market,83021539
104237.1,0.0001,2025-05-13 19:09:09,1747163349.1273916,sell,market,83021540
104237.1,0.004,2025-05-13 19:09:09,1747163349.1273916,sell,market,83021542
104237.1,0.001,2025-05-13 19:09:09,1747163349.1273916,sell,market,83021543
104236.0,5.036e-05,2025-05-13 19:09:09,1747163349.1273916,sell,market,83021544
104230.1,0.03452012,2025-05-13 19:09:09,1747163349.1273916,sell,market,83021545
104226.7,0.01439663,2025-05-13 19:09:18,1747163358.6314342,buy,market,83021546
104226.7,0.00140407,2025-05-13 19:09:30,1747163370.7265306,buy,limit,83021547
104214.0,5.037e-05,2025-05-13 19:09:34,1747163374.9072566,sell,market,83021552
104213.5,8.317e-05,2025-05-13 19:09:34,1747163374.9072566,sell,market,83021553
104225.0,5.037e-05,2025-05-13 19:09:34,1747163374.9072566,sell,market,83021551
104226.6,0.0001,2025-05-13 19:09:34,1747163374.9072566,sell,market,83021549
104226.6,0.0001,2025-05-13 19:09:34,1747163374.9072566,sell,market,83021548
104226.6,0.001,2025-05-13 19:09:34,1747163374.9072566,sell,market,83021550
104213.6,0.00850848,2025-05-13 19:09:44,1747163384.2114756,buy,limit,83021554
104213.6,9.594e-05,2025-05-13 19:09:57,1747163397.8897355,buy,limit,83021555
104213.6,3.812e-05,2025-05-13 19:09:57,1747163397.8897355,buy,limit,83021556
104213.6,0.00012607,2025-05-13 19:10:19,1747163419.5830345,buy,limit,83021557
104213.5,0.00010875,2025-05-13 19:10:21,1747163421.0537794,sell,market,83021558
104213.5,5.79e-06,2025-05-13 19:10:21,1747163421.0537794,sell,market,83021559
104213.5,5.429e-05,2025-05-13 19:10:26,1747163426.7475526,sell,market,83021561
104213.5,9.421e-05,2025-05-13 19:10:26,1747163426.7475526,sell,market,83021560
104213.6,0.0016,2025-05-13 19:10:27,1747163427.50859,buy,limit,83021562
104260.4,0.00066782,2025-05-13 19:10:33,1747163433.3498466,buy,limit,83021569
104265.9,9.595e-05,2025-05-13 19:10:33,1747163433.3498466,buy,limit,83021570
104258.0,5.036e-05,2025-05-13 19:10:33,1747163433.3498466,buy,limit,83021568
104253.8,0.00378499,2025-05-13 19:10:33,1747163433.3498466,buy,limit,83021567
104247.0,5.036e-05,2025-05-13 19:10:33,1747163433.3498466,buy,limit,83021566
104236.0,5.037e-05,2025-05-13 19:10:33,1747163433.3498466,buy,limit,83021565
104225.0,5.037e-05,2025-05-13 19:10:33,1747163433.3498466,buy,limit,83021564
104213.6,0.01478004,2025-05-13 19:10:33,1747163433.3498466,buy,limit,83021563
104266.0,0.02840837,2025-05-13 19:10:33,1747163433.3498468,buy,limit,83021571
104265.1,0.0151,2025-05-13 19:10:39,1747163439.2572894,buy,limit,83021572
104265.1,0.0009357,2025-05-13 19:10:41,1747163441.9421744,buy,limit,83021573
104265.0,0.01726716,2025-05-13 19:10:44,1747163444.7990003,sell,market,83021574
104265.0,0.0017,2025-05-13 19:10:44,1747163444.7990003,sell,market,83021575
104265.0,0.0119292,2025-05-13 19:10:44,1747163444.7990003,sell,market,83021576
104265.0,0.001,2025-05-13 19:10:44,1747163444.7990003,sell,market,83021577
104265.0,0.83128879,2025-05-13 19:10:44,1747163444.7990003,sell,market,83021578
104265.0,0.00018769,2025-05-13 19:10:52,1747163452.1609273,sell,limit,83021579
104265.1,0.01650611,2025-05-13 19:10:55,1747163455.2267275,buy,limit,83021581
104265.1,0.01955933,2025-05-13 19:10:55,1747163455.2267275,buy,limit,83021582
104265.1,0.0110643,2025-05-13 19:10:55,1747163455.2267275,buy,limit,83021580
104265.1,0.0128,2025-05-13 19:10:57,1747163457.4916906,buy,limit,83021583
104265.1,0.0128,2025-05-13 19:10:58,1747163458.9717405,buy,limit,83021584
104265.1,0.0128,2025-05-13 19:10:59,1747163459.7314577,buy,limit,83021585
104265.1,0.00096854,2025-05-13 19:11:00,1747163460.2340307,buy,limit,83021586
104265.0,0.0001,2025-05-13 19:11:01,1747163461.637994,sell,market,83021587
104265.0,1.509e-05,2025-05-13 19:11:01,1747163461.637994,sell,market,83021588
104265.1,0.00023623,2025-05-13 19:11:02,1747163462.9040143,buy,limit,83021589
104265.1,0.00036688,2025-05-13 19:11:09,1747163469.067265,buy,market,83021590
104265.1,0.00141738,2025-05-13 19:11:13,1747163473.1114,buy,limit,83021591
104265.1,0.0006,2025-05-13 19:11:18,1747163478.1599708,buy,limit,83021592
104265.0,8.491e-05,2025-05-13 19:11:22,1747163482.7817307,sell,limit,83021593
104265.0,0.00066505,2025-05-13 19:11:22,1747163482.7817307,sell,limit,83021594
104265.0,0.001,2025-05-13 19:11:22,1747163482.7817307,sell,limit,83021595
104265.0,0.00016574,2025-05-13 19:11:22,1747163482.7817307,sell,limit,83021596
104265.1,0.00141738,2025-05-13 19:11:26,1747163486.8099716,buy,limit,83021597
104265.1,0.00023858,2025-05-13 19:11:27,1747163487.4653614,buy,limit,83021598
104265.1,0.0959,2025-05-13 19:11:27,1747163487.5294757,buy,limit,83021599
104265.1,0.00070178,2025-05-13 19:11:33,1747163493.4018617,buy,limit,83021600
104265.0,0.0001,2025-05-13 19:11:37,1747163497.9677598,sell,market,83021601
104265.0,0.0001,2025-05-13 19:11:37,1747163497.9677598,sell,market,83021602
104265.0,0.0028,2025-05-13 19:11:37,1747163497.9677598,sell,market,83021603
104265.1,0.0013,2025-05-13 19:11:39,1747163499.6319635,buy,limit,83021604
104265.0,0.12455479,2025-05-13 19:11:41,1747163501.966735,sell,limit,83021605
104265.1,0.0688939,2025-05-13 19:11:51,1747163511.974175,buy,limit,83021606
104265.1,0.0085061,2025-05-13 19:11:51,1747163511.974175,buy,limit,83021607
104266.0,0.00028071,2025-05-13 19:11:52,1747163512.3767056,buy,limit,83021608
104266.0,0.0003,2025-05-13 19:11:52,1747163512.8861558,buy,limit,83021609
104266.0,0.0131,2025-05-13 19:11:54,1747163514.3648736,buy,limit,83021610
104266.0,0.00018898,2025-05-13 19:12:01,1747163521.148121,buy,limit,83021611
104265.9,0.00012691,2025-05-13 19:12:07,1747163527.8343127,sell,limit,83021612
104266.0,0.00935883,2025-05-13 19:12:11,1747163531.1885393,buy,limit,83021613
104266.0,0.01365541,2025-05-13 19:12:27,1747163547.5590143,buy,limit,83021615
104266.0,0.01514459,2025-05-13 19:12:27,1747163547.5590143,buy,limit,83021614
104266.0,0.001,2025-05-13 19:12:27,1747163547.6534288,buy,market,83021616
104269.0,5.035e-05,2025-05-13 19:12:33,1747163553.5177448,buy,market,83021617
104269.0,0.00094965,2025-05-13 19:12:33,1747163553.517745,buy,market,83021618
104302.0,5.033e-05,2025-05-13 19:12:39,1747163559.2025955,buy,limit,83021623
104269.0,0.01555646,2025-05-13 19:12:39,1747163559.2025955,buy,limit,83021619
104279.9,5.035e-05,2025-05-13 19:12:39,1747163559.2025955,buy,limit,83021620
104291.1,5.034e-05,2025-05-13 19:12:39,1747163559.2025955,buy,limit,83021621
104300.0,0.00095877,2025-05-13 19:12:39,1747163559.2025955,buy,limit,83021622
104313.1,5.033e-05,2025-05-13 19:12:39,1747163559.2025957,buy,limit,83021624
104322.8,9.59e-05,2025-05-13 19:12:39,1747163559.2025957,buy,limit,83021625
104322.9,0.01198752,2025-05-13 19:12:39,1747163559.2025957,buy,limit,83021626
104321.1,9.59e-05,2025-05-13 19:12:40,1747163560.9930134,buy,market,83021627
104321.5,1.866e-05,2025-05-13 19:12:40,1747163560.9930134,buy,market,83021628
104321.1,0.0001,2025-05-13 19:12:45,1747163565.3011796,sell,limit,83021630
104321.1,0.0001,2025-05-13 19:12:45,1747163565.3011796,sell,limit,83021629
104321.1,0.00074865,2025-05-13 19:12:45,1747163565.3011796,sell,limit,83021631
104321.1,0.00028766,2025-05-13 19:12:47,1747163567.4947305,sell,limit,83021632
104321.2,0.00244452,2025-05-13 19:12:58,1747163578.1650712,buy,market,83021633
104321.2,0.01406159,2025-05-13 19:13:00,1747163580.647892,buy,limit,83021634
104321.2,9.586e-05,2025-05-13 19:13:00,1747163580.647892,buy,limit,83021635
104321.2,0.02024255,2025-05-13 19:13:00,1747163580.647892,buy,limit,83021636
104321.2,9.538e-05,2025-05-13 19:13:02,1747163582.8326714,buy,limit,83021637
104321.2,7.666e-05,2025-05-13 19:13:13,1747163593.2107408,buy,limit,83021638
104321.2,0.0005,2025-05-13 19:13:25,1747163605.7010946,buy,market,83021639
104321.2,0.0001838,2025-05-13 19:13:29,1747163609.2001579,buy,limit,83021640
104321.1,4e-05,2025-05-13 19:13:35,1747163615.8366518,sell,limit,83021641
104321.1,7.674e-05,2025-05-13 19:14:02,1747163642.1316419,sell,limit,83021642
104321.2,0.00012037,2025-05-13 19:14:16,1747163656.1309218,buy,limit,83021643
104321.1,0.00501655,2025-05-13 19:14:29,1747163669.7106802,sell,market,83021651
104321.1,0.00093932,2025-05-13 19:14:29,1747163669.7106802,sell,market,83021650
104321.1,0.00335598,2025-05-13 19:14:29,1747163669.7106802,sell,market,83021649
104321.1,0.00189044,2025-05-13 19:14:29,1747163669.7106802,sell,market,83021648
104321.1,0.0001,2025-05-13 19:14:29,1747163669.7106802,sell,market,83021646
104321.1,0.0001,2025-05-13 19:14:29,1747163669.7106802,sell,market,83021645
104321.1,0.00088326,2025-05-13 19:14:29,1747163669.7106802,sell,market,83021644
104321.1,0.00402123,2025-05-13 19:14:29,1747163669.7106802,sell,market,83021647
104321.2,0.00043136,2025-05-13 19:14:31,1747163671.3925936,buy,market,83021652
104321.2,0.00028332,2025-05-13 19:14:38,1747163678.037075,buy,limit,83021653
104321.1,0.0001,2025-05-13 19:14:38,1747163678.8100586,sell,limit,83021656
104321.1,0.00484082,2025-05-13 19:14:38,1747163678.8100586,sell,limit,83021654
104321.1,0.0001,2025-05-13 19:14:38,1747163678.8100586,sell,limit,83021655
104321.1,0.001,2025-05-13 19:14:38,1747163678.8100586,sell,limit,83021657
104321.0,0.01361006,2025-05-13 19:14:38,1747163678.8100586,sell,limit,83021658
104321.1,0.00011313,2025-05-13 19:14:42,1747163682.40875,buy,limit,83021659
104321.1,4.722e-05,2025-05-13 19:14:44,1747163684.018603,buy,limit,83021660
104321.1,0.00015214,2025-05-13 19:14:47,1747163687.9494085,buy,limit,83021661
104321.0,0.00027364,2025-05-13 19:14:48,1747163688.4972136,sell,limit,83021662
104321.1,0.06965758,2025-05-13 19:14:53,1747163693.0321357,buy,limit,83021667
104321.1,9.586e-05,2025-05-13 19:14:53,1747163693.0321357,buy,limit,83021666
104321.1,0.1,2025-05-13 19:14:53,1747163693.0321357,buy,limit,83021664
104321.1,0.01619362,2025-05-13 19:14:53,1747163693.0321357,buy,limit,83021663
104321.1,0.02821348,2025-05-13 19:14:53,1747163693.0321357,buy,limit,83021665
104321.1,0.00128914,2025-05-13 19:14:53,1747163693.3814464,buy,market,83021668
104321.1,0.00028332,2025-05-13 19:14:55,1747163695.6826382,buy,limit,83021669
104321.1,0.01888825,2025-05-13 19:14:58,1747163698.5434992,buy,limit,83021670
104321.1,0.04166067,2025-05-13 19:14:59,1747163699.2281027,buy,market,83021671
104321.0,0.00958577,2025-05-13 19:15:05,1747163705.8357604,sell,limit,83021672
104321.0,0.00049502,2025-05-13 19:15:15,1747163715.1763854,sell,market,83021673
104300.0,0.00710274,2025-05-13 19:15:15,1747163715.1763856,sell,market,83021680
104302.0,5.033e-05,2025-05-13 19:15:15,1747163715.1763856,sell,market,83021679
104321.0,0.00057191,2025-05-13 19:15:15,1747163715.1763856,sell,market,83021677
104305.5,0.00958,2025-05-13 19:15:15,1747163715.1763856,sell,market,83021678
104321.0,0.0001,2025-05-13 19:15:15,1747163715.1763856,sell,market,83021675
104321.0,0.0001,2025-05-13 19:15:15,1747163715.1763856,sell,market,83021674
104321.0,0.001,2025-05-13 19:15:15,1747163715.1763856,sell,market,83021676
104300.0,2.692e-05,2025-05-13 19:15:15,1747163715.4698927,sell,limit,83021681
104300.1,9.586e-05,2025-05-13 19:15:18,1747163718.28813,buy,market,83021682
104300.1,0.00036506,2025-05-13 19:15:18,1747163718.28813,buy,market,83021683
104300.1,0.00134781,2025-05-13 19:15:23,1747163723.1005332,buy,limit,83021684
104300.1,0.00057996,2025-05-13 19:15:41,1747163741.6839457,buy,limit,83021685
104300.1,8.436e-05,2025-05-13 19:15:45,1747163745.0701604,buy,limit,83021686
104300.1,0.00033061,2025-05-13 19:15:45,1747163745.5238242,buy,limit,83021687
104300.1,0.00191754,2025-05-13 19:15:46,1747163746.7646956,buy,market,83021688
104300.1,0.00783163,2025-05-13 19:15:48,1747163748.2553644,buy,limit,83021689
104300.1,0.01439759,2025-05-13 19:15:49,1747163749.1697228,buy,market,83021690
104300.0,0.0001,2025-05-13 19:15:53,1747163753.4565127,sell,limit,83021693
104300.0,0.001,2025-05-13 19:15:53,1747163753.4565127,sell,limit,83021694
104300.0,0.00245806,2025-05-13 19:15:53,1747163753.4565127,sell,limit,83021691
104300.0,0.0001,2025-05-13 19:15:53,1747163753.4565127,sell,limit,83021692
104300.0,0.0001908,2025-05-13 19:15:56,1747163756.719522,buy,limit,83021695
104300.0,0.04676936,2025-05-13 19:15:57,1747163757.6717014,buy,limit,83021696
104300.0,0.00090733,2025-05-13 19:15:58,1747163758.3149579,buy,limit,83021697
104299.9,0.000959,2025-05-13 19:15:58,1747163758.96851,sell,market,83021698
104300.0,0.00018892,2025-05-13 19:16:10,1747163770.0388403,buy,limit,83021699
104299.9,0.02301034,2025-05-13 19:16:22,1747163782.3077826,sell,market,83021700
104299.9,0.0001,2025-05-13 19:16:22,1747163782.3077826,sell,market,83021701
104299.9,0.0001,2025-05-13 19:16:22,1747163782.3077826,sell,market,83021702
104299.9,0.001,2025-05-13 19:16:22,1747163782.3077826,sell,market,83021703
104291.0,5.033e-05,2025-05-13 19:16:22,1747163782.3077826,sell,market,83021704
104280.0,5.034e-05,2025-05-13 19:16:22,1747163782.307783,sell,market,83021705
104270.5,0.02363709,2025-05-13 19:16:22,1747163782.307783,sell,market,83021706
104270.6,0.0162,2025-05-13 19:16:27,1747163787.509798,buy,limit,83021707
104270.6,0.0006,2025-05-13 19:16:28,1747163788.5184448,buy,limit,83021708
104282.0,9.59e-05,2025-05-13 19:16:28,1747163788.8505783,buy,limit,83021709
104283.7,0.00226561,2025-05-13 19:16:28,1747163788.8505783,buy,limit,83021710
104282.5,0.1,2025-05-13 19:16:31,1747163791.0405667,sell,market,83021717
104283.5,0.001,2025-05-13 19:16:31,1747163791.0405667,sell,market,83021716
104283.5,0.0001,2025-05-13 19:16:31,1747163791.0405667,sell,market,83021715
104283.5,0.0001,2025-05-13 19:16:31,1747163791.0405667,sell,market,83021714
104283.5,0.0020753,2025-05-13 19:16:31,1747163791.0405667,sell,market,83021713
104283.5,0.00096643,2025-05-13 19:16:31,1747163791.0405667,sell,market,83021712
104283.5,0.00190736,2025-05-13 19:16:31,1747163791.0405667,sell,market,83021711
104282.4,0.08565732,2025-05-13 19:16:31,1747163791.040567,sell,market,83021718
104282.4,0.00057996,2025-05-13 19:16:32,1747163792.1625876,sell,limit,83021719
104282.5,0.00958934,2025-05-13 19:16:32,1747163792.5158598,buy,market,83021720
104282.5,9.589e-05,2025-05-13 19:16:35,1747163795.4355924,buy,limit,83021721
104282.5,0.0008395,2025-05-13 19:16:35,1747163795.4355927,buy,limit,83021722
104282.5,0.00014031,2025-05-13 19:16:36,1747163796.0700226,buy,limit,83021723
104282.5,0.00048931,2025-05-13 19:16:38,1747163798.127004,buy,limit,83021724
104282.5,0.01503699,2025-05-13 19:16:39,1747163799.0164099,buy,limit,83021725
104282.5,9.589e-05,2025-05-13 19:16:39,1747163799.0164099,buy,limit,83021726
104282.5,0.00046712,2025-05-13 19:16:39,1747163799.0164099,buy,limit,83021727
104282.5,4.724e-05,2025-05-13 19:16:39,1747163799.0402608,buy,limit,83021728
104282.4,8.803e-05,2025-05-13 19:16:42,1747163802.4487386,sell,limit,83021729
104282.5,0.00077674,2025-05-13 19:16:44,1747163804.0670433,buy,market,83021730
104282.5,8e-05,2025-05-13 19:16:45,1747163805.6975427,buy,limit,83021731
104282.5,0.00013397,2025-05-13 19:16:53,1747163813.7599757,buy,limit,83021732
104282.4,1.197e-05,2025-05-13 19:16:54,1747163814.4628966,sell,limit,83021733
104282.4,0.0001,2025-05-13 19:16:54,1747163814.4628966,sell,limit,83021734
104282.4,0.00011392,2025-05-13 19:16:54,1747163814.4628966,sell,limit,83021735
104282.5,0.003,2025-05-13 19:17:03,1747163823.6585188,buy,market,83021736
104282.5,0.01650611,2025-05-13 19:17:03,1747163823.6585188,buy,market,83021737
104282.5,0.03176323,2025-05-13 19:17:03,1747163823.6585188,buy,market,83021738
104282.5,0.02233795,2025-05-13 19:17:03,1747163823.6585188,buy,market,83021739
104284.4,0.00291283,2025-05-13 19:17:09,1747163829.4267473,buy,limit,83021740
104284.3,0.00014379,2025-05-13 19:17:14,1747163834.4452806,sell,market,83021741
104284.3,0.00085621,2025-05-13 19:17:30,1747163850.5350854,sell,market,83021742
104284.3,0.0001,2025-05-13 19:17:30,1747163850.5350854,sell,market,83021743
104284.3,4.379e-05,2025-05-13 19:17:30,1747163850.5350854,sell,market,83021744
104269.1,0.00057995,2025-05-13 19:17:31,1747163851.1997728,buy,limit,83021745
104265.0,0.00013938,2025-05-13 19:17:31,1747163851.7645063,sell,limit,83021747
104269.0,5.035e-05,2025-05-13 19:17:31,1747163851.7645063,sell,limit,83021746
104265.1,0.00585051,2025-05-13 19:17:32,1747163852.7064059,buy,limit,83021748
104265.0,0.00409578,2025-05-13 19:17:36,1747163856.4918556,sell,market,83021749
104265.0,0.0002319,2025-05-13 19:17:36,1747163856.4918556,sell,market,83021750
104265.0,0.0001,2025-05-13 19:17:36,1747163856.4918556,sell,market,83021751
104265.0,0.0001,2025-05-13 19:17:36,1747163856.4918556,sell,market,83021752
104265.0,0.001,2025-05-13 19:17:36,1747163856.4918556,sell,market,83021753
104265.0,0.0006,2025-05-13 19:17:36,1747163856.4918556,sell,market,83021754
104258.0,5.035e-05,2025-05-13 19:17:36,1747163856.4918556,sell,market,83021755
104250.0,0.00019184,2025-05-13 19:17:36,1747163856.4918556,sell,market,83021756
104247.0,5.036e-05,2025-05-13 19:17:36,1747163856.4918556,sell,market,83021757
104236.0,5.036e-05,2025-05-13 19:17:36,1747163856.4918556,sell,market,83021758
104225.0,5.037e-05,2025-05-13 19:17:36,1747163856.4918556,sell,market,83021759
104218.8,0.0959471,2025-05-13 19:17:36,1747163856.4918556,sell,market,83021760
104216.7,0.0959471,2025-05-13 19:17:36,1747163856.4918556,sell,market,83021761
104215.1,0.30158484,2025-05-13 19:17:36,1747163856.4918559,sell,market,83021762
104214.5,0.00079573,2025-05-13 19:17:42,1747163862.2622092,buy,limit,83021763
104214.5,9.548e-05,2025-05-13 19:17:48,1747163868.6264725,buy,limit,83021764
104214.4,0.00882737,2025-05-13 19:17:53,1747163873.9573956,sell,limit,83021765
104214.5,0.0058951,2025-05-13 19:17:54,1747163874.0975564,buy,limit,83021766
104214.5,0.0097198,2025-05-13 19:17:57,1747163877.5071983,buy,limit,83021767
104214.5,0.0053802,2025-05-13 19:17:57,1747163877.5071983,buy,limit,83021768
104214.5,0.0004745,2025-05-13 19:18:04,1747163884.495404,buy,market,83021769
104214.5,2.441e-05,2025-05-13 19:18:05,1747163885.7428794,buy,limit,83021770
104214.5,0.00728928,2025-05-13 19:18:09,1747163889.4491978,buy,limit,83021771
104214.5,0.0019,2025-05-13 19:18:09,1747163889.449198,buy,limit,83021772
104214.5,0.003,2025-05-13 19:18:09,1747163889.449198,buy,limit,83021773
104214.5,0.003,2025-05-13 19:18:09,1747163889.449198,buy,limit,83021774
104214.5,0.01361072,2025-05-13 19:18:09,1747163889.449198,buy,limit,83021775
104214.5,0.00045025,2025-05-13 19:18:09,1747163889.5830312,buy,market,83021776
104215.3,0.00291219,2025-05-13 19:18:24,1747163904.902647,sell,limit,83021781
104236.0,0.0001,2025-05-13 19:18:24,1747163904.902647,sell,limit,83021780
104236.0,0.0001,2025-05-13 19:18:24,1747163904.902647,sell,limit,83021779
104236.0,0.001,2025-05-13 19:18:24,1747163904.902647,sell,limit,83021778
104236.0,0.004,2025-05-13 19:18:24,1747163904.902647,sell,limit,83021777
104215.4,9.375e-05,2025-05-13 19:18:26,1747163906.6930764,buy,market,83021782
104215.4,0.0151,2025-05-13 19:18:27,1747163907.6677837,buy,limit,83021783
104215.3,0.01008101,2025-05-13 19:18:29,1747163909.3978043,sell,market,83021784
104215.4,9.595e-05,2025-05-13 19:18:31,1747163911.1243365,buy,market,83021785
104215.4,0.01650611,2025-05-13 19:18:31,1747163911.1243365,buy,market,83021786
104217.8,0.07631915,2025-05-13 19:18:31,1747163911.1243367,buy,market,83021787
104215.3,0.01734329,2025-05-13 19:18:34,1747163914.3410513,sell,market,83021788
104215.3,0.001,2025-05-13 19:18:34,1747163914.3410516,sell,market,83021789
104215.3,0.0001,2025-05-13 19:18:34,1747163914.3410516,sell,market,83021790
104215.3,0.0001,2025-05-13 19:18:34,1747163914.3410516,sell,market,83021791
104215.3,0.25315565,2025-05-13 19:18:34,1747163914.3410516,sell,market,83021792
104214.1,0.72830106,2025-05-13 19:18:34,1747163914.3410516,sell,market,83021793
104214.2,0.00204042,2025-05-13 19:19:01,1747163941.362103,buy,market,83021794
104214.2,0.00031078,2025-05-13 19:19:01,1747163941.5441093,buy,limit,83021795
104214.1,0.0001,2025-05-13 19:19:11,1747163951.6543024,sell,market,83021796
104214.1,0.0001,2025-05-13 19:19:11,1747163951.6543024,sell,market,83021797
104214.1,0.001,2025-05-13 19:19:11,1747163951.6543024,sell,market,83021798
104214.1,0.00019191,2025-05-13 19:19:11,1747163951.6543024,sell,market,83021799
104214.1,0.00128702,2025-05-13 19:19:11,1747163951.6543026,sell,market,83021800
104214.2,0.00019096,2025-05-13 19:19:13,1747163953.0454834,buy,limit,83021801
104214.2,0.00017962,2025-05-13 19:19:14,1747163954.4149728,buy,limit,83021802
104214.1,0.05148549,2025-05-13 19:19:15,1747163955.8650506,sell,limit,83021803
104214.1,0.00014379,2025-05-13 19:19:17,1747163957.2212515,sell,limit,83021804
104214.2,0.00936158,2025-05-13 19:19:17,1747163957.2740877,buy,limit,83021805
104214.2,0.003,2025-05-13 19:19:19,1747163959.7055697,buy,limit,83021806
104214.2,0.01436469,2025-05-13 19:19:19,1747163959.7055697,buy,limit,83021807
104214.2,0.00214142,2025-05-13 19:19:19,1747163959.7112758,buy,limit,83021808
104214.5,0.0002539,2025-05-13 19:19:19,1747163959.7194579,buy,limit,83021809
104236.1,5.037e-05,2025-05-13 19:19:21,1747163961.4203043,buy,limit,83021810
104247.0,0.00144353,2025-05-13 19:19:27,1747163967.4609456,buy,limit,83021813
104247.0,5.036e-05,2025-05-13 19:19:27,1747163967.4609456,buy,limit,83021811
104247.0,0.01650611,2025-05-13 19:19:27,1747163967.4609456,buy,limit,83021812
104247.0,0.00155647,2025-05-13 19:19:27,1747163967.4639032,buy,limit,83021814
104258.1,5.036e-05,2025-05-13 19:19:32,1747163972.332223,buy,market,83021815
104258.1,0.00094964,2025-05-13 19:19:32,1747163972.332223,buy,market,83021816
104258.0,0.0004905,2025-05-13 19:19:34,1747163974.6440973,sell,limit,83021817
104258.1,0.0144,2025-05-13 19:19:39,1747163979.1419685,buy,limit,83021818
104268.9,0.00114951,2025-05-13 19:19:53,1747163993.6855543,sell,limit,83021819
104269.0,5.035e-05,2025-05-13 19:19:57,1747163997.5152652,buy,limit,83021820
104269.0,0.003,2025-05-13 19:19:57,1747163997.5152652,buy,limit,83021821
104269.0,0.01494965,2025-05-13 19:19:57,1747163997.5152652,buy,limit,83021822
104280.1,5.035e-05,2025-05-13 19:20:03,1747164003.93657,buy,limit,83021823
104280.1,0.00580103,2025-05-13 19:20:03,1747164003.93657,buy,limit,83021824
104280.1,0.000245,2025-05-13 19:20:07,1747164007.8097036,buy,limit,83021825
104300.0,0.00169015,2025-05-13 19:20:09,1747164009.3275077,buy,limit,83021830
104291.0,5.034e-05,2025-05-13 19:20:09,1747164009.3275077,buy,limit,83021829
104280.1,0.00279943,2025-05-13 19:20:09,1747164009.3275077,buy,limit,83021828
104280.1,0.003,2025-05-13 19:20:09,1747164009.3275077,buy,limit,83021827
104280.1,0.01046008,2025-05-13 19:20:09,1747164009.3275077,buy,limit,83021826
104299.9,0.00243043,2025-05-13 19:20:16,1747164016.928036,sell,limit,83021831
104299.9,0.00135157,2025-05-13 19:20:20,1747164020.6732626,sell,market,83021832
104299.9,0.00096909,2025-05-13 19:20:25,1747164025.1653366,sell,market,83021833
104299.9,0.65,2025-05-13 19:20:25,1747164025.382357,sell,market,83021834
104299.9,0.05562371,2025-05-13 19:20:29,1747164029.3904114,sell,limit,83021835
104300.0,0.04659538,2025-05-13 19:20:30,1747164030.3854756,buy,limit,83021836
104300.0,0.04920462,2025-05-13 19:20:30,1747164030.3854756,buy,limit,83021837
104300.0,0.0151,2025-05-13 19:20:31,1747164031.2468846,buy,limit,83021838
104300.0,0.00280947,2025-05-13 19:20:32,1747164032.860249,buy,limit,83021839
104300.0,0.01650611,2025-05-13 19:20:32,1747164032.860249,buy,limit,83021840
104300.0,0.003,2025-05-13 19:20:32,1747164032.8602493,buy,limit,83021841
104300.0,5.009e-05,2025-05-13 19:20:34,1747164034.5357535,sell,limit,83021842
104300.1,0.00161955,2025-05-13 19:20:37,1747164037.9141552,buy,limit,83021843
104300.1,0.00023969,2025-05-13 19:20:38,1747164038.372845,buy,market,83021844
104300.1,0.01464687,2025-05-13 19:20:43,1747164043.470749,buy,limit,83021845
104300.1,0.003,2025-05-13 19:20:43,1747164043.470749,buy,limit,83021846
104302.1,5.033e-05,2025-05-13 19:20:43,1747164043.470749,buy,limit,83021847
104305.5,7e-05,2025-05-13 19:20:43,1747164043.470749,buy,limit,83021848
104312.9,5.033e-05,2025-05-13 19:20:43,1747164043.470749,buy,limit,83021849
104324.0,5.032e-05,2025-05-13 19:20:43,1747164043.4707491,buy,limit,83021850
104330.8,9.587e-05,2025-05-13 19:20:43,1747164043.4707491,buy,limit,83021851
104330.9,0.0303063,2025-05-13 19:20:43,1747164043.4707491,buy,limit,83021852
104331.0,0.0052416,2025-05-13 19:20:43,1747164043.4707491,buy,limit,83021853
104333.7,0.01992271,2025-05-13 19:20:43,1747164043.4707491,buy,limit,83021854
104333.6,9.586e-05,2025-05-13 19:20:50,1747164050.2078614,buy,market,83021855
104333.6,0.01650611,2025-05-13 19:20:50,1747164050.2078614,buy,market,83021856
104333.6,0.03096852,2025-05-13 19:20:50,1747164050.2078614,buy,market,83021857
104333.6,0.02552593,2025-05-13 19:20:50,1747164050.2078614,buy,market,83021858
104333.6,0.00023961,2025-05-13 19:20:54,1747164054.80707,buy,market,83021859
104333.5,4.292e-05,2025-05-13 19:21:01,1747164061.8372626,sell,limit,83021861
104333.5,0.0001,2025-05-13 19:21:01,1747164061.8372626,sell,limit,83021860
104333.6,0.00078818,2025-05-13 19:21:05,1747164065.6001725,buy,limit,83021862
104333.6,0.00021182,2025-05-13 19:21:10,1747164070.4081936,buy,limit,83021863
104333.6,0.00433026,2025-05-13 19:21:10,1747164070.4081936,buy,limit,83021864
104333.6,0.00144014,2025-05-13 19:21:19,1747164079.647319,buy,market,83021865
104333.6,0.0001425,2025-05-13 19:21:19,1747164079.8603437,buy,market,83021866
104333.6,9.326e-05,2025-05-13 19:21:20,1747164080.5073204,buy,limit,83021867
104333.6,0.01049995,2025-05-13 19:21:27,1747164087.6003294,buy,limit,83021868
104333.6,0.00210005,2025-05-13 19:21:27,1747164087.6003294,buy,limit,83021869
104333.6,0.00069995,2025-05-13 19:21:28,1747164088.6151118,buy,limit,83021870
104335.1,2.833e-05,2025-05-13 19:21:29,1747164089.037176,buy,limit,83021871
104335.1,2.199e-05,2025-05-13 19:21:39,1747164099.2087383,buy,limit,83021872
104335.1,0.01187806,2025-05-13 19:21:39,1747164099.2087386,buy,limit,83021873
104335.0,1.965e-05,2025-05-13 19:21:43,1747164103.3468013,sell,limit,83021874
104335.1,0.001,2025-05-13 19:21:46,1747164106.250122,buy,market,83021875
104335.1,0.00714732,2025-05-13 19:21:46,1747164106.250122,buy,market,83021876
104335.0,8.035e-05,2025-05-13 19:21:48,1747164108.3954754,sell,limit,83021877
104335.0,0.0001,2025-05-13 19:21:48,1747164108.3954756,sell,limit,83021878
104335.0,0.00082862,2025-05-13 19:21:48,1747164108.3954756,sell,limit,83021879
104335.0,0.0002492,2025-05-13 19:21:50,1747164110.1076987,sell,market,83021880
104335.1,0.00935879,2025-05-13 19:21:54,1747164114.015317,buy,limit,83021881
104335.1,0.001,2025-05-13 19:21:54,1747164114.015317,buy,limit,83021882
104335.1,0.0011,2025-05-13 19:21:54,1747164114.015317,buy,limit,83021883
104345.9,5.031e-05,2025-05-13 19:21:54,1747164114.015317,buy,limit,83021884
104346.2,9.584e-05,2025-05-13 19:21:54,1747164114.015317,buy,limit,83021885
104346.3,0.00785085,2025-05-13 19:21:54,1747164114.015317,buy,limit,83021886
104346.2,0.00014402,2025-05-13 19:21:54,1747164114.2249942,sell,limit,83021887
104346.3,0.0151,2025-05-13 19:22:00,1747164120.966653,buy,limit,83021888
104346.3,0.00854744,2025-05-13 19:22:01,1747164121.9343839,buy,limit,83021889
104346.3,9.584e-05,2025-05-13 19:22:01,1747164121.9343839,buy,limit,83021890
104346.3,0.00645672,2025-05-13 19:22:01,1747164121.9343839,buy,limit,83021891
104346.3,0.00019068,2025-05-13 19:22:03,1747164123.044856,buy,limit,83021892
104346.3,0.00985871,2025-05-13 19:22:03,1747164123.5857146,buy,limit,83021893
104353.1,0.00281577,2025-05-13 19:22:04,1747164124.772063,buy,limit,83021894
104353.0,0.107,2025-05-13 19:22:06,1747164126.6322205,sell,market,83021895
104353.1,0.01650611,2025-05-13 19:22:14,1747164134.1101913,buy,limit,83021896
104354.3,0.0001579,2025-05-13 19:22:14,1747164134.1101913,buy,limit,83021897
104355.7,9.582e-05,2025-05-13 19:22:14,1747164134.1101913,buy,limit,83021898
104355.8,0.02288146,2025-05-13 19:22:14,1747164134.1101913,buy,limit,83021899
104355.8,0.00081874,2025-05-13 19:22:14,1747164134.4091327,buy,limit,83021900
104355.8,0.00246924,2025-05-13 19:22:21,1747164141.4678242,buy,market,83021901
104355.8,0.00065442,2025-05-13 19:22:25,1747164145.8947947,buy,limit,83021902
104355.8,0.00091535,2025-05-13 19:22:28,1747164148.7953234,buy,limit,83021903
104355.8,0.0128,2025-05-13 19:22:35,1747164155.9287179,buy,limit,83021904
104355.8,0.00172892,2025-05-13 19:22:43,1747164163.1717408,buy,limit,83021905
104355.8,1.042e-05,2025-05-13 19:22:46,1747164166.8036041,buy,limit,83021906
104347.8,1.93109826,2025-05-13 19:22:50,1747164170.6352704,sell,limit,83021915
104347.9,0.1,2025-05-13 19:22:50,1747164170.6352704,sell,limit,83021914
104350.5,0.00043491,2025-05-13 19:22:50,1747164170.6352704,sell,limit,83021913
104350.5,0.00074771,2025-05-13 19:22:50,1747164170.6352704,sell,limit,83021912
104355.7,0.0001,2025-05-13 19:22:50,1747164170.6352704,sell,limit,83021909
104355.7,0.001,2025-05-13 19:22:50,1747164170.6352704,sell,limit,83021910
104355.7,0.0001,2025-05-13 19:22:50,1747164170.6352704,sell,limit,83021908
104355.7,0.01937618,2025-05-13 19:22:50,1747164170.6352704,sell,limit,83021907
104355.7,0.0006,2025-05-13 19:22:50,1747164170.6352704,sell,limit,83021911
104347.9,0.00018716,2025-05-13 19:22:53,1747164173.5354033,buy,limit,83021916
104347.9,0.01631895,2025-05-13 19:22:57,1747164177.512967,buy,limit,83021917
104347.9,0.002,2025-05-13 19:22:57,1747164177.512967,buy,limit,83021918
104347.9,0.001,2025-05-13 19:22:57,1747164177.512967,buy,limit,83021919
104347.9,9.583e-05,2025-05-13 19:22:57,1747164177.512967,buy,limit,83021920
104347.9,0.00848522,2025-05-13 19:22:57,1747164177.512967,buy,limit,83021921
104347.8,1.328e-05,2025-05-13 19:23:04,1747164184.2298234,sell,limit,83021922
104347.9,1.019e-05,2025-05-13 19:23:09,1747164189.6078186,buy,limit,83021923
104324.7,0.00191062,2025-05-13 19:23:16,1747164196.0273414,sell,limit,83021928
104335.0,5.031e-05,2025-05-13 19:23:16,1747164196.0273414,sell,limit,83021927
104347.8,0.001,2025-05-13 19:23:16,1747164196.0273414,sell,limit,83021926
104347.8,0.0001,2025-05-13 19:23:16,1747164196.0273414,sell,limit,83021925
104347.8,8.672e-05,2025-05-13 19:23:16,1747164196.0273414,sell,limit,83021924
104324.7,0.00223429,2025-05-13 19:23:16,1747164196.0284162,sell,limit,83021929
104324.7,0.00220519,2025-05-13 19:23:16,1747164196.0285888,sell,limit,83021930
104324.7,0.0012122,2025-05-13 19:23:16,1747164196.0287812,sell,limit,83021931
104324.8,0.00017764,2025-05-13 19:23:16,1747164196.6242142,buy,limit,83021932
104324.8,0.0172594,2025-05-13 19:23:27,1747164207.525175,buy,limit,83021934
104324.8,0.06221213,2025-05-13 19:23:27,1747164207.525175,buy,limit,83021935
104324.8,0.01632847,2025-05-13 19:23:27,1747164207.525175,buy,limit,83021933
104324.8,0.0958,2025-05-13 19:23:28,1747164208.497604,buy,limit,83021936
104324.8,0.00129302,2025-05-13 19:23:29,1747164209.9336264,buy,limit,83021937
104324.8,0.0128,2025-05-13 19:23:30,1747164210.056733,buy,limit,83021938
104324.8,0.0128,2025-05-13 19:23:31,1747164211.0006044,buy,limit,83021939
104324.8,0.00090519,2025-05-13 19:23:44,1747164224.5879781,buy,limit,83021940
104324.8,0.00024017,2025-05-13 19:23:45,1747164225.6296613,buy,limit,83021941
104324.7,0.00067861,2025-05-13 19:23:49,1747164229.381229,sell,limit,83021945
104324.7,0.001,2025-05-13 19:23:49,1747164229.381229,sell,limit,83021944
104324.7,0.0001,2025-05-13 19:23:49,1747164229.381229,sell,limit,83021942
104324.7,0.0001,2025-05-13 19:23:49,1747164229.381229,sell,limit,83021943
104324.7,0.00890684,2025-05-13 19:23:53,1747164233.292188,sell,limit,83021946
104324.7,0.0001,2025-05-13 19:23:53,1747164233.292188,sell,limit,83021947
104324.7,0.001,2025-05-13 19:23:53,1747164233.292188,sell,limit,83021948
104324.7,0.0001,2025-05-13 19:23:53,1747164233.292188,sell,limit,83021949
104324.1,0.01412633,2025-05-13 19:23:53,1747164233.292188,sell,limit,83021950
104324.1,0.00088684,2025-05-13 19:23:53,1747164233.3043513,buy,limit,83021951
104324.1,0.003,2025-05-13 19:23:57,1747164237.7572336,buy,limit,83021952
104324.1,0.01650611,2025-05-13 19:23:57,1747164237.7572336,buy,limit,83021953
104324.1,0.00925026,2025-05-13 19:23:57,1747164237.7572336,buy,limit,83021954
104324.0,5.032e-05,2025-05-13 19:24:02,1747164242.7477005,sell,limit,83021955
104324.0,4.968e-05,2025-05-13 19:24:02,1747164242.7477005,sell,limit,83021956
104324.1,0.0015,2025-05-13 19:24:03,1747164243.3419275,buy,limit,83021957
104324.1,0.0009,2025-05-13 19:24:05,1747164245.714756,buy,limit,83021958
104324.1,0.0006,2025-05-13 19:24:08,1747164248.2361426,buy,market,83021959
104324.1,0.000359,2025-05-13 19:24:08,1747164248.2361429,buy,market,83021960
104324.1,1.417e-05,2025-05-13 19:24:11,1747164251.0359943,buy,limit,83021961
104324.0,5.032e-05,2025-05-13 19:24:12,1747164252.0733144,sell,market,83021962
104324.0,0.0001,2025-05-13 19:24:12,1747164252.0733144,sell,market,83021963
104324.0,0.001,2025-05-13 19:24:12,1747164252.0733144,sell,market,83021964
104324.0,0.14518145,2025-05-13 19:24:12,1747164252.0733144,sell,market,83021965
104324.0,0.01917104,2025-05-13 19:24:12,1747164252.0733144,sell,market,83021966
104324.0,0.00037382,2025-05-13 19:24:12,1747164252.0733144,sell,market,83021967
104324.0,0.00019569,2025-05-13 19:24:12,1747164252.0733144,sell,market,83021968
104324.0,0.248766,2025-05-13 19:24:12,1747164252.0733144,sell,market,83021969
104324.0,0.28516168,2025-05-13 19:24:12,1747164252.0733147,sell,market,83021970
104324.1,0.0128,2025-05-13 19:24:17,1747164257.3721707,buy,limit,83021971
104324.1,0.003,2025-05-13 19:24:18,1747164258.5179129,buy,limit,83021972
104334.8,0.00277979,2025-05-13 19:24:19,1747164259.2950375,sell,limit,83021974
104334.8,9.584e-05,2025-05-13 19:24:19,1747164259.2950375,sell,limit,83021973
104334.9,5.032e-05,2025-05-13 19:24:27,1747164267.9222922,buy,market,83021975
104334.9,0.00926612,2025-05-13 19:24:27,1747164267.9222922,buy,market,83021976
104334.9,0.003,2025-05-13 19:24:28,1747164268.9279935,buy,limit,83021977
104346.0,5.031e-05,2025-05-13 19:24:28,1747164268.9279935,buy,limit,83021978
104355.8,0.00674969,2025-05-13 19:24:28,1747164268.9279935,buy,limit,83021979
104355.8,0.01544408,2025-05-13 19:24:31,1747164271.462008,buy,limit,83021980
104355.7,0.0001733,2025-05-13 19:24:34,1747164274.520906,sell,limit,83021981
104355.8,0.01,2025-05-13 19:24:37,1747164277.274463,buy,market,83021982
104355.7,0.01354523,2025-05-13 19:24:38,1747164278.6782587,sell,limit,83021983
104355.7,0.00022722,2025-05-13 19:24:38,1747164278.6800735,sell,limit,83021984
104355.7,0.00131093,2025-05-13 19:24:38,1747164278.6803925,sell,limit,83021985
104355.7,0.02461797,2025-05-13 19:24:38,1747164278.6804373,sell,limit,83021986
104355.7,0.01909589,2025-05-13 19:24:38,1747164278.6805053,sell,limit,83021987
104355.7,0.00197386,2025-05-13 19:24:38,1747164278.6805737,sell,limit,83021988
104355.7,0.00968264,2025-05-13 19:24:38,1747164278.6806805,sell,limit,83021989
104355.7,0.00968531,2025-05-13 19:24:38,1747164278.6807473,sell,limit,83021990
104355.7,0.00894158,2025-05-13 19:24:38,1747164278.680935,sell,limit,83021991
104355.7,0.00124211,2025-05-13 19:24:38,1747164278.6809912,sell,limit,83021992
104355.7,0.00011763,2025-05-13 19:24:40,1747164280.025307,sell,limit,83021993
104355.7,0.00019644,2025-05-13 19:24:46,1747164286.0845897,sell,limit,83021994
104355.7,0.01078603,2025-05-13 19:24:48,1747164288.2580662,sell,market,83021995
104355.7,0.00018689,2025-05-13 19:24:48,1747164288.2580662,sell,market,83021996
104355.7,9.2e-05,2025-05-13 19:24:48,1747164288.2580664,sell,market,83021997
104355.7,0.02622593,2025-05-13 19:24:48,1747164288.2580664,sell,market,83021998
104355.8,0.095,2025-05-13 19:24:50,1747164290.857518,buy,limit,83021999
104355.8,0.0958,2025-05-13 19:24:51,1747164291.9403844,buy,limit,83022000
104355.8,0.0128,2025-05-13 19:24:53,1747164293.5388072,buy,limit,83022001
104355.8,0.00239565,2025-05-13 19:24:54,1747164294.0569832,buy,limit,83022002
104355.8,0.0128,2025-05-13 19:24:54,1747164294.5842686,buy,limit,83022003
104355.8,0.00148057,2025-05-13 19:24:55,1747164295.2745347,buy,limit,83022004
104355.8,0.00059712,2025-05-13 19:25:05,1747164305.3606887,buy,market,83022005
104355.8,0.75289687,2025-05-13 19:25:08,1747164308.2994976,buy,limit,83022006
104355.8,0.3351393,2025-05-13 19:25:08,1747164308.3001108,buy,limit,83022007
104355.8,0.003,2025-05-13 19:25:08,1747164308.3001108,buy,limit,83022008
104355.8,0.0012,2025-05-13 19:25:08,1747164308.3001108,buy,limit,83022009
104356.0,0.00023837,2025-05-13 19:25:08,1747164308.769408,buy,limit,83022010
104356.0,0.00021433,2025-05-13 19:25:10,1747164310.595213,buy,limit,83022011
104356.0,0.00233032,2025-05-13 19:25:10,1747164310.595213,buy,limit,83022012
104356.0,0.00055281,2025-05-13 19:25:10,1747164310.595213,buy,limit,83022013
104357.0,5.031e-05,2025-05-13 19:25:10,1747164310.8509405,buy,limit,83022014
104362.6,0.00099281,2025-05-13 19:25:11,1747164311.355331,buy,limit,83022015
104366.0,0.00601,2025-05-13 19:25:11,1747164311.360629,buy,limit,83022016
104366.1,0.00971235,2025-05-13 19:25:11,1747164311.360629,buy,limit,83022017
104366.1,0.00013425,2025-05-13 19:25:11,1747164311.360629,buy,limit,83022018
104366.1,0.00679865,2025-05-13 19:25:11,1747164311.360629,buy,limit,83022019
104368.1,5.03e-05,2025-05-13 19:25:11,1747164311.367661,buy,limit,83022020
104379.0,5.03e-05,2025-05-13 19:25:11,1747164311.3676612,buy,limit,83022022
104376.7,0.0001,2025-05-13 19:25:11,1747164311.3676612,buy,limit,83022021
104387.0,0.00239493,2025-05-13 19:25:19,1747164319.05837,buy,limit,83022023
104387.0,0.04484113,2025-05-13 19:25:23,1747164323.4655206,buy,limit,83022024
104387.0,0.01650611,2025-05-13 19:25:23,1747164323.4655206,buy,limit,83022025
104387.0,0.0028,2025-05-13 19:25:23,1747164323.4655206,buy,limit,83022026
104388.0,0.13585276,2025-05-13 19:25:23,1747164323.4655206,buy,limit,83022027
104388.0,0.00044753,2025-05-13 19:25:24,1747164324.119644,buy,limit,83022028
104388.0,0.0957,2025-05-13 19:25:27,1747164327.5510886,buy,limit,83022029
104399.0,0.00048968,2025-05-13 19:25:28,1747164328.1564364,buy,limit,83022036
104397.3,0.00051845,2025-05-13 19:25:28,1747164328.1564364,buy,limit,83022035
104397.3,0.01090068,2025-05-13 19:25:28,1747164328.1564364,buy,limit,83022034
104400.0,1.17752438,2025-05-13 19:25:28,1747164328.1564364,buy,limit,83022037
104390.0,0.001,2025-05-13 19:25:28,1747164328.1564364,buy,limit,83022032
104388.0,0.01650611,2025-05-13 19:25:28,1747164328.1564364,buy,limit,83022031
104388.0,0.08798971,2025-05-13 19:25:28,1747164328.1564364,buy,limit,83022030
104390.1,5.029e-05,2025-05-13 19:25:28,1747164328.1564364,buy,limit,83022033
104400.0,1.31846347,2025-05-13 19:25:28,1747164328.1574562,buy,limit,83022038
104400.0,1.40714551,2025-05-13 19:25:28,1747164328.159179,buy,limit,83022039
104400.0,1.45116387,2025-05-13 19:25:28,1747164328.1596162,buy,limit,83022040
104400.0,0.6081735,2025-05-13 19:25:28,1747164328.1818151,buy,limit,83022041
104400.0,1.62575856,2025-05-13 19:25:28,1747164328.1818151,buy,limit,83022042
104400.0,2.64386012,2025-05-13 19:25:28,1747164328.1823058,buy,limit,83022043
104400.0,0.72858134,2025-05-13 19:25:28,1747164328.1836617,buy,limit,83022044
104400.0,0.00095785,2025-05-13 19:25:28,1747164328.1836617,buy,limit,83022045
104401.1,5.137e-05,2025-05-13 19:25:28,1747164328.201986,buy,limit,83022046
104403.6,0.0176684,2025-05-13 19:25:28,1747164328.201986,buy,limit,83022047
104406.5,0.00957,2025-05-13 19:25:28,1747164328.201986,buy,limit,83022048
104408.4,0.00035296,2025-05-13 19:25:28,1747164328.201986,buy,limit,83022049
104410.2,0.0001101,2025-05-13 19:25:28,1747164328.3033183,buy,limit,83022050
104410.2,0.00098962,2025-05-13 19:25:28,1747164328.3033183,buy,limit,83022051
104419.7,0.02184,2025-05-13 19:25:28,1747164328.6185098,buy,limit,83022056
104416.7,0.00032365,2025-05-13 19:25:28,1747164328.6185098,buy,limit,83022055
104412.0,5.142e-05,2025-05-13 19:25:28,1747164328.6185098,buy,limit,83022053
104410.3,0.02477699,2025-05-13 19:25:28,1747164328.6185098,buy,limit,83022052
104416.1,0.01766565,2025-05-13 19:25:28,1747164328.6185098,buy,limit,83022054
104420.6,0.00194817,2025-05-13 19:25:28,1747164328.61851,buy,limit,83022057
104422.9,5.137e-05,2025-05-13 19:25:28,1747164328.61851,buy,limit,83022058
104425.0,0.24521517,2025-05-13 19:25:28,1747164328.61851,buy,limit,83022059
104428.7,0.0068675,2025-05-13 19:25:29,1747164329.219063,buy,limit,83022060
104428.7,0.00361355,2025-05-13 19:25:29,1747164329.2250614,buy,limit,83022061
104428.7,0.00370958,2025-05-13 19:25:29,1747164329.22693,buy,limit,83022062
104428.7,0.00248524,2025-05-13 19:25:29,1747164329.233901,buy,limit,83022063
104428.7,0.00060548,2025-05-13 19:25:29,1747164329.2422822,buy,limit,83022064
104428.7,0.00052284,2025-05-13 19:25:29,1747164329.2474196,buy,limit,83022065
104441.1,0.00010099,2025-05-13 19:25:29,1747164329.2844055,buy,limit,83022068
104434.1,5.137e-05,2025-05-13 19:25:29,1747164329.2844055,buy,limit,83022067
104430.3,0.0005997,2025-05-13 19:25:29,1747164329.2844055,buy,limit,83022066
104441.2,0.0003797,2025-05-13 19:25:29,1747164329.294783,buy,market,83022069
104441.2,5e-05,2025-05-13 19:25:30,1747164330.296979,buy,market,83022070
104441.1,0.14354066,2025-05-13 19:25:30,1747164330.2971473,sell,market,83022071
104441.2,0.01113214,2025-05-13 19:25:30,1747164330.297217,buy,market,83022072
104441.2,0.00609829,2025-05-13 19:25:30,1747164330.297217,buy,market,83022073
104443.1,5.5e-05,2025-05-13 19:25:30,1747164330.297217,buy,market,83022074
104444.4,0.01914894,2025-05-13 19:25:30,1747164330.297217,buy,market,83022075
104445.1,0.00024297,2025-05-13 19:25:30,1747164330.297217,buy,market,83022076
104445.1,5.14e-05,2025-05-13 19:25:30,1747164330.297217,buy,market,83022077
104460.9,0.00030986,2025-05-13 19:25:30,1747164330.2972171,buy,market,83022089
104460.0,0.05,2025-05-13 19:25:30,1747164330.2972171,buy,market,83022088
104464.2,0.00254256,2025-05-13 19:25:30,1747164330.2972171,buy,market,83022091
104459.0,0.05,2025-05-13 19:25:30,1747164330.2972171,buy,market,83022087
104470.9,0.00054937,2025-05-13 19:25:30,1747164330.2972171,buy,market,83022093
104471.0,0.00014358,2025-05-13 19:25:30,1747164330.2972171,buy,market,83022094
104466.3,0.01779586,2025-05-13 19:25:30,1747164330.2972171,buy,market,83022092
104456.0,5.137e-05,2025-05-13 19:25:30,1747164330.2972171,buy,market,83022086
104462.9,0.00158535,2025-05-13 19:25:30,1747164330.2972171,buy,market,83022090
104451.1,0.00024415,2025-05-13 19:25:30,1747164330.2972171,buy,market,83022084
104450.0,0.1,2025-05-13 19:25:30,1747164330.2972171,buy,market,83022083
104448.9,0.00920028,2025-05-13 19:25:30,1747164330.2972171,buy,market,83022082
104453.7,0.01765738,2025-05-13 19:25:30,1747164330.2972171,buy,market,83022085
104448.0,0.45021189,2025-05-13 19:25:30,1747164330.2972171,buy,market,83022081
104448.0,0.04978811,2025-05-13 19:25:30,1747164330.2972171,buy,market,83022080
104446.3,0.00104213,2025-05-13 19:25:30,1747164330.2972171,buy,market,83022079
104445.9,8.113e-05,2025-05-13 19:25:30,1747164330.2972171,buy,market,83022078
104488.0,0.17813339,2025-05-13 19:25:30,1747164330.2972174,buy,market,83022104
104485.9,7.157e-05,2025-05-13 19:25:30,1747164330.2972174,buy,market,83022103
104482.6,0.00019558,2025-05-13 19:25:30,1747164330.2972174,buy,market,83022102
104478.8,0.01765187,2025-05-13 19:25:30,1747164330.2972174,buy,market,83022100
104479.8,0.00498014,2025-05-13 19:25:30,1747164330.2972174,buy,market,83022101
104475.5,0.01020084,2025-05-13 19:25:30,1747164330.2972174,buy,market,83022098
104478.1,0.00425523,2025-05-13 19:25:30,1747164330.2972174,buy,market,83022099
104474.9,0.00135891,2025-05-13 19:25:30,1747164330.2972174,buy,market,83022097
104474.8,0.00110383,2025-05-13 19:25:30,1747164330.2972174,buy,market,83022096
104471.3,0.00066697,2025-05-13 19:25:30,1747164330.2972174,buy,market,83022095
104487.9,0.07102706,2025-05-13 19:25:30,1747164330.3605342,sell,limit,83022105
104487.9,2.6e-07,2025-05-13 19:25:30,1747164330.3900003,sell,limit,83022106
104487.9,0.00087006,2025-05-13 19:25:30,1747164330.3900003,sell,limit,83022107
104487.9,0.06825198,2025-05-13 19:25:30,1747164330.7880054,sell,limit,83022108
104487.9,0.04859198,2025-05-13 19:25:30,1747164330.7886646,sell,limit,83022109
104487.9,0.000245,2025-05-13 19:25:30,1747164330.9616618,sell,limit,83022110
104487.9,0.00014017,2025-05-13 19:25:32,1747164332.8448312,sell,limit,83022111
104487.9,9.849e-05,2025-05-13 19:25:32,1747164332.8555734,sell,limit,83022112
104487.9,0.00353651,2025-05-13 19:25:32,1747164332.8975532,sell,limit,83022113
104487.9,0.69,2025-05-13 19:25:38,1747164338.980685,sell,market,83022114
104488.0,0.00029437,2025-05-13 19:25:41,1747164341.1747627,buy,limit,83022115
104488.0,0.00239261,2025-05-13 19:25:44,1747164344.0588562,buy,limit,83022116
104488.0,0.00014379,2025-05-13 19:25:44,1747164344.3556209,buy,market,83022117
104488.0,0.00328141,2025-05-13 19:25:53,1747164353.039093,buy,limit,83022118
104488.0,9.429e-05,2025-05-13 19:26:01,1747164361.0366805,buy,limit,83022119
104487.9,1.0,2025-05-13 19:26:01,1747164361.927718,sell,market,83022120
104488.0,0.00011484,2025-05-13 19:26:02,1747164362.7603703,buy,market,83022121
104488.0,0.00239261,2025-05-13 19:26:09,1747164369.0597024,buy,limit,83022122
104488.0,0.00488302,2025-05-13 19:26:09,1747164369.5879955,buy,limit,83022123
104488.0,0.0957,2025-05-13 19:26:09,1747164369.6567101,buy,limit,83022124
104488.0,0.01256967,2025-05-13 19:26:13,1747164373.8572667,buy,market,83022125
104488.0,0.01650611,2025-05-13 19:26:13,1747164373.8572667,buy,market,83022126
104488.0,5.14e-05,2025-05-13 19:26:13,1747164373.8572667,buy,market,83022127
104488.0,5.14e-05,2025-05-13 19:26:13,1747164373.8572667,buy,market,83022128
104498.0,0.11946254,2025-05-13 19:26:13,1747164373.857267,buy,market,83022136
104497.8,0.001,2025-05-13 19:26:13,1747164373.857267,buy,market,83022135
104495.0,0.02,2025-05-13 19:26:13,1747164373.857267,buy,market,83022134
104491.3,0.01764912,2025-05-13 19:26:13,1747164373.857267,buy,market,83022133
104489.1,5.137e-05,2025-05-13 19:26:13,1747164373.857267,buy,market,83022132
104488.1,0.00249977,2025-05-13 19:26:13,1747164373.857267,buy,market,83022131
104488.0,0.0022,2025-05-13 19:26:13,1747164373.857267,buy,market,83022130
104488.0,0.0012,2025-05-13 19:26:13,1747164373.857267,buy,market,83022129
104498.0,0.00093371,2025-05-13 19:26:16,1747164376.1702878,buy,limit,83022137
104497.9,0.00073114,2025-05-13 19:26:16,1747164376.2777696,sell,limit,83022138
104497.9,0.0043063,2025-05-13 19:26:17,1747164377.3183956,sell,market,83022139
104498.0,0.09591047,2025-05-13 19:26:22,1747164382.3685932,buy,limit,83022140
104500.0,0.1,2025-05-13 19:26:22,1747164382.3687363,buy,market,83022154
104500.0,0.14540602,2025-05-13 19:26:22,1747164382.3687363,buy,market,83022155
104500.0,1.0,2025-05-13 19:26:22,1747164382.3687363,buy,market,83022152
104500.0,0.05,2025-05-13 19:26:22,1747164382.3687363,buy,market,83022151
104500.0,0.00956937,2025-05-13 19:26:22,1747164382.3687363,buy,market,83022150
104500.0,0.001,2025-05-13 19:26:22,1747164382.3687363,buy,market,83022149
104500.0,0.00049044,2025-05-13 19:26:22,1747164382.3687363,buy,market,83022148
104500.0,0.13992483,2025-05-13 19:26:22,1747164382.3687363,buy,market,83022153
104500.0,0.00145783,2025-05-13 19:26:22,1747164382.3687363,buy,market,83022146
104500.0,0.0203485,2025-05-13 19:26:22,1747164382.3687363,buy,market,83022145
104498.9,0.00919588,2025-05-13 19:26:22,1747164382.3687363,buy,market,83022144
104498.0,0.003,2025-05-13 19:26:22,1747164382.3687363,buy,market,83022143
104498.0,0.01650611,2025-05-13 19:26:22,1747164382.3687363,buy,market,83022142
104498.0,0.28369328,2025-05-13 19:26:22,1747164382.3687363,buy,market,83022141
104500.0,0.21940774,2025-05-13 19:26:22,1747164382.3687363,buy,market,83022147
104500.0,0.15,2025-05-13 19:26:22,1747164382.7383502,buy,market,83022156
104499.9,1.54371252,2025-05-13 19:26:23,1747164383.595641,sell,limit,83022157
104500.0,0.71778874,2025-05-13 19:26:24,1747164384.9608164,buy,limit,83022158
104500.0,0.16920524,2025-05-13 19:26:24,1747164384.9641278,buy,limit,83022159
104500.0,0.01,2025-05-13 19:26:24,1747164384.9641278,buy,limit,83022160
104500.1,0.00024297,2025-05-13 19:26:24,1747164384.9653053,buy,limit,83022161
104500.1,5.14e-05,2025-05-13 19:26:24,1747164384.9653053,buy,limit,83022162
104500.2,0.00028899,2025-05-13 19:26:24,1747164384.9653053,buy,limit,83022163
104500.4,0.00147971,2025-05-13 19:26:24,1747164384.9653053,buy,limit,83022164
104500.8,9.852e-05,2025-05-13 19:26:24,1747164384.9653053,buy,limit,83022165
104503.9,0.01778753,2025-05-13 19:26:24,1747164384.9666848,buy,limit,83022167
104502.0,0.00601,2025-05-13 19:26:24,1747164384.9666848,buy,limit,83022166
104505.1,0.00578499,2025-05-13 19:26:24,1747164384.968299,buy,limit,83022168
104507.5,0.00956,2025-05-13 19:26:24,1747164384.9682992,buy,limit,83022169
104509.0,0.01650611,2025-05-13 19:26:24,1747164384.9682992,buy,limit,83022170
104511.0,5.14e-05,2025-05-13 19:26:24,1747164384.977029,buy,limit,83022171
104511.3,0.0009621,2025-05-13 19:26:24,1747164384.9770293,buy,limit,83022172
104515.8,6.999e-05,2025-05-13 19:26:25,1747164385.0042312,buy,limit,83022173
104515.9,0.00022307,2025-05-13 19:26:25,1747164385.0042312,buy,limit,83022174
104516.4,0.01764361,2025-05-13 19:26:25,1747164385.0042312,buy,limit,83022175
104519.0,0.00014139,2025-05-13 19:26:27,1747164387.0399573,buy,limit,83022176
104519.0,0.00135861,2025-05-13 19:26:27,1747164387.375822,buy,market,83022177
104519.0,0.00246548,2025-05-13 19:26:27,1747164387.375822,buy,market,83022178
104519.0,0.01235904,2025-05-13 19:26:27,1747164387.3760595,buy,limit,83022179
104519.0,0.00033862,2025-05-13 19:26:30,1747164390.001407,buy,limit,83022180
104519.0,0.01,2025-05-13 19:26:30,1747164390.0803053,buy,limit,83022181
104519.0,0.0015,2025-05-13 19:26:31,1747164391.3827605,buy,limit,83022182
104519.0,0.00066879,2025-05-13 19:26:31,1747164391.876142,buy,limit,83022183
104519.0,0.0023919,2025-05-13 19:26:34,1747164394.060588,buy,limit,83022184
104519.0,0.0005,2025-05-13 19:26:36,1747164396.2336426,buy,limit,83022185
104519.0,0.00172156,2025-05-13 19:26:36,1747164396.2337854,buy,limit,83022186
104519.0,0.0013,2025-05-13 19:26:36,1747164396.2337854,buy,limit,83022187
104521.0,5e-05,2025-05-13 19:26:36,1747164396.2351422,buy,limit,83022188
104522.0,5.137e-05,2025-05-13 19:26:36,1747164396.2352917,buy,limit,83022189
104523.8,0.0007,2025-05-13 19:26:36,1747164396.236181,buy,limit,83022190
104523.8,7.115e-05,2025-05-13 19:26:36,1747164396.236376,buy,limit,83022191
104524.7,2.885e-05,2025-05-13 19:26:36,1747164396.236376,buy,limit,83022192
104529.0,0.01762654,2025-05-13 19:26:36,1747164396.2371566,buy,limit,83022194
104524.7,7.346e-05,2025-05-13 19:26:36,1747164396.2371566,buy,limit,83022193
104529.0,0.00015544,2025-05-13 19:26:36,1747164396.2400386,buy,limit,83022195
104533.1,5.137e-05,2025-05-13 19:26:36,1747164396.2400386,buy,limit,83022196
104534.8,0.00060001,2025-05-13 19:26:36,1747164396.243303,buy,limit,83022197
104541.5,0.01763811,2025-05-13 19:26:36,1747164396.243303,buy,limit,83022198
104541.6,0.01279394,2025-05-13 19:26:36,1747164396.243303,buy,limit,83022199
104542.4,0.00089435,2025-05-13 19:26:36,1747164396.243303,buy,limit,83022200
104543.9,5.137e-05,2025-05-13 19:26:36,1747164396.243303,buy,limit,83022201
104548.9,0.00919148,2025-05-13 19:26:36,1747164396.2475889,buy,limit,83022203
104547.0,0.5,2025-05-13 19:26:36,1747164396.2475889,buy,limit,83022202
104551.4,8.084e-05,2025-05-13 19:26:36,1747164396.2903826,buy,limit,83022204
104553.9,0.00079999,2025-05-13 19:26:36,1747164396.2903826,buy,limit,83022205
104554.0,0.01763536,2025-05-13 19:26:36,1747164396.39254,buy,limit,83022206
104554.9,9.66e-05,2025-05-13 19:26:37,1747164397.1374547,buy,limit,83022207
104555.0,8.61e-06,2025-05-13 19:26:37,1747164397.1374547,buy,limit,83022208
104555.0,0.00023436,2025-05-13 19:26:37,1747164397.479677,buy,limit,83022209
104555.0,5.14e-05,2025-05-13 19:26:37,1747164397.479677,buy,limit,83022210
104555.0,0.09564362,2025-05-13 19:26:40,1747164400.5677667,sell,limit,83022211
104555.1,0.0001051,2025-05-13 19:26:41,1747164401.1422155,buy,limit,83022212
104555.1,8.03e-06,2025-05-13 19:26:41,1747164401.562491,buy,market,83022213
104557.1,0.0002439,2025-05-13 19:26:41,1747164401.562491,buy,market,83022214
104559.9,0.00045984,2025-05-13 19:26:41,1747164401.562491,buy,market,83022215
104559.8,0.00198513,2025-05-13 19:26:44,1747164404.6129284,sell,limit,83022216
104559.9,0.00933216,2025-05-13 19:26:47,1747164407.9934883,buy,market,83022217
104560.0,0.27991609,2025-05-13 19:26:48,1747164408.7469852,buy,limit,83022218
104560.0,0.15116592,2025-05-13 19:26:48,1747164408.7469852,buy,limit,83022219
104559.9,0.13210163,2025-05-13 19:26:51,1747164411.2707555,sell,market,83022223
104559.9,0.04968489,2025-05-13 19:26:51,1747164411.2707555,sell,market,83022222
104559.9,0.02821348,2025-05-13 19:26:51,1747164411.2707555,sell,market,83022221
104559.9,0.1,2025-05-13 19:26:51,1747164411.2707555,sell,market,83022220
104560.0,0.00636889,2025-05-13 19:26:52,1747164412.1202803,buy,market,83022224
104560.0,0.00167368,2025-05-13 19:26:55,1747164415.6730387,buy,market,83022225
104560.0,6.221e-05,2025-05-13 19:26:56,1747164416.3823068,buy,limit,83022226
104559.9,0.00477244,2025-05-13 19:26:57,1747164417.4103835,sell,limit,83022227
104560.0,0.0151,2025-05-13 19:26:57,1747164417.4912107,buy,limit,83022228
104560.0,0.05039346,2025-05-13 19:26:58,1747164418.9125786,buy,market,83022229
104560.0,0.00239097,2025-05-13 19:26:59,1747164419.0617259,buy,limit,83022230
104560.0,0.02424759,2025-05-13 19:27:02,1747164422.6663709,buy,market,83022231
104560.0,0.00076504,2025-05-13 19:27:04,1747164424.8462088,buy,limit,83022232
104560.0,0.00024627,2025-05-13 19:27:06,1747164426.1223962,buy,limit,83022233
104559.9,0.0001,2025-05-13 19:27:06,1747164426.8966236,sell,limit,83022234
104559.9,0.0001,2025-05-13 19:27:06,1747164426.8966236,sell,limit,83022235
104559.9,0.00436789,2025-05-13 19:27:06,1747164426.8966236,sell,limit,83022236
104559.9,0.04780757,2025-05-13 19:27:06,1747164426.9011958,sell,limit,83022237
104559.9,0.02035082,2025-05-13 19:27:06,1747164426.9013004,sell,limit,83022238
104559.9,0.0375417,2025-05-13 19:27:07,1747164427.6868966,sell,limit,83022239
104560.0,0.0151,2025-05-13 19:27:09,1747164429.1462111,buy,limit,83022240
104560.0,0.0956,2025-05-13 19:27:10,1747164430.0097187,buy,limit,83022241
104560.0,0.00043105,2025-05-13 19:27:17,1747164437.591712,buy,market,83022242
104560.0,0.0009,2025-05-13 19:27:21,1747164441.4630516,buy,limit,83022243
104560.0,0.00239097,2025-05-13 19:27:24,1747164444.0626514,buy,limit,83022244
104560.0,0.02489939,2025-05-13 19:27:25,1747164445.7933607,buy,market,83022245
104559.9,0.000192,2025-05-13 19:27:26,1747164446.55325,sell,market,83022246
104560.0,0.0956,2025-05-13 19:27:32,1747164452.561117,buy,limit,83022247
104560.0,0.9687345,2025-05-13 19:27:37,1747164457.7471716,buy,limit,83022248
104560.0,1.01944077,2025-05-13 19:27:37,1747164457.7492802,buy,limit,83022249
104560.0,1.05544374,2025-05-13 19:27:37,1747164457.7498405,buy,limit,83022250
104560.0,0.88533417,2025-05-13 19:27:37,1747164457.7526572,buy,limit,83022251
104560.0,0.58371138,2025-05-13 19:27:37,1747164457.753188,buy,limit,83022252
104560.0,0.0024,2025-05-13 19:27:37,1747164457.7531881,buy,limit,83022254
104560.0,0.0023,2025-05-13 19:27:37,1747164457.7531881,buy,limit,83022255
104560.0,0.0012,2025-05-13 19:27:37,1747164457.7531881,buy,limit,83022253
104566.0,0.00900959,2025-05-13 19:27:38,1747164458.0822613,sell,market,83022256
104566.1,5.137e-05,2025-05-13 19:27:39,1747164459.0958068,buy,market,83022257
104566.6,0.01777367,2025-05-13 19:27:39,1747164459.0958068,buy,market,83022258
104568.8,5.5e-05,2025-05-13 19:27:39,1747164459.0958068,buy,market,83022259
104574.4,0.01650611,2025-05-13 19:27:39,1747164459.0958068,buy,market,83022260
104575.0,0.00032911,2025-05-13 19:27:39,1747164459.0958068,buy,market,83022261
104577.1,5.137e-05,2025-05-13 19:27:39,1747164459.0958068,buy,market,83022262
104579.1,0.01762986,2025-05-13 19:27:39,1747164459.0958068,buy,market,83022263
104580.2,0.01019064,2025-05-13 19:27:39,1747164459.0958068,buy,market,83022264
104587.9,5.137e-05,2025-05-13 19:27:39,1747164459.0958068,buy,market,83022265
104590.0,0.00294699,2025-05-13 19:27:39,1747164459.095807,buy,market,83022266
104590.0,0.00093306,2025-05-13 19:27:39,1747164459.771971,buy,limit,83022267
104590.0,4.721e-05,2025-05-13 19:27:40,1747164460.1398044,buy,limit,83022268
104590.0,0.00933062,2025-05-13 19:27:40,1747164460.7253664,buy,limit,83022269
104589.9,0.00493291,2025-05-13 19:27:42,1747164462.308223,sell,limit,83022270
104589.9,0.02871783,2025-05-13 19:27:42,1747164462.317184,sell,limit,83022271
104589.9,0.00494322,2025-05-13 19:27:42,1747164462.31805,sell,limit,83022272
104590.0,0.00621268,2025-05-13 19:27:44,1747164464.3735273,buy,limit,83022273
104590.0,0.0018,2025-05-13 19:27:44,1747164464.3735273,buy,limit,83022274
104590.0,0.00708732,2025-05-13 19:27:44,1747164464.3735273,buy,limit,83022275
104590.0,2.59e-05,2025-05-13 19:27:45,1747164465.0367687,buy,limit,83022276
104590.0,0.009,2025-05-13 19:27:45,1747164465.291601,buy,limit,83022277
104590.0,0.00039289,2025-05-13 19:27:46,1747164466.0084152,buy,market,83022278
104591.0,0.0072323,2025-05-13 19:27:46,1747164466.0084152,buy,market,83022279
104590.9,0.03881196,2025-05-13 19:27:46,1747164466.6486783,sell,limit,83022280
104590.9,0.00107919,2025-05-13 19:27:47,1747164467.148408,sell,market,83022281
104591.0,0.00239026,2025-05-13 19:27:49,1747164469.0634828,buy,limit,83022282
104590.9,0.00821488,2025-05-13 19:27:49,1747164469.977069,sell,limit,83022283
104598.9,0.00918709,2025-05-13 19:27:51,1747164471.0551007,buy,market,83022291
104597.2,5e-05,2025-05-13 19:27:51,1747164471.0551007,buy,market,83022290
104599.0,0.07983158,2025-05-13 19:27:51,1747164471.0551007,buy,market,83022293
104598.9,5.14e-05,2025-05-13 19:27:51,1747164471.0551007,buy,market,83022292
104596.5,0.00409798,2025-05-13 19:27:51,1747164471.0551007,buy,market,83022289
104594.2,0.00011894,2025-05-13 19:27:51,1747164471.0551007,buy,market,83022287
104591.7,0.01776812,2025-05-13 19:27:51,1747164471.0551007,buy,market,83022286
104591.0,0.01650611,2025-05-13 19:27:51,1747164471.0551007,buy,market,83022285
104591.0,0.02218734,2025-05-13 19:27:51,1747164471.0551007,buy,market,83022284
104595.2,0.00020144,2025-05-13 19:27:51,1747164471.0551007,buy,market,83022288
104598.9,0.00720829,2025-05-13 19:27:52,1747164472.398403,sell,market,83022294
104598.9,0.00022061,2025-05-13 19:27:52,1747164472.8466258,sell,limit,83022295
104599.0,0.009,2025-05-13 19:27:57,1747164477.4411156,buy,limit,83022296
104599.0,7.227e-05,2025-05-13 19:27:58,1747164478.9422772,buy,limit,83022297
104598.9,0.02733755,2025-05-13 19:27:59,1747164479.624505,sell,limit,83022298
104598.9,0.01912065,2025-05-13 19:27:59,1747164479.624505,sell,limit,83022299
104598.9,0.1,2025-05-13 19:27:59,1747164479.6245053,sell,limit,83022308
104598.9,1.24518152,2025-05-13 19:27:59,1747164479.6245053,sell,limit,83022312
104598.9,5.648e-05,2025-05-13 19:27:59,1747164479.6245053,sell,limit,83022311
104598.9,7.733e-05,2025-05-13 19:27:59,1747164479.6245053,sell,limit,83022310
104598.9,0.02821348,2025-05-13 19:27:59,1747164479.6245053,sell,limit,83022309
104598.9,0.38,2025-05-13 19:27:59,1747164479.6245053,sell,limit,83022307
104598.9,0.2531,2025-05-13 19:27:59,1747164479.6245053,sell,limit,83022304
104598.9,2.39008249,2025-05-13 19:27:59,1747164479.6245053,sell,limit,83022305
104598.9,9.4e-05,2025-05-13 19:27:59,1747164479.6245053,sell,limit,83022303
104598.9,0.04454749,2025-05-13 19:27:59,1747164479.6245053,sell,limit,83022302
104598.9,0.25213616,2025-05-13 19:27:59,1747164479.6245053,sell,limit,83022301
104598.9,5.285e-05,2025-05-13 19:27:59,1747164479.6245053,sell,limit,83022300
104598.9,0.26,2025-05-13 19:27:59,1747164479.6245053,sell,limit,83022306
104598.9,0.00019262,2025-05-13 19:28:00,1747164480.5501013,sell,market,83022313
104599.0,0.15,2025-05-13 19:28:02,1747164482.4157255,buy,market,83022314
104599.0,0.00238549,2025-05-13 19:28:05,1747164485.0986042,buy,limit,83022315
104598.9,9.225e-05,2025-05-13 19:28:05,1747164485.1689417,sell,limit,83022316
104599.0,8.072e-05,2025-05-13 19:28:05,1747164485.8935015,buy,limit,83022317
104599.0,0.15,2025-05-13 19:28:08,1747164488.829032,buy,market,83022318
104599.0,0.0014,2025-05-13 19:28:11,1747164491.1299658,buy,limit,83022320
104599.0,0.10862994,2025-05-13 19:28:11,1747164491.1299658,buy,limit,83022319
104610.1,0.00024297,2025-05-13 19:28:11,1747164491.129966,buy,limit,83022329
104612.8,0.02396934,2025-05-13 19:28:11,1747164491.129966,buy,limit,83022332
104611.0,0.28677672,2025-05-13 19:28:11,1747164491.129966,buy,limit,83022331
104610.2,0.00261343,2025-05-13 19:28:11,1747164491.129966,buy,limit,83022330
104612.9,0.00013956,2025-05-13 19:28:11,1747164491.129966,buy,limit,83022333
104610.1,5.14e-05,2025-05-13 19:28:11,1747164491.129966,buy,limit,83022328
104599.0,0.0014,2025-05-13 19:28:11,1747164491.129966,buy,limit,83022321
104608.5,0.00955,2025-05-13 19:28:11,1747164491.129966,buy,limit,83022326
104604.2,0.01762436,2025-05-13 19:28:11,1747164491.129966,buy,limit,83022325
104600.9,0.00128262,2025-05-13 19:28:11,1747164491.129966,buy,limit,83022324
104600.0,0.01,2025-05-13 19:28:11,1747164491.129966,buy,limit,83022323
104600.0,0.01046,2025-05-13 19:28:11,1747164491.129966,buy,limit,83022322
104609.0,0.0095594,2025-05-13 19:28:11,1747164491.129966,buy,limit,83022327
104616.8,0.00238967,2025-05-13 19:28:14,1747164494.0641634,buy,limit,83022334
104616.8,0.0144,2025-05-13 19:28:19,1747164499.0976589,buy,limit,83022335
104621.0,5.137e-05,2025-05-13 19:28:20,1747164500.6555166,buy,market,83022339
104618.7,0.0010956,2025-05-13 19:28:20,1747164500.6555166,buy,market,83022338
104616.8,0.00097291,2025-05-13 19:28:20,1747164500.6555166,buy,market,83022336
104618.2,0.01650611,2025-05-13 19:28:20,1747164500.6555166,buy,market,83022337
104636.0,0.00101303,2025-05-13 19:28:20,1747164500.6555169,buy,market,83022348
104622.7,0.00082604,2025-05-13 19:28:20,1747164500.6555169,buy,market,83022340
104623.1,0.00034928,2025-05-13 19:28:20,1747164500.6555169,buy,market,83022341
104626.0,5.343e-05,2025-05-13 19:28:20,1747164500.6555169,buy,market,83022342
104629.3,0.01761887,2025-05-13 19:28:20,1747164500.6555169,buy,market,83022343
104632.0,5.14e-05,2025-05-13 19:28:20,1747164500.6555169,buy,market,83022344
104634.0,0.02396449,2025-05-13 19:28:20,1747164500.6555169,buy,market,83022345
104634.1,0.00043449,2025-05-13 19:28:20,1747164500.6555169,buy,market,83022346
104635.0,0.00029519,2025-05-13 19:28:20,1747164500.6555169,buy,market,83022347
104638.0,0.00091119,2025-05-13 19:28:20,1747164500.6555169,buy,market,83022349
104643.2,5.904e-05,2025-05-13 19:28:20,1747164500.6562324,buy,market,83022354
104648.0,0.07643523,2025-05-13 19:28:20,1747164500.6562324,buy,market,83022355
104643.0,5.137e-05,2025-05-13 19:28:20,1747164500.6562324,buy,market,83022353
104641.9,0.01775704,2025-05-13 19:28:20,1747164500.6562324,buy,market,83022352
104639.3,0.00059851,2025-05-13 19:28:20,1747164500.6562324,buy,market,83022351
104638.0,0.00509881,2025-05-13 19:28:20,1747164500.6562324,buy,market,83022350
104647.9,0.00641666,2025-05-13 19:28:22,1747164502.3088562,sell,limit,83022356
104648.0,0.01,2025-05-13 19:28:24,1747164504.6558769,buy,market,83022357
104648.0,4.661e-05,2025-05-13 19:28:25,1747164505.6488943,buy,limit,83022358
104648.0,0.04,2025-05-13 19:28:27,1747164507.5373516,buy,market,83022359
104647.9,0.00057928,2025-05-13 19:28:28,1747164508.2994256,sell,limit,83022360
104647.9,0.00083876,2025-05-13 19:28:30,1747164510.4357715,sell,limit,83022361
104648.0,0.0151,2025-05-13 19:28:30,1747164510.602053,buy,limit,83022362
104648.0,0.00406148,2025-05-13 19:28:32,1747164512.1768415,buy,market,83022363
104647.9,1.324e-05,2025-05-13 19:28:35,1747164515.0831885,sell,limit,83022364
104648.0,6.532e-05,2025-05-13 19:28:36,1747164516.0402236,buy,limit,83022365
104650.0,0.00061038,2025-05-13 19:28:38,1747164518.7755547,buy,market,83022375
104650.0,0.03509903,2025-05-13 19:28:38,1747164518.7755547,buy,market,83022374
104650.0,0.01283428,2025-05-13 19:28:38,1747164518.7755547,buy,market,83022373
104649.9,0.03138637,2025-05-13 19:28:38,1747164518.7755547,buy,market,83022371
104650.0,0.09916067,2025-05-13 19:28:38,1747164518.7755547,buy,market,83022372
104648.2,5.542e-05,2025-05-13 19:28:38,1747164518.7755547,buy,market,83022369
104648.0,0.0025,2025-05-13 19:28:38,1747164518.7755547,buy,market,83022368
104648.0,0.01650611,2025-05-13 19:28:38,1747164518.7755547,buy,market,83022367
104648.0,0.35429136,2025-05-13 19:28:38,1747164518.7755547,buy,market,83022366
104648.9,0.0091827,2025-05-13 19:28:38,1747164518.7755547,buy,market,83022370
104650.0,5.177e-05,2025-05-13 19:28:38,1747164518.775555,buy,market,83022395
104650.0,7.006e-05,2025-05-13 19:28:38,1747164518.775555,buy,market,83022396
104650.0,7.18e-05,2025-05-13 19:28:38,1747164518.775555,buy,market,83022397
104650.0,0.00014364,2025-05-13 19:28:38,1747164518.775555,buy,market,83022398
104650.0,7.358e-05,2025-05-13 19:28:38,1747164518.775555,buy,market,83022399
104650.0,9.196e-05,2025-05-13 19:28:38,1747164518.775555,buy,market,83022400
104650.0,0.04313369,2025-05-13 19:28:38,1747164518.775555,buy,market,83022401
104650.0,0.04897335,2025-05-13 19:28:38,1747164518.775555,buy,market,83022403
104650.1,0.2,2025-05-13 19:28:38,1747164518.775555,buy,market,83022404
104654.0,5.137e-05,2025-05-13 19:28:38,1747164518.775555,buy,market,83022405
104654.5,0.01775426,2025-05-13 19:28:38,1747164518.775555,buy,market,83022406
104663.4,0.00024365,2025-05-13 19:28:38,1747164518.775555,buy,market,83022407
104665.0,0.08193702,2025-05-13 19:28:38,1747164518.775555,buy,market,83022408
104650.0,6.415e-05,2025-05-13 19:28:38,1747164518.775555,buy,market,83022394
104650.0,0.04867364,2025-05-13 19:28:38,1747164518.775555,buy,market,83022402
104650.0,0.00012714,2025-05-13 19:28:38,1747164518.775555,buy,market,83022393
104650.0,0.00075908,2025-05-13 19:28:38,1747164518.775555,buy,market,83022385
104650.0,0.00014251,2025-05-13 19:28:38,1747164518.775555,buy,market,83022391
104650.0,0.03799957,2025-05-13 19:28:38,1747164518.775555,buy,market,83022376
104650.0,0.01097014,2025-05-13 19:28:38,1747164518.775555,buy,market,83022377
104650.0,0.04855146,2025-05-13 19:28:38,1747164518.775555,buy,market,83022378
104650.0,0.04846976,2025-05-13 19:28:38,1747164518.775555,buy,market,83022379
104650.0,0.00012218,2025-05-13 19:28:38,1747164518.775555,buy,market,83022392
104650.0,0.04771488,2025-05-13 19:28:38,1747164518.775555,buy,market,83022381
104650.0,0.04800768,2025-05-13 19:28:38,1747164518.775555,buy,market,83022382
104650.0,0.04843523,2025-05-13 19:28:38,1747164518.775555,buy,market,83022380
104650.0,0.00025229,2025-05-13 19:28:38,1747164518.775555,buy,market,83022384
104650.0,0.00044223,2025-05-13 19:28:38,1747164518.775555,buy,market,83022386
104650.0,0.0005985,2025-05-13 19:28:38,1747164518.775555,buy,market,83022387
104650.0,0.00049141,2025-05-13 19:28:38,1747164518.775555,buy,market,83022388
104650.0,0.00148652,2025-05-13 19:28:38,1747164518.775555,buy,market,83022389
104650.0,9.675e-05,2025-05-13 19:28:38,1747164518.775555,buy,market,83022390
104650.0,0.04800768,2025-05-13 19:28:38,1747164518.775555,buy,market,83022383
104685.0,0.03038869,2025-05-13 19:28:38,1747164518.7755551,buy,market,83022419
104689.4,0.0052,2025-05-13 19:28:38,1747164518.7755551,buy,market,83022425
104689.4,0.0024681,2025-05-13 19:28:38,1747164518.7755551,buy,market,83022424
104687.0,5.137e-05,2025-05-13 19:28:38,1747164518.7755551,buy,market,83022423
104686.3,0.2531,2025-05-13 19:28:38,1747164518.7755551,buy,market,83022422
104686.2,0.09733776,2025-05-13 19:28:38,1747164518.7755551,buy,market,83022421
104685.6,0.00035757,2025-05-13 19:28:38,1747164518.7755551,buy,market,83022420
104682.5,0.02821348,2025-05-13 19:28:38,1747164518.7755551,buy,market,83022417
104685.0,0.01018043,2025-05-13 19:28:38,1747164518.7755551,buy,market,83022418
104676.0,5.14e-05,2025-05-13 19:28:38,1747164518.7755551,buy,market,83022416
104670.1,0.000814,2025-05-13 19:28:38,1747164518.7755551,buy,market,83022415
104669.0,0.2531,2025-05-13 19:28:38,1747164518.7755551,buy,market,83022414
104667.0,0.01761062,2025-05-13 19:28:38,1747164518.7755551,buy,market,83022413
104666.7,0.008471,2025-05-13 19:28:38,1747164518.7755551,buy,market,83022412
104665.4,0.00079975,2025-05-13 19:28:38,1747164518.7755551,buy,market,83022411
104665.0,0.00024297,2025-05-13 19:28:38,1747164518.7755551,buy,market,83022410
104665.0,5.14e-05,2025-05-13 19:28:38,1747164518.7755551,buy,market,83022409
104690.7,9.555e-05,2025-05-13 19:28:38,1747164518.7755554,buy,market,83022426
104690.8,2.38798548,2025-05-13 19:28:38,1747164518.7755554,buy,market,83022427
104691.5,0.00424838,2025-05-13 19:28:38,1747164518.7755554,buy,market,83022428
104693.2,0.00051329,2025-05-13 19:28:38,1747164518.7755554,buy,market,83022429
104694.6,0.24789,2025-05-13 19:28:38,1747164518.7755554,buy,market,83022430
104694.7,5.5e-05,2025-05-13 19:28:38,1747164518.7755554,buy,market,83022431
104694.7,0.12411914,2025-05-13 19:28:38,1747164518.7755554,buy,market,83022432
104670.6,0.00229289,2025-05-13 19:28:39,1747164519.0650206,buy,limit,83022434
104670.6,9.555e-05,2025-05-13 19:28:39,1747164519.0650206,buy,limit,83022433
104670.6,0.0955,2025-05-13 19:28:42,1747164522.3706577,buy,limit,83022435
104670.6,0.00091034,2025-05-13 19:28:44,1747164524.7775834,buy,limit,83022436
104670.6,0.00238549,2025-05-13 19:28:44,1747164524.863781,buy,limit,83022437
104670.6,9.555e-05,2025-05-13 19:28:48,1747164528.7987642,buy,limit,83022438
104670.6,0.01650611,2025-05-13 19:28:48,1747164528.7987642,buy,limit,83022439
104670.6,0.00839834,2025-05-13 19:28:48,1747164528.7987642,buy,limit,83022440
104670.5,0.00257656,2025-05-13 19:28:53,1747164533.3282375,sell,limit,83022441
104670.6,0.00019842,2025-05-13 19:28:54,1747164534.3974087,buy,market,83022442
104670.5,0.00032199,2025-05-13 19:28:54,1747164534.777408,sell,market,83022443
104670.5,5.015e-05,2025-05-13 19:28:54,1747164534.777408,sell,market,83022444
104670.5,0.0001,2025-05-13 19:28:54,1747164534.777408,sell,market,83022445
104670.5,0.0001,2025-05-13 19:28:54,1747164534.777408,sell,market,83022446
104670.5,0.00014439,2025-05-13 19:28:54,1747164534.777408,sell,market,83022447
104670.6,0.00050854,2025-05-13 19:28:57,1747164537.0574424,buy,limit,83022448
104670.6,0.07178592,2025-05-13 19:29:01,1747164541.1494672,buy,market,83022449
104670.6,0.00371431,2025-05-13 19:29:03,1747164543.9703302,buy,market,83022450
104670.6,0.00238844,2025-05-13 19:29:04,1747164544.0659032,buy,limit,83022451
104670.6,4.257e-05,2025-05-13 19:29:17,1747164557.9016054,buy,limit,83022452
104670.6,0.00046604,2025-05-13 19:29:19,1747164559.1972647,buy,limit,83022453
104670.6,0.25941314,2025-05-13 19:29:25,1747164565.7160556,buy,market,83022460
104670.6,0.0015,2025-05-13 19:29:25,1747164565.7160556,buy,market,83022458
104670.6,0.01650611,2025-05-13 19:29:25,1747164565.7160556,buy,market,83022457
104670.6,0.0015,2025-05-13 19:29:25,1747164565.7160556,buy,market,83022459
104670.6,0.15099,2025-05-13 19:29:25,1747164565.7160556,buy,market,83022455
104670.6,0.00099139,2025-05-13 19:29:25,1747164565.7160556,buy,market,83022454
104670.6,9.555e-05,2025-05-13 19:29:25,1747164565.7160556,buy,market,83022456
104670.6,0.09,2025-05-13 19:29:27,1747164567.517671,buy,limit,83022461
104670.6,0.00238844,2025-05-13 19:29:29,1747164569.0665667,buy,limit,83022462
104670.6,0.00238844,2025-05-13 19:29:29,1747164569.0665667,buy,limit,83022462
104670.5,0.0005038,2025-05-13 19:29:31,1747164571.0532968,sell,limit,83022463
104670.5,0.0006,2025-05-13 19:29:31,1747164571.570183,sell,market,83022468
104670.5,0.1485038,2025-05-13 19:29:31,1747164571.570183,sell,market,83022469
104670.5,0.0001,2025-05-13 19:29:31,1747164571.570183,sell,market,83022467
104670.5,9.62e-05,2025-05-13 19:29:31,1747164571.570183,sell,market,83022464
104670.5,0.0006,2025-05-13 19:29:31,1747164571.570183,sell,market,83022465
104670.5,0.0001,2025-05-13 19:29:31,1747164571.570183,sell,market,83022466
104670.6,0.00925833,2025-05-13 19:29:32,1747164572.3298988,buy,limit,83022470
104670.6,0.00224523,2025-05-13 19:29:32,1747164572.4974427,buy,market,83022471
104670.6,0.00702202,2025-05-13 19:29:33,1747164573.2665014,buy,limit,83022472
104670.6,0.0477689,2025-05-13 19:29:33,1747164573.6493797,buy,market,83022473
104670.6,0.00674382,2025-05-13 19:29:36,1747164576.4905007,buy,market,83022474
104670.6,0.0005251,2025-05-13 19:29:41,1747164581.095421,buy,limit,83022475
104670.6,0.05619872,2025-05-13 19:29:44,1747164584.0096493,buy,limit,83022476
104670.5,0.00038415,2025-05-13 19:29:45,1747164585.9597213,sell,limit,83022477
104670.5,0.03167081,2025-05-13 19:29:47,1747164587.1540074,sell,limit,83022478
104670.5,0.00068289,2025-05-13 19:29:47,1747164587.85793,sell,limit,83022479
104670.6,0.00526623,2025-05-13 19:29:48,1747164588.9373605,buy,limit,83022480
104670.5,0.00018421,2025-05-13 19:29:49,1747164589.3116293,sell,market,83022481
104670.6,0.00238844,2025-05-13 19:29:54,1747164594.067467,buy,limit,83022482
104670.6,5.653e-05,2025-05-13 19:29:58,1747164598.2506888,buy,limit,83022483
104670.5,0.00224134,2025-05-13 19:29:58,1747164598.6002598,sell,market,83022484
104670.5,5e-05,2025-05-13 19:29:58,1747164598.6002598,sell,market,83022485
104670.5,0.0001,2025-05-13 19:29:58,1747164598.6002598,sell,market,83022486
104670.5,0.0001,2025-05-13 19:29:58,1747164598.6002598,sell,market,83022487
104670.5,0.00460588,2025-05-13 19:29:58,1747164598.6002598,sell,market,83022488
104665.0,5.016e-05,2025-05-13 19:29:58,1747164598.60026,sell,market,83022489
104654.0,5.016e-05,2025-05-13 19:29:58,1747164598.60026,sell,market,83022490
104643.0,5.017e-05,2025-05-13 19:29:58,1747164598.60026,sell,market,83022491
104638.0,0.00601,2025-05-13 19:29:58,1747164598.60026,sell,market,83022492
104632.0,5.017e-05,2025-05-13 19:29:58,1747164598.60026,sell,market,83022493
104621.0,5.018e-05,2025-05-13 19:29:58,1747164598.60026,sell,market,83022494
104612.5,0.03536627,2025-05-13 19:29:58,1747164598.60026,sell,market,83022495
104612.5,9.375e-05,2025-05-13 19:29:59,1747164599.0938776,sell,market,83022496
104612.6,9.506e-05,2025-05-13 19:30:09,1747164609.7881346,buy,limit,83022497
104612.6,0.002868,2025-05-13 19:30:14,1747164614.3379636,buy,market,83022498
104612.6,4.663e-05,2025-05-13 19:30:15,1747164615.210969,buy,limit,83022499
104612.5,0.0001,2025-05-13 19:30:15,1747164615.4831157,sell,market,83022500
104612.5,0.0001,2025-05-13 19:30:15,1747164615.4831157,sell,market,83022501
104612.5,0.0006,2025-05-13 19:30:15,1747164615.4831157,sell,market,83022502
104612.5,0.0279142,2025-05-13 19:30:15,1747164615.4831157,sell,market,83022503
104612.5,0.0019,2025-05-13 19:30:15,1747164615.483116,sell,market,83022504
104610.0,5.018e-05,2025-05-13 19:30:15,1747164615.483116,sell,market,83022505
104608.5,0.00955,2025-05-13 19:30:15,1747164615.483116,sell,market,83022506
104599.0,5.019e-05,2025-05-13 19:30:15,1747164615.483116,sell,market,83022507
104592.4,0.1987126,2025-05-13 19:30:15,1747164615.483116,sell,market,83022508
104591.0,0.002868,2025-05-13 19:30:17,1747164617.001072,buy,market,83022509
104591.0,0.00239026,2025-05-13 19:30:19,1747164619.0682936,buy,limit,83022510
104590.9,0.00975943,2025-05-13 19:30:23,1747164623.6330214,sell,market,83022511
104590.9,0.0097702,2025-05-13 19:30:23,1747164623.7730124,sell,market,83022512
104590.9,0.00195198,2025-05-13 19:30:24,1747164624.0428314,sell,market,83022513
104590.9,0.00195404,2025-05-13 19:30:24,1747164624.3546975,sell,market,83022514
104591.0,0.00095135,2025-05-13 19:30:27,1747164627.035382,buy,limit,83022515
104591.0,0.00239026,2025-05-13 19:30:44,1747164644.069359,buy,limit,83022516
104591.0,0.0016,2025-05-13 19:30:46,1747164646.1879196,buy,limit,83022517
104591.0,0.003,2025-05-13 19:30:46,1747164646.1879199,buy,limit,83022518
104608.5,0.00430175,2025-05-13 19:30:49,1747164649.490953,buy,market,83022519
104608.5,0.00524825,2025-05-13 19:30:52,1747164652.2071686,buy,limit,83022520
104608.5,0.00475175,2025-05-13 19:30:52,1747164652.2071686,buy,limit,83022521
104608.5,0.01,2025-05-13 19:30:52,1747164652.268827,buy,limit,83022522
104608.5,0.003,2025-05-13 19:30:54,1747164654.465718,buy,limit,83022523
104610.1,5.019e-05,2025-05-13 19:30:54,1747164654.474979,buy,limit,83022524
104621.0,5.018e-05,2025-05-13 19:30:55,1747164655.3116617,buy,limit,83022525
104631.9,5.018e-05,2025-05-13 19:30:57,1747164657.5166683,buy,limit,83022526
104670.6,0.07888487,2025-05-13 19:30:58,1747164658.5869875,buy,market,83022531
104664.9,5.016e-05,2025-05-13 19:30:58,1747164658.5869875,buy,market,83022530
104647.5,0.01650611,2025-05-13 19:30:58,1747164658.5869875,buy,market,83022528
104643.0,5.017e-05,2025-05-13 19:30:58,1747164658.5869875,buy,market,83022527
104654.1,5.017e-05,2025-05-13 19:30:58,1747164658.5869875,buy,market,83022529
104670.6,0.00084982,2025-05-13 19:31:08,1747164668.0714004,buy,limit,83022532
104670.6,0.00238844,2025-05-13 19:31:09,1747164669.0702035,buy,limit,83022533
104670.6,0.00011553,2025-05-13 19:31:20,1747164680.089231,buy,market,83022534
104670.5,0.0009721,2025-05-13 19:31:24,1747164684.0239656,sell,limit,83022535
104670.6,0.00109673,2025-05-13 19:31:26,1747164686.5904467,buy,limit,83022536
104670.5,0.0009615,2025-05-13 19:31:29,1747164689.5438216,sell,limit,83022537
104670.5,0.0047769,2025-05-13 19:31:29,1747164689.9318056,sell,market,83022538
104670.6,0.00238844,2025-05-13 19:31:34,1747164694.0713174,buy,limit,83022539
104670.6,0.00190967,2025-05-13 19:31:36,1747164696.5343711,buy,market,83022540
104670.5,0.0001961,2025-05-13 19:31:37,1747164697.449619,sell,limit,83022541
104670.6,0.00047115,2025-05-13 19:31:39,1747164699.634465,buy,limit,83022542
104670.6,9.413e-05,2025-05-13 19:31:39,1747164699.6565511,buy,limit,83022543
104670.6,0.00024219,2025-05-13 19:31:41,1747164701.1026993,buy,limit,83022544
104670.6,0.00021934,2025-05-13 19:31:41,1747164701.7675452,buy,limit,83022545
104670.6,0.00051264,2025-05-13 19:31:43,1747164703.6062667,buy,limit,83022546
104670.6,0.00286326,2025-05-13 19:31:45,1747164705.0593765,buy,market,83022547
104670.5,0.01698398,2025-05-13 19:31:51,1747164711.5551074,sell,market,83022548
104670.5,5.872e-05,2025-05-13 19:31:51,1747164711.5551074,sell,market,83022549
104670.5,0.00256954,2025-05-13 19:31:51,1747164711.5551076,sell,market,83022550
104670.6,0.0955,2025-05-13 19:31:57,1747164717.4977179,buy,limit,83022551
104670.6,0.00238844,2025-05-13 19:31:59,1747164719.0721045,buy,limit,83022552
104670.6,8.734e-05,2025-05-13 19:32:00,1747164720.4122586,buy,limit,83022553
104670.6,0.00012493,2025-05-13 19:32:03,1747164723.9718716,buy,market,83022554
104670.6,0.00094126,2025-05-13 19:32:04,1747164724.493613,buy,limit,83022555
104670.6,0.00025055,2025-05-13 19:32:07,1747164727.910483,buy,limit,83022556
104670.6,0.0955,2025-05-13 19:32:09,1747164729.2901745,buy,limit,83022557
104670.6,0.00820572,2025-05-13 19:32:15,1747164735.0022063,buy,limit,83022559
104670.6,0.0300094,2025-05-13 19:32:15,1747164735.0022063,buy,limit,83022558
104670.6,0.00186331,2025-05-13 19:32:16,1747164736.8941653,buy,limit,83022560
104670.5,0.000294,2025-05-13 19:32:19,1747164739.0516024,sell,limit,83022561
104670.5,0.0029703,2025-05-13 19:32:22,1747164742.0395656,sell,limit,83022562
104670.6,0.00039132,2025-05-13 19:32:23,1747164743.9783947,buy,market,83022563
104670.6,0.00238844,2025-05-13 19:32:24,1747164744.073079,buy,limit,83022564
104670.6,0.00022024,2025-05-13 19:32:25,1747164745.112105,buy,market,83022565
104670.6,0.00507823,2025-05-13 19:32:25,1747164745.112105,buy,market,83022566
104670.6,0.19107562,2025-05-13 19:32:25,1747164745.112105,buy,market,83022567
104670.6,0.003,2025-05-13 19:32:25,1747164745.112105,buy,market,83022568
104670.6,9.553e-05,2025-05-13 19:32:25,1747164745.112105,buy,market,83022569
104670.6,0.01650611,2025-05-13 19:32:25,1747164745.112105,buy,market,83022570
104671.0,0.1279599,2025-05-13 19:32:25,1747164745.112105,buy,market,83022571
104671.0,0.00477687,2025-05-13 19:32:26,1747164746.1388128,buy,market,83022572
104671.0,0.01362739,2025-05-13 19:32:41,1747164761.1566465,buy,market,83022573
104671.0,0.0128,2025-05-13 19:32:41,1747164761.5442352,buy,limit,83022574
104671.0,0.0128,2025-05-13 19:32:42,1747164762.442615,buy,limit,83022575
104671.0,0.00142593,2025-05-13 19:32:49,1747164769.0372307,buy,limit,83022576
104671.0,0.00238843,2025-05-13 19:32:49,1747164769.0739346,buy,limit,83022577
104671.0,0.0128,2025-05-13 19:32:54,1747164774.034846,buy,limit,83022578
104670.9,0.1,2025-05-13 19:32:56,1747164776.3508818,sell,limit,83022579
104670.9,0.01672334,2025-05-13 19:32:56,1747164776.3508818,sell,limit,83022580
104670.9,0.72226308,2025-05-13 19:32:56,1747164776.3508818,sell,limit,83022581
104671.0,0.07466703,2025-05-13 19:32:57,1747164777.5006006,buy,limit,83022582
104671.0,0.01353297,2025-05-13 19:32:57,1747164777.5006006,buy,limit,83022583
104671.0,0.003,2025-05-13 19:32:59,1747164779.4885485,buy,limit,83022584
104671.0,0.003,2025-05-13 19:32:59,1747164779.4885485,buy,limit,83022585
104671.0,9.553e-05,2025-05-13 19:32:59,1747164779.4885485,buy,limit,83022586
104671.0,0.08210447,2025-05-13 19:32:59,1747164779.4885485,buy,limit,83022587
104671.0,0.01650611,2025-05-13 19:33:00,1747164780.3676186,buy,limit,83022588
104671.0,9.553e-05,2025-05-13 19:33:00,1747164780.3676188,buy,limit,83022589
104674.9,0.00048896,2025-05-13 19:33:01,1747164781.0972705,sell,limit,83022590
104675.0,0.00210174,2025-05-13 19:33:14,1747164794.0749116,buy,limit,83022592
104675.0,0.0002866,2025-05-13 19:33:14,1747164794.0749116,buy,limit,83022591
104675.0,0.00089826,2025-05-13 19:33:16,1747164796.4867256,buy,market,83022593
104675.0,0.01344711,2025-05-13 19:33:16,1747164796.4867256,buy,market,83022594
104675.0,0.00238834,2025-05-13 19:33:26,1747164806.112034,buy,market,83022595
104675.0,0.00011166,2025-05-13 19:33:31,1747164811.2031384,buy,market,83022596
104675.0,0.00070245,2025-05-13 19:33:31,1747164811.2031384,buy,market,83022597
104674.9,0.00979366,2025-05-13 19:33:33,1747164813.2971025,sell,limit,83022598
104674.9,0.00190967,2025-05-13 19:33:36,1747164816.6551406,sell,market,83022599
104699.3,0.00012194,2025-05-13 19:33:37,1747164817.547292,buy,limit,83022614
104698.9,0.00917831,2025-05-13 19:33:37,1747164817.547292,buy,limit,83022613
104697.9,0.00096038,2025-05-13 19:33:37,1747164817.547292,buy,limit,83022611
104697.1,0.00098793,2025-05-13 19:33:37,1747164817.547292,buy,limit,83022610
104697.0,0.5,2025-05-13 19:33:37,1747164817.547292,buy,limit,83022609
104696.9,9.553e-05,2025-05-13 19:33:37,1747164817.547292,buy,limit,83022608
104687.1,5.015e-05,2025-05-13 19:33:37,1747164817.547292,buy,limit,83022607
104698.1,5.137e-05,2025-05-13 19:33:37,1747164817.547292,buy,limit,83022612
104680.9,0.01733034,2025-05-13 19:33:37,1747164817.547292,buy,limit,83022605
104679.1,0.02184,2025-05-13 19:33:37,1747164817.547292,buy,limit,83022604
104676.0,5.016e-05,2025-05-13 19:33:37,1747164817.547292,buy,limit,83022603
104675.0,0.0022,2025-05-13 19:33:37,1747164817.547292,buy,limit,83022602
104680.9,0.00488793,2025-05-13 19:33:37,1747164817.547292,buy,limit,83022606
104675.0,0.00028709,2025-05-13 19:33:37,1747164817.547292,buy,limit,83022601
104675.0,0.01580366,2025-05-13 19:33:37,1747164817.547292,buy,limit,83022600
104720.0,0.001,2025-05-13 19:33:37,1747164817.5472922,buy,limit,83022633
104720.0,0.00098614,2025-05-13 19:33:37,1747164817.5472922,buy,limit,83022632
104720.0,0.05279992,2025-05-13 19:33:37,1747164817.5472922,buy,limit,83022631
104720.0,0.0067,2025-05-13 19:33:37,1747164817.5472922,buy,limit,83022630
104720.0,0.00068534,2025-05-13 19:33:37,1747164817.5472922,buy,limit,83022629
104720.0,0.00024297,2025-05-13 19:33:37,1747164817.5472922,buy,limit,83022628
104720.0,5.142e-05,2025-05-13 19:33:37,1747164817.5472922,buy,limit,83022627
104717.0,0.2531,2025-05-13 19:33:37,1747164817.5472922,buy,limit,83022626
104717.0,0.04587347,2025-05-13 19:33:37,1747164817.5472922,buy,limit,83022625
104713.1,0.02344859,2025-05-13 19:33:37,1747164817.5472922,buy,limit,83022623
104713.0,0.0239464,2025-05-13 19:33:37,1747164817.5472922,buy,limit,83022622
104709.5,0.00955,2025-05-13 19:33:37,1747164817.5472922,buy,limit,83022621
104709.0,5.14e-05,2025-05-13 19:33:37,1747164817.5472922,buy,limit,83022620
104706.7,7.705e-05,2025-05-13 19:33:37,1747164817.5472922,buy,limit,83022619
104701.2,6.543e-05,2025-05-13 19:33:37,1747164817.5472922,buy,limit,83022618
104700.0,0.01683966,2025-05-13 19:33:37,1747164817.5472922,buy,limit,83022617
104700.0,0.00048633,2025-05-13 19:33:37,1747164817.5472922,buy,limit,83022616
104700.0,0.3,2025-05-13 19:33:37,1747164817.5472922,buy,limit,83022615
104713.2,0.1,2025-05-13 19:33:37,1747164817.5472922,buy,limit,83022624
104728.3,0.2531,2025-05-13 19:33:37,1747164817.5472925,buy,limit,83022640
104734.5,0.82283251,2025-05-13 19:33:37,1747164817.5472925,buy,limit,83022644
104734.3,2.38699354,2025-05-13 19:33:37,1747164817.5472925,buy,limit,83022643
104733.2,0.09733776,2025-05-13 19:33:37,1747164817.5472925,buy,limit,83022642
104727.7,0.01910675,2025-05-13 19:33:37,1747164817.5472925,buy,limit,83022639
104732.0,2.38704593,2025-05-13 19:33:37,1747164817.5472925,buy,limit,83022641
104723.2,0.001006,2025-05-13 19:33:37,1747164817.5472925,buy,limit,83022637
104723.6,0.135,2025-05-13 19:33:37,1747164817.5472925,buy,limit,83022638
104720.0,0.11497126,2025-05-13 19:33:37,1747164817.5472925,buy,limit,83022636
104720.0,0.32926474,2025-05-13 19:33:37,1747164817.5472925,buy,limit,83022635
104720.0,0.0435926,2025-05-13 19:33:37,1747164817.5472925,buy,limit,83022634
104723.5,0.01170046,2025-05-13 19:33:37,1747164817.6926758,sell,limit,83022645
104723.5,0.00739745,2025-05-13 19:33:37,1747164817.6926758,sell,limit,83022646
104723.6,0.01327504,2025-05-13 19:33:37,1747164817.7671812,buy,market,83022647
104723.6,0.00238723,2025-05-13 19:33:39,1747164819.075749,buy,limit,83022648
104723.6,0.09316045,2025-05-13 19:33:46,1747164826.9563162,buy,limit,83022649
104723.5,0.00015411,2025-05-13 19:33:53,1747164833.6573405,sell,limit,83022650
104723.5,0.05872607,2025-05-13 19:34:01,1747164841.187972,sell,limit,83022651
104723.5,0.00064,2025-05-13 19:34:02,1747164842.4144542,sell,limit,83022652
104723.6,0.01650611,2025-05-13 19:34:03,1747164843.4293,buy,market,83022653
104723.6,0.0021,2025-05-13 19:34:03,1747164843.4293,buy,market,83022654
104748.9,0.00917393,2025-05-13 19:34:03,1747164843.4293003,buy,market,83022662
104746.1,0.00034326,2025-05-13 19:34:03,1747164843.4293003,buy,market,83022661
104749.0,0.09683915,2025-05-13 19:34:03,1747164843.4293003,buy,market,83022663
104745.0,0.5,2025-05-13 19:34:03,1747164843.4293003,buy,market,83022660
104742.1,5.137e-05,2025-05-13 19:34:03,1747164843.4293003,buy,market,83022657
104743.9,9.548e-05,2025-05-13 19:34:03,1747164843.4293003,buy,market,83022658
104731.1,5.14e-05,2025-05-13 19:34:03,1747164843.4293003,buy,market,83022656
104723.6,0.003,2025-05-13 19:34:03,1747164843.4293003,buy,market,83022655
104744.0,0.00059881,2025-05-13 19:34:03,1747164843.4293003,buy,market,83022659
104748.9,9.548e-05,2025-05-13 19:34:04,1747164844.0763907,buy,limit,83022664
104748.9,0.00229117,2025-05-13 19:34:04,1747164844.0763907,buy,limit,83022665
104748.8,0.00459194,2025-05-13 19:34:04,1747164844.5950422,sell,limit,83022666
104750.0,0.00196112,2025-05-13 19:34:05,1747164845.4598298,buy,market,83022673
104748.9,1.90732451,2025-05-13 19:34:05,1747164845.4598298,buy,market,83022667
104748.9,9.548e-05,2025-05-13 19:34:05,1747164845.4598298,buy,market,83022668
104748.9,0.01650611,2025-05-13 19:34:05,1747164845.4598298,buy,market,83022669
104749.0,0.13816085,2025-05-13 19:34:05,1747164845.4598298,buy,market,83022670
104749.9,0.00150896,2025-05-13 19:34:05,1747164845.4598298,buy,market,83022671
104750.0,0.03092427,2025-05-13 19:34:05,1747164845.4598298,buy,market,83022672
104750.0,0.07477163,2025-05-13 19:34:05,1747164845.4598298,buy,market,83022674
104750.0,0.22911695,2025-05-13 19:34:07,1747164847.60816,buy,market,83022675
104750.0,0.00021656,2025-05-13 19:34:09,1747164849.4074721,buy,limit,83022676
104750.0,0.08722079,2025-05-13 19:34:11,1747164851.7025478,buy,market,83022677
104750.0,0.00172098,2025-05-13 19:34:11,1747164851.7025478,buy,market,83022678
104750.0,5e-05,2025-05-13 19:34:11,1747164851.7025478,buy,market,83022679
104750.0,0.00740863,2025-05-13 19:34:11,1747164851.7025478,buy,market,83022680
104750.0,0.19230769,2025-05-13 19:34:11,1747164851.702882,buy,market,83022681
104750.0,0.00047027,2025-05-13 19:34:15,1747164855.047207,buy,limit,83022682
104749.9,0.94718984,2025-05-13 19:34:16,1747164856.9846036,sell,limit,83022684
104749.9,0.00818826,2025-05-13 19:34:16,1747164856.9846036,sell,limit,83022683
104750.0,0.00037639,2025-05-13 19:34:19,1747164859.9551644,buy,limit,83022685
104750.0,0.00012023,2025-05-13 19:34:20,1747164860.49322,buy,limit,83022686
104750.0,0.0477327,2025-05-13 19:34:24,1747164864.0708685,buy,market,83022687
104749.9,9.901e-05,2025-05-13 19:34:26,1747164866.0142574,sell,limit,83022688
104750.0,0.00025079,2025-05-13 19:34:26,1747164866.911576,buy,market,83022689
104750.0,0.00238663,2025-05-13 19:34:29,1747164869.0771697,buy,limit,83022690
104750.0,0.0477327,2025-05-13 19:34:33,1747164873.2247367,buy,market,83022691
104749.9,0.04166782,2025-05-13 19:34:37,1747164877.6485476,sell,limit,83022695
104749.9,0.0001,2025-05-13 19:34:37,1747164877.6485476,sell,limit,83022694
104749.9,0.0006,2025-05-13 19:34:37,1747164877.6485476,sell,limit,83022692
104749.9,0.0001,2025-05-13 19:34:37,1747164877.6485476,sell,limit,83022693
104749.9,0.000641,2025-05-13 19:34:38,1747164878.4660268,sell,limit,83022696
104750.0,0.11346942,2025-05-13 19:34:49,1747164889.1925647,buy,limit,83022697
104750.0,0.08196296,2025-05-13 19:34:51,1747164891.5755813,buy,market,83022698
104749.9,0.0006,2025-05-13 19:34:53,1747164893.2356207,sell,limit,83022699
104749.9,0.0039,2025-05-13 19:34:53,1747164893.2356207,sell,limit,83022700
104749.9,0.0019,2025-05-13 19:34:53,1747164893.2356207,sell,limit,83022701
104749.9,0.0001,2025-05-13 19:34:53,1747164893.2356207,sell,limit,83022702
104749.9,0.0001,2025-05-13 19:34:53,1747164893.2356207,sell,limit,83022703
104719.8,0.00961792,2025-05-13 19:34:53,1747164893.235621,sell,limit,83022711
104706.4,0.73019297,2025-05-13 19:34:53,1747164893.235621,sell,limit,83022715
104706.8,0.09733776,2025-05-13 19:34:53,1747164893.235621,sell,limit,83022714
104709.0,5.013e-05,2025-05-13 19:34:53,1747164893.235621,sell,limit,83022713
104709.5,0.00955,2025-05-13 19:34:53,1747164893.235621,sell,limit,83022712
104720.0,5.013e-05,2025-05-13 19:34:53,1747164893.235621,sell,limit,83022710
104723.5,0.00047744,2025-05-13 19:34:53,1747164893.235621,sell,limit,83022709
104723.5,0.00190979,2025-05-13 19:34:53,1747164893.235621,sell,limit,83022708
104731.0,5.012e-05,2025-05-13 19:34:53,1747164893.235621,sell,limit,83022707
104748.8,0.00271888,2025-05-13 19:34:53,1747164893.235621,sell,limit,83022706
104749.0,0.095,2025-05-13 19:34:53,1747164893.235621,sell,limit,83022705
104749.9,0.01541953,2025-05-13 19:34:53,1747164893.235621,sell,limit,83022704
104706.5,0.00238762,2025-05-13 19:34:54,1747164894.0782082,buy,limit,83022716
104706.5,3.35e-05,2025-05-13 19:34:58,1747164898.8784847,buy,limit,83022717
104706.5,0.0019093,2025-05-13 19:34:59,1747164899.0380402,buy,limit,83022718
104706.5,0.00069853,2025-05-13 19:34:59,1747164899.5045059,buy,limit,83022719
104706.4,1.186e-05,2025-05-13 19:35:01,1747164901.5496655,sell,limit,83022720
104706.4,0.0019093,2025-05-13 19:35:08,1747164908.90021,sell,market,83022721
104706.4,0.0001,2025-05-13 19:35:10,1747164910.8203619,sell,market,83022722
104706.4,0.0001,2025-05-13 19:35:10,1747164910.8203619,sell,market,83022723
104706.4,0.0002,2025-05-13 19:35:10,1747164910.8203619,sell,market,83022724
104706.4,0.00010326,2025-05-13 19:35:10,1747164910.8203619,sell,market,83022725
104706.4,0.00020029,2025-05-13 19:35:11,1747164911.562912,sell,market,83022726
104706.5,0.01147716,2025-05-13 19:35:11,1747164911.635429,buy,market,83022727
104706.5,0.0022,2025-05-13 19:35:11,1747164911.635429,buy,market,83022728
104706.5,0.0022,2025-05-13 19:35:11,1747164911.635429,buy,market,83022729
104706.5,0.0082411,2025-05-13 19:35:11,1747164911.635429,buy,market,83022730
104706.4,3.96e-05,2025-05-13 19:35:17,1747164917.788263,sell,limit,83022731
104706.5,0.00238762,2025-05-13 19:35:19,1747164919.0787125,buy,limit,83022732
104706.5,0.0004269,2025-05-13 19:35:28,1747164928.8114486,buy,limit,83022733
104706.5,0.06145263,2025-05-13 19:35:28,1747164928.9614103,buy,market,83022734
104706.5,9.55e-05,2025-05-13 19:35:33,1747164933.289359,buy,limit,83022735
104706.5,0.003,2025-05-13 19:35:33,1747164933.289359,buy,limit,83022736
104706.5,0.00028651,2025-05-13 19:35:33,1747164933.289359,buy,limit,83022737
104706.5,0.014822,2025-05-13 19:35:33,1747164933.289359,buy,limit,83022738
104709.4,0.09409561,2025-05-13 19:35:36,1747164936.098723,sell,market,83022739
104709.4,0.003,2025-05-13 19:35:38,1747164938.738544,sell,market,83022740
104709.5,0.00238755,2025-05-13 19:35:44,1747164944.079814,buy,limit,83022741
104709.4,0.00446426,2025-05-13 19:35:48,1747164948.0981166,sell,limit,83022742
104709.4,8.36e-05,2025-05-13 19:35:48,1747164948.190657,sell,limit,83022743
104709.4,0.00282382,2025-05-13 19:35:48,1747164948.2012422,sell,limit,83022744
104709.4,0.00554008,2025-05-13 19:35:48,1747164948.2323701,sell,limit,83022745
104709.4,0.00282567,2025-05-13 19:35:48,1747164948.2679787,sell,limit,83022746
104709.4,0.00021912,2025-05-13 19:35:48,1747164948.301145,sell,limit,83022747
104709.4,6.079e-05,2025-05-13 19:35:48,1747164948.3126042,sell,limit,83022748
104709.4,8.226e-05,2025-05-13 19:35:48,1747164948.3283696,sell,limit,83022749
104709.4,0.00010198,2025-05-13 19:35:48,1747164948.3405204,sell,limit,83022750
104709.4,0.00282752,2025-05-13 19:35:48,1747164948.3570788,sell,limit,83022751
104709.4,0.00141553,2025-05-13 19:35:48,1747164948.3766294,sell,limit,83022752
104709.5,9.317e-05,2025-05-13 19:35:50,1747164950.8350854,buy,limit,83022753
104709.5,0.00035712,2025-05-13 19:35:59,1747164959.8506026,buy,limit,83022754
104709.4,0.0001,2025-05-13 19:36:04,1747164964.927438,sell,limit,83022755
104709.4,0.0001,2025-05-13 19:36:04,1747164964.927438,sell,limit,83022756
104709.4,0.00023051,2025-05-13 19:36:04,1747164964.927438,sell,limit,83022757
104709.5,0.00238755,2025-05-13 19:36:09,1747164969.08039,buy,limit,83022758
104709.5,0.00432461,2025-05-13 19:36:17,1747164977.1443698,buy,limit,83022759
104709.5,0.00109581,2025-05-13 19:36:17,1747164977.1443698,buy,limit,83022760
104709.5,0.03032703,2025-05-13 19:36:22,1747164982.647384,buy,market,83022765
104709.5,0.003,2025-05-13 19:36:22,1747164982.647384,buy,market,83022764
104709.5,9.55e-05,2025-05-13 19:36:22,1747164982.647384,buy,market,83022763
104709.5,0.003,2025-05-13 19:36:22,1747164982.647384,buy,market,83022762
104709.5,0.0154103,2025-05-13 19:36:22,1747164982.647384,buy,market,83022761
104709.4,0.00036949,2025-05-13 19:36:29,1747164989.3361049,sell,market,83022766
104709.4,0.0001,2025-05-13 19:36:29,1747164989.3361049,sell,market,83022767
104709.4,0.0001,2025-05-13 19:36:29,1747164989.3361049,sell,market,83022768
104706.4,0.01118885,2025-05-13 19:36:29,1747164989.336105,sell,market,83022769
104706.5,0.00191004,2025-05-13 19:36:29,1747164989.4215,buy,limit,83022770
104706.4,0.00296817,2025-05-13 19:36:31,1747164991.6178887,sell,market,83022771
104706.5,0.00229212,2025-05-13 19:36:34,1747164994.0809429,buy,limit,83022773
104706.5,9.55e-05,2025-05-13 19:36:34,1747164994.0809429,buy,limit,83022772
104706.5,0.01421399,2025-05-13 19:36:47,1747165007.5043685,buy,market,83022774
104706.5,0.003,2025-05-13 19:36:47,1747165007.5043685,buy,market,83022775
104715.5,9.55e-05,2025-05-13 19:36:47,1747165007.5043685,buy,market,83022776
104715.6,0.05,2025-05-13 19:36:47,1747165007.5043685,buy,market,83022777
104720.0,5.013e-05,2025-05-13 19:36:47,1747165007.5043685,buy,market,83022778
104720.0,0.08264038,2025-05-13 19:36:47,1747165007.5043685,buy,market,83022779
104720.0,5e-05,2025-05-13 19:36:49,1747165009.716386,buy,market,83022780
104719.9,0.00126155,2025-05-13 19:36:50,1747165010.527591,sell,limit,83022781
104720.0,0.00238731,2025-05-13 19:36:59,1747165019.0818427,buy,limit,83022782
104720.0,0.0920995,2025-05-13 19:37:01,1747165021.4453568,buy,market,83022783
104720.0,0.15,2025-05-13 19:37:01,1747165021.5898156,buy,market,83022784
104720.0,0.00041929,2025-05-13 19:37:07,1747165027.066585,buy,limit,83022785
104720.0,0.10467417,2025-05-13 19:37:09,1747165029.6227903,buy,limit,83022786
104720.0,0.01650611,2025-05-13 19:37:09,1747165029.6227903,buy,limit,83022787
104720.0,0.003,2025-05-13 19:37:09,1747165029.6227903,buy,limit,83022788
104731.0,5.013e-05,2025-05-13 19:37:09,1747165029.6227903,buy,limit,83022789
104742.1,5.012e-05,2025-05-13 19:37:09,1747165029.6227903,buy,limit,83022790
104743.5,0.00271888,2025-05-13 19:37:09,1747165029.6227903,buy,limit,83022791
104749.9,9.549e-05,2025-05-13 19:37:09,1747165029.6227903,buy,limit,83022792
104750.0,0.11268468,2025-05-13 19:37:09,1747165029.6227903,buy,limit,83022793
104750.0,0.001,2025-05-13 19:37:09,1747165029.6227906,buy,limit,83022799
104750.0,0.06202171,2025-05-13 19:37:09,1747165029.6227906,buy,limit,83022798
104750.0,0.19797829,2025-05-13 19:37:09,1747165029.6227906,buy,limit,83022797
104750.0,0.02228994,2025-05-13 19:37:09,1747165029.6227906,buy,limit,83022800
104750.0,0.00024,2025-05-13 19:37:09,1747165029.6227906,buy,limit,83022795
104750.0,0.24193995,2025-05-13 19:37:09,1747165029.6227906,buy,limit,83022794
104750.0,0.00475053,2025-05-13 19:37:09,1747165029.6227906,buy,limit,83022796
104750.0,0.03999999,2025-05-13 19:37:10,1747165030.4097946,buy,limit,83022801
104764.0,5.142e-05,2025-05-13 19:37:11,1747165031.187619,buy,market,83022809
104753.1,5.137e-05,2025-05-13 19:37:11,1747165031.187619,buy,market,83022807
104752.6,0.00419164,2025-05-13 19:37:11,1747165031.187619,buy,market,83022806
104760.4,0.00090714,2025-05-13 19:37:11,1747165031.187619,buy,market,83022808
104750.2,0.0002883,2025-05-13 19:37:11,1747165031.187619,buy,market,83022804
104750.2,0.0002883,2025-05-13 19:37:11,1747165031.187619,buy,market,83022803
104750.0,0.24785289,2025-05-13 19:37:11,1747165031.187619,buy,market,83022802
104751.4,0.1,2025-05-13 19:37:11,1747165031.187619,buy,market,83022805
104777.0,0.38728419,2025-05-13 19:37:11,1747165031.1876192,buy,market,83022820
104791.1,9.661e-05,2025-05-13 19:37:11,1747165031.1876192,buy,market,83022827
104789.8,0.01017025,2025-05-13 19:37:11,1747165031.1876192,buy,market,83022826
104788.0,0.0033085,2025-05-13 19:37:11,1747165031.1876192,buy,market,83022825
104787.0,0.40957446,2025-05-13 19:37:11,1747165031.1876192,buy,market,83022824
104787.0,0.09042554,2025-05-13 19:37:11,1747165031.1876192,buy,market,83022823
104782.4,0.02729027,2025-05-13 19:37:11,1747165031.1876192,buy,market,83022822
104779.1,0.018,2025-05-13 19:37:11,1747165031.1876192,buy,market,83022821
104777.0,0.13271581,2025-05-13 19:37:11,1747165031.1876192,buy,market,83022819
104766.9,0.00010152,2025-05-13 19:37:11,1747165031.1876192,buy,market,83022810
104774.9,9.549e-05,2025-05-13 19:37:11,1747165031.1876192,buy,market,83022817
104774.8,0.00024218,2025-05-13 19:37:11,1747165031.1876192,buy,market,83022816
104774.0,0.00601,2025-05-13 19:37:11,1747165031.1876192,buy,market,83022815
104771.1,0.00127,2025-05-13 19:37:11,1747165031.1876192,buy,market,83022814
104769.6,0.0002434,2025-05-13 19:37:11,1747165031.1876192,buy,market,83022813
104768.8,0.001085,2025-05-13 19:37:11,1747165031.1876192,buy,market,83022812
104767.8,0.00105176,2025-05-13 19:37:11,1747165031.1876192,buy,market,83022811
104775.0,0.0041633,2025-05-13 19:37:11,1747165031.1876192,buy,market,83022818
104800.0,0.21765682,2025-05-13 19:37:11,1747165031.1876194,buy,market,83022838
104800.0,0.00048412,2025-05-13 19:37:11,1747165031.1876194,buy,market,83022837
104800.0,1.0,2025-05-13 19:37:11,1747165031.1876194,buy,market,83022836
104800.0,0.02408,2025-05-13 19:37:11,1747165031.1876194,buy,market,83022835
104800.0,0.02406373,2025-05-13 19:37:11,1747165031.1876194,buy,market,83022834
104798.9,0.00916956,2025-05-13 19:37:11,1747165031.1876194,buy,market,83022832
104798.2,0.00900751,2025-05-13 19:37:11,1747165031.1876194,buy,market,83022831
104795.2,0.00314829,2025-05-13 19:37:11,1747165031.1876194,buy,market,83022830
104793.9,0.00253063,2025-05-13 19:37:11,1747165031.1876194,buy,market,83022829
104792.0,0.2531,2025-05-13 19:37:11,1747165031.1876194,buy,market,83022828
104800.0,0.01,2025-05-13 19:37:11,1747165031.1876194,buy,market,83022833
104749.9,0.00980872,2025-05-13 19:37:11,1747165031.189315,sell,market,83022839
104749.9,0.00780156,2025-05-13 19:37:11,1747165031.1894073,sell,market,83022840
104773.9,9.408e-05,2025-05-13 19:37:12,1747165032.103691,buy,limit,83022841
104773.8,0.00017879,2025-05-13 19:37:12,1747165032.8965807,sell,limit,83022842
104773.9,0.00017701,2025-05-13 19:37:13,1747165033.2865412,buy,limit,83022843
104773.9,0.00238609,2025-05-13 19:37:24,1747165044.0827193,buy,limit,83022844
104773.9,0.003,2025-05-13 19:37:31,1747165051.3163471,buy,limit,83022846
104773.9,0.00065659,2025-05-13 19:37:31,1747165051.3163471,buy,limit,83022847
104773.9,9.549e-05,2025-05-13 19:37:31,1747165051.3163471,buy,limit,83022845
104773.8,0.0001,2025-05-13 19:37:34,1747165054.1924126,sell,market,83022848
104773.8,0.0001,2025-05-13 19:37:34,1747165054.1924126,sell,market,83022849
104773.8,0.01649816,2025-05-13 19:37:34,1747165054.1924126,sell,market,83022850
104773.8,0.00498753,2025-05-13 19:37:36,1747165056.1010945,sell,limit,83022851
104773.9,0.00012481,2025-05-13 19:37:44,1747165064.6241963,buy,market,83022852
104773.9,0.0163813,2025-05-13 19:37:45,1747165065.5300348,buy,market,83022853
104773.9,9.549e-05,2025-05-13 19:37:45,1747165065.5300348,buy,market,83022854
104773.9,0.00782637,2025-05-13 19:37:45,1747165065.5300348,buy,market,83022855
104773.9,0.003,2025-05-13 19:37:45,1747165065.5300348,buy,market,83022856
104773.9,0.19093039,2025-05-13 19:37:45,1747165065.5300348,buy,market,83022857
104773.8,0.00126889,2025-05-13 19:37:45,1747165065.6406066,sell,limit,83022858
104773.9,0.01626235,2025-05-13 19:37:45,1747165065.8485444,buy,market,83022859
104773.9,0.0749153,2025-05-13 19:37:46,1747165066.755388,buy,limit,83022860
104773.9,9.549e-05,2025-05-13 19:37:49,1747165069.0837326,buy,limit,83022861
104773.9,0.0022906,2025-05-13 19:37:49,1747165069.0837326,buy,limit,83022862
104773.8,0.0148515,2025-05-13 19:37:53,1747165073.313057,sell,limit,83022863
104773.8,0.00024228,2025-05-13 19:37:59,1747165079.7869596,sell,market,83022864
104773.8,0.00951112,2025-05-13 19:38:03,1747165083.2564738,sell,market,83022865
104773.8,0.0001,2025-05-13 19:38:06,1747165086.3432472,sell,limit,83022866
104773.8,0.0001,2025-05-13 19:38:06,1747165086.3432472,sell,limit,83022867
104773.8,0.00031037,2025-05-13 19:38:06,1747165086.3432472,sell,limit,83022868
104773.8,0.0054201,2025-05-13 19:38:12,1747165092.3030846,sell,limit,83022869
104773.8,0.6676683,2025-05-13 19:38:12,1747165092.3030846,sell,limit,83022870
104773.9,0.00037246,2025-05-13 19:38:26,1747165106.6057703,buy,limit,83022871
104773.8,0.00047241,2025-05-13 19:38:31,1747165111.6037946,sell,limit,83022872
104773.9,0.00081132,2025-05-13 19:38:33,1747165113.9585035,buy,market,83022873
104773.9,0.01149847,2025-05-13 19:38:47,1747165127.8952262,buy,market,83022874
104773.9,0.003,2025-05-13 19:38:48,1747165128.6444988,buy,market,83022876
104773.9,9.549e-05,2025-05-13 19:38:48,1747165128.6444988,buy,market,83022875
104773.9,0.0028,2025-05-13 19:38:48,1747165128.644499,buy,market,83022877
104774.0,0.01,2025-05-13 19:38:48,1747165128.644499,buy,market,83022878
104775.1,0.00024297,2025-05-13 19:38:48,1747165128.644499,buy,market,83022879
104775.1,5.137e-05,2025-05-13 19:38:48,1747165128.644499,buy,market,83022880
104781.0,0.0006538,2025-05-13 19:38:48,1747165128.644499,buy,market,83022881
104781.0,9.544e-05,2025-05-13 19:38:53,1747165133.090627,buy,market,83022883
104781.0,0.01555836,2025-05-13 19:38:53,1747165133.090627,buy,market,83022884
104781.0,0.1343462,2025-05-13 19:38:53,1747165133.090627,buy,market,83022882
104780.9,0.0025,2025-05-13 19:38:54,1747165134.6636343,sell,market,83022885
104781.0,0.00023859,2025-05-13 19:39:00,1747165140.113268,buy,market,83022886
104781.0,0.00111739,2025-05-13 19:39:00,1747165140.8920672,buy,limit,83022887
104781.0,0.00090266,2025-05-13 19:39:01,1747165141.761166,buy,limit,83022888
104781.0,0.01410497,2025-05-13 19:39:02,1747165142.6268954,buy,limit,83022889
104780.9,6.922e-05,2025-05-13 19:39:02,1747165142.8607242,sell,limit,83022890
104780.9,0.0006,2025-05-13 19:39:07,1747165147.3184605,sell,limit,83022894
104780.9,0.0001,2025-05-13 19:39:07,1747165147.3184605,sell,limit,83022893
104780.9,0.00054281,2025-05-13 19:39:07,1747165147.3184605,sell,limit,83022891
104780.9,0.0001,2025-05-13 19:39:07,1747165147.3184605,sell,limit,83022892
104774.1,0.00591091,2025-05-13 19:39:08,1747165148.3674924,buy,market,83022895
104774.1,0.04593397,2025-05-13 19:39:11,1747165151.9740934,buy,market,83022896
104774.0,0.00012489,2025-05-13 19:39:19,1747165159.7395794,sell,market,83022897
104774.1,0.00093116,2025-05-13 19:39:21,1747165161.646059,buy,limit,83022898
104774.1,0.00033214,2025-05-13 19:39:30,1747165170.3865662,buy,limit,83022899
104774.1,0.01433394,2025-05-13 19:39:36,1747165176.400627,buy,market,83022900
104774.0,0.00588511,2025-05-13 19:39:36,1747165176.6028178,sell,market,83022901
104774.0,0.0001,2025-05-13 19:39:36,1747165176.6028178,sell,market,83022902
104773.8,0.18525115,2025-05-13 19:39:36,1747165176.602818,sell,market,83022905
104774.0,0.0001,2025-05-13 19:39:36,1747165176.602818,sell,market,83022903
104773.9,0.00051278,2025-05-13 19:39:36,1747165176.602818,sell,market,83022904
104773.8,0.01533459,2025-05-13 19:39:43,1747165183.1833937,sell,limit,83022909
104773.8,0.47721854,2025-05-13 19:39:43,1747165183.1833937,sell,limit,83022908
104773.8,0.29196739,2025-05-13 19:39:43,1747165183.1833937,sell,limit,83022906
104773.8,0.00181343,2025-05-13 19:39:43,1747165183.1833937,sell,limit,83022907
104773.8,0.46188395,2025-05-13 19:39:43,1747165183.1891253,sell,limit,83022910
104773.8,0.27790153,2025-05-13 19:39:43,1747165183.1891253,sell,limit,83022911
104773.8,0.0275883,2025-05-13 19:39:43,1747165183.189826,sell,limit,83022912
104773.8,0.0001,2025-05-13 19:39:43,1747165183.189826,sell,limit,83022913
104773.8,0.0001,2025-05-13 19:39:43,1747165183.189826,sell,limit,83022914
104764.0,5.011e-05,2025-05-13 19:39:43,1747165183.276992,sell,limit,83022915
104753.0,5.011e-05,2025-05-13 19:39:43,1747165183.2941744,sell,limit,83022916
104742.0,5.012e-05,2025-05-13 19:39:44,1747165184.9863217,sell,limit,83022917
104731.0,5.012e-05,2025-05-13 19:39:55,1747165195.124295,sell,market,83022918
104731.0,0.00094988,2025-05-13 19:39:55,1747165195.124295,sell,market,83022919
104731.1,0.01524796,2025-05-13 19:39:57,1747165197.1527615,buy,market,83022920
104731.1,0.00384856,2025-05-13 19:40:00,1747165200.6617987,buy,market,83022921
104731.1,0.00482721,2025-05-13 19:40:00,1747165200.6617987,buy,market,83022922
104731.0,0.00078875,2025-05-13 19:40:04,1747165204.5629368,sell,market,83022923
104731.0,0.0001,2025-05-13 19:40:04,1747165204.6737533,sell,market,83022924
104731.0,0.00027304,2025-05-13 19:40:06,1747165206.3845701,sell,market,83022925
104731.0,0.00051436,2025-05-13 19:40:06,1747165206.4509063,sell,market,83022926
104731.0,0.00143628,2025-05-13 19:40:06,1747165206.4607956,sell,market,83022927
104731.0,0.00191962,2025-05-13 19:40:06,1747165206.568255,sell,market,83022928
104731.0,0.00026406,2025-05-13 19:40:06,1747165206.5747445,sell,market,83022929
104731.0,0.00055568,2025-05-13 19:40:06,1747165206.6268687,sell,market,83022930
104731.0,0.00077222,2025-05-13 19:40:06,1747165206.6520953,sell,market,83022931
104731.0,0.00064135,2025-05-13 19:40:06,1747165206.6814077,sell,market,83022932
104731.1,0.0150845,2025-05-13 19:40:06,1747165206.9668941,buy,market,83022933
104731.0,0.001,2025-05-13 19:40:10,1747165210.8231065,sell,market,83022934
104731.0,0.00058146,2025-05-13 19:40:11,1747165211.4294093,sell,market,83022935
104731.0,0.00153931,2025-05-13 19:40:11,1747165211.443152,sell,market,83022936
104731.0,0.00278566,2025-05-13 19:40:11,1747165211.578362,sell,market,83022937
104731.0,0.00031087,2025-05-13 19:40:12,1747165212.058404,sell,market,83022938
104731.1,0.00213794,2025-05-13 19:40:12,1747165212.3935711,buy,limit,83022939
104731.0,0.00014221,2025-05-13 19:40:14,1747165214.521657,sell,market,83022940
104731.0,0.00023106,2025-05-13 19:40:16,1747165216.4772666,sell,market,83022941
104731.0,0.00050128,2025-05-13 19:40:17,1747165217.986165,sell,market,83022942
104731.1,0.00022352,2025-05-13 19:40:19,1747165219.566093,buy,market,83022943
104731.0,0.04102648,2025-05-13 19:40:22,1747165222.2701216,sell,limit,83022944
104731.1,1.826e-05,2025-05-13 19:40:23,1747165223.9542375,buy,limit,83022945
104731.0,0.0005541,2025-05-13 19:40:28,1747165228.7456257,sell,market,83022946
104731.1,0.00047741,2025-05-13 19:40:33,1747165233.8919094,buy,market,83022947
104731.1,0.01114129,2025-05-13 19:40:39,1747165239.1412017,buy,market,83022948
104731.1,4.704e-05,2025-05-13 19:40:39,1747165239.474209,buy,limit,83022949
104731.0,0.01074315,2025-05-13 19:40:40,1747165240.3758566,sell,limit,83022950
104731.0,0.0006,2025-05-13 19:40:40,1747165240.3758569,sell,limit,83022951
104731.0,0.0001,2025-05-13 19:40:40,1747165240.3758569,sell,limit,83022952
104731.0,0.0001,2025-05-13 19:40:40,1747165240.3758569,sell,limit,83022953
104720.0,5.013e-05,2025-05-13 19:40:40,1747165240.3758569,sell,limit,83022954
104709.5,0.00304804,2025-05-13 19:40:40,1747165240.376139,sell,market,83022955
104709.6,0.00019096,2025-05-13 19:40:42,1747165242.4013996,buy,market,83022956
104709.6,4.775e-05,2025-05-13 19:40:55,1747165255.4466264,buy,market,83022957
104709.6,0.0162674,2025-05-13 19:40:56,1747165256.3187034,buy,limit,83022958
104709.6,0.09550222,2025-05-13 19:40:56,1747165256.3187034,buy,limit,83022959
104709.6,0.0420664,2025-05-13 19:40:56,1747165256.3187034,buy,limit,83022960
104709.6,0.00045377,2025-05-13 19:41:02,1747165262.59254,buy,limit,83022961
104709.5,0.00025654,2025-05-13 19:41:12,1747165272.7402012,sell,limit,83022962
104709.5,0.00624542,2025-05-13 19:41:17,1747165277.1232958,sell,limit,83022963
104709.5,0.0001,2025-05-13 19:41:17,1747165277.1232958,sell,limit,83022964
104709.5,0.0001,2025-05-13 19:41:17,1747165277.1232958,sell,limit,83022965
104709.5,0.00304,2025-05-13 19:41:17,1747165277.1232958,sell,limit,83022966
104709.5,0.00026,2025-05-13 19:41:17,1747165277.1232958,sell,limit,83022967
104709.0,5.013e-05,2025-05-13 19:41:17,1747165277.4365976,sell,limit,83022968
104706.5,0.00022184,2025-05-13 19:41:24,1747165284.3947444,buy,limit,83022969
104706.4,0.00028647,2025-05-13 19:41:37,1747165297.1469953,sell,limit,83022970
104706.4,0.00955051,2025-05-13 19:41:50,1747165310.7649837,sell,market,83022971
104706.5,3.764e-05,2025-05-13 19:41:58,1747165318.154413,buy,limit,83022972
104706.5,0.00845335,2025-05-13 19:41:58,1747165318.5908566,buy,limit,83022973
104706.5,0.00055,2025-05-13 19:42:00,1747165320.8395848,buy,market,83022974
104706.5,9.551e-05,2025-05-13 19:42:06,1747165326.7003942,buy,market,83022975
104706.5,0.01650611,2025-05-13 19:42:06,1747165326.7003942,buy,market,83022976
104706.5,0.01038288,2025-05-13 19:42:06,1747165326.7003942,buy,market,83022977
104706.5,9.318e-05,2025-05-13 19:42:08,1747165328.433462,buy,limit,83022978
104706.4,0.06176138,2025-05-13 19:42:11,1747165331.5118327,sell,market,83022979
104706.4,0.0001,2025-05-13 19:42:11,1747165331.5118327,sell,market,83022980
104706.4,0.0001,2025-05-13 19:42:11,1747165331.5118327,sell,market,83022981
104706.4,0.02207477,2025-05-13 19:42:11,1747165331.511833,sell,market,83022982
104706.4,0.002,2025-05-13 19:42:11,1747165331.511833,sell,market,83022983
104706.4,0.0007,2025-05-13 19:42:11,1747165331.511833,sell,market,83022984
104706.4,0.01957855,2025-05-13 19:42:11,1747165331.511833,sell,market,83022985
104706.4,0.01636,2025-05-13 19:42:11,1747165331.511833,sell,market,83022986
104706.4,0.0206253,2025-05-13 19:42:11,1747165331.511833,sell,market,83022987
104706.5,7.557e-05,2025-05-13 19:42:11,1747165331.916014,buy,limit,83022988
104706.5,0.001,2025-05-13 19:42:17,1747165337.5576155,buy,market,83022989
104706.5,0.00372703,2025-05-13 19:42:20,1747165340.56756,buy,limit,83022990
104706.5,0.00472134,2025-05-13 19:42:21,1747165341.9820826,buy,limit,83022991
104706.5,0.003,2025-05-13 19:42:21,1747165341.9820826,buy,limit,83022992
104706.5,0.0028,2025-05-13 19:42:21,1747165341.9820826,buy,limit,83022993
104706.5,0.0019,2025-05-13 19:42:21,1747165341.9820826,buy,limit,83022994
104706.5,0.00918537,2025-05-13 19:42:21,1747165341.9820826,buy,limit,83022995
104709.5,0.01399242,2025-05-13 19:42:22,1747165342.5163343,buy,limit,83022996
104710.0,0.04600758,2025-05-13 19:42:22,1747165342.5163343,buy,limit,83022997
104710.0,0.06,2025-05-13 19:42:22,1747165342.5168464,buy,limit,83022998
104709.9,0.00481695,2025-05-13 19:42:22,1747165342.6814346,sell,market,83022999
104709.9,0.00530222,2025-05-13 19:42:22,1747165342.6815455,sell,market,83023000
104710.0,0.0004063,2025-05-13 19:42:22,1747165342.8958602,buy,limit,83023001
104710.0,0.26600293,2025-05-13 19:42:22,1747165342.898365,buy,limit,83023002
104710.0,0.006075,2025-05-13 19:42:22,1747165342.898365,buy,limit,83023003
104770.6,9.549e-05,2025-05-13 19:42:25,1747165345.6551218,buy,limit,83023010
104753.0,5.012e-05,2025-05-13 19:42:25,1747165345.6551218,buy,limit,83023009
104770.7,0.31999,2025-05-13 19:42:25,1747165345.6551218,buy,limit,83023011
104742.0,5.012e-05,2025-05-13 19:42:25,1747165345.6551218,buy,limit,83023008
104731.1,0.00047741,2025-05-13 19:42:25,1747165345.6551218,buy,limit,83023005
104731.1,5.013e-05,2025-05-13 19:42:25,1747165345.6551218,buy,limit,83023006
104739.3,0.01650611,2025-05-13 19:42:25,1747165345.6551218,buy,limit,83023007
104720.0,5.013e-05,2025-05-13 19:42:25,1747165345.6551218,buy,limit,83023004
104780.2,0.00058625,2025-05-13 19:42:25,1747165345.655122,buy,limit,83023012
104794.9,0.2531,2025-05-13 19:42:25,1747165345.655122,buy,limit,83023013
104799.9,0.1,2025-05-13 19:42:25,1747165345.655122,buy,limit,83023014
104800.0,0.71837658,2025-05-13 19:42:25,1747165345.655122,buy,limit,83023015
104799.9,0.0014313,2025-05-13 19:42:26,1747165346.8359194,sell,limit,83023016
104800.0,0.0639666,2025-05-13 19:42:27,1747165347.6994023,buy,limit,83023017
104800.0,0.00194285,2025-05-13 19:42:27,1747165347.6994023,buy,limit,83023018
104800.0,0.00238549,2025-05-13 19:42:27,1747165347.6994023,buy,limit,83023019
104800.0,9.548e-05,2025-05-13 19:42:27,1747165347.6994023,buy,limit,83023020
104800.0,0.02702032,2025-05-13 19:42:27,1747165347.6994023,buy,limit,83023021
104800.0,0.00186185,2025-05-13 19:42:31,1747165351.463406,buy,limit,83023022
104799.9,0.00152431,2025-05-13 19:42:31,1747165351.5335379,sell,limit,83023023
104800.0,0.00163815,2025-05-13 19:42:32,1747165352.237255,buy,market,83023024
104800.0,5.011e-05,2025-05-13 19:42:32,1747165352.237255,buy,market,83023025
104800.0,5.142e-05,2025-05-13 19:42:32,1747165352.237255,buy,market,83023026
104800.0,5.142e-05,2025-05-13 19:42:32,1747165352.237255,buy,market,83023027
104800.0,5.011e-05,2025-05-13 19:42:32,1747165352.237255,buy,market,83023028
104800.0,0.00127091,2025-05-13 19:42:32,1747165352.237255,buy,market,83023029
104800.0,4.7e-05,2025-05-13 19:42:36,1747165356.0406797,buy,limit,83023030
104799.9,0.00766106,2025-05-13 19:42:37,1747165357.1407044,sell,market,83023031
104799.9,0.00311722,2025-05-13 19:42:37,1747165357.1407044,sell,market,83023032
104814.6,0.00072177,2025-05-13 19:42:41,1747165361.1396666,buy,market,83023042
104813.3,0.00014312,2025-05-13 19:42:41,1747165361.1396666,buy,market,83023041
104810.5,0.00389715,2025-05-13 19:42:41,1747165361.1396666,buy,market,83023039
104808.1,5.14e-05,2025-05-13 19:42:41,1747165361.1396666,buy,market,83023038
104810.6,0.00954,2025-05-13 19:42:41,1747165361.1396666,buy,market,83023040
104801.7,0.00357205,2025-05-13 19:42:41,1747165361.1396666,buy,market,83023036
104800.0,0.0035,2025-05-13 19:42:41,1747165361.1396666,buy,market,83023035
104804.6,0.00037378,2025-05-13 19:42:41,1747165361.1396666,buy,market,83023037
104800.0,9.548e-05,2025-05-13 19:42:41,1747165361.1396666,buy,market,83023034
104800.0,0.0151882,2025-05-13 19:42:41,1747165361.1396666,buy,market,83023033
104815.6,9.822e-05,2025-05-13 19:42:41,1747165361.1396668,buy,market,83023043
104817.8,0.02162973,2025-05-13 19:42:41,1747165361.1396668,buy,market,83023044
104817.7,0.00400965,2025-05-13 19:42:43,1747165363.3015225,sell,market,83023045
104817.7,0.03036223,2025-05-13 19:42:43,1747165363.3015225,sell,market,83023046
104817.7,0.01562812,2025-05-13 19:42:43,1747165363.3015225,sell,market,83023047
104817.8,0.00109831,2025-05-13 19:42:54,1747165374.5244498,buy,limit,83023048
104817.8,0.00502758,2025-05-13 19:42:55,1747165375.6449227,buy,market,83023049
104817.8,0.01908073,2025-05-13 19:42:57,1747165377.4818182,buy,market,83023050
104817.8,9.308e-05,2025-05-13 19:42:58,1747165378.8001237,buy,limit,83023051
104817.8,0.00143688,2025-05-13 19:43:00,1747165380.1162345,buy,limit,83023052
104817.7,9.3e-06,2025-05-13 19:43:02,1747165382.5549214,sell,limit,83023054
104817.7,0.0004687,2025-05-13 19:43:02,1747165382.5549214,sell,limit,83023053
104817.7,9.07e-05,2025-05-13 19:43:08,1747165388.3847504,sell,limit,83023055
104817.7,0.0001,2025-05-13 19:43:08,1747165388.3847504,sell,limit,83023056
104817.7,0.0022093,2025-05-13 19:43:08,1747165388.3847504,sell,limit,83023057
104817.7,0.00059746,2025-05-13 19:43:08,1747165388.862643,sell,market,83023058
104817.7,0.57911268,2025-05-13 19:43:08,1747165388.8626432,sell,market,83023059
104817.8,0.03040743,2025-05-13 19:43:13,1747165393.0082042,buy,market,83023060
104817.8,9.542e-05,2025-05-13 19:43:14,1747165394.53238,buy,limit,83023061
104817.8,4.36e-06,2025-05-13 19:43:14,1747165394.5323803,buy,limit,83023062
104817.7,0.00047205,2025-05-13 19:43:17,1747165397.8451874,sell,limit,83023063
104817.7,7.5e-05,2025-05-13 19:43:17,1747165397.882746,sell,limit,83023064
104817.7,6.85e-05,2025-05-13 19:43:17,1747165397.8937743,sell,limit,83023065
104817.7,0.000384,2025-05-13 19:43:18,1747165398.1269615,sell,limit,83023066
104817.8,0.00064173,2025-05-13 19:43:18,1747165398.7918563,buy,limit,83023067
104817.7,0.00041058,2025-05-13 19:43:27,1747165407.7805398,sell,limit,83023068
104817.8,0.0001411,2025-05-13 19:43:29,1747165409.1942961,buy,market,83023069
104817.7,0.00429316,2025-05-13 19:43:29,1747165409.8955846,sell,market,83023070
104817.7,0.00014668,2025-05-13 19:43:30,1747165410.2560985,sell,limit,83023071
104817.8,0.00019699,2025-05-13 19:43:31,1747165411.5965478,buy,limit,83023072
104817.8,0.00095404,2025-05-13 19:43:38,1747165418.0304177,buy,limit,83023073
104817.7,0.02419148,2025-05-13 19:43:50,1747165430.468776,sell,limit,83023074
104817.7,5.955e-05,2025-05-13 19:43:52,1747165432.4067225,sell,limit,83023075
104817.8,0.00018615,2025-05-13 19:43:57,1747165437.2351882,buy,limit,83023076
104817.7,0.00476821,2025-05-13 19:43:57,1747165437.7830937,sell,market,83023077
104817.8,0.01438174,2025-05-13 19:44:02,1747165442.0424263,buy,market,83023078
104817.8,0.0035,2025-05-13 19:44:02,1747165442.0424263,buy,market,83023079
104817.8,0.00041977,2025-05-13 19:44:02,1747165442.0424263,buy,market,83023080
104817.8,0.00169849,2025-05-13 19:44:02,1747165442.0424263,buy,market,83023081
104817.7,0.09540373,2025-05-13 19:44:02,1747165442.9965527,sell,limit,83023082
104817.8,0.00032018,2025-05-13 19:44:03,1747165443.1242704,buy,limit,83023083
104817.7,0.00047701,2025-05-13 19:44:05,1747165445.1891599,sell,market,83023084
104817.8,0.1313488,2025-05-13 19:44:06,1747165446.3084877,buy,limit,83023085
104817.8,0.5,2025-05-13 19:44:06,1747165446.3084877,buy,limit,83023086
104818.0,0.31529063,2025-05-13 19:44:06,1747165446.308488,buy,limit,83023088
104817.8,0.01650611,2025-05-13 19:44:06,1747165446.308488,buy,limit,83023087
104818.0,0.95249224,2025-05-13 19:44:06,1747165446.3103452,buy,limit,83023089
104818.0,0.73221713,2025-05-13 19:44:06,1747165446.3127136,buy,limit,83023090
104819.1,5.14e-05,2025-05-13 19:44:06,1747165446.3598828,buy,limit,83023091
104820.8,5.5e-05,2025-05-13 19:44:06,1747165446.3729858,buy,limit,83023092
104822.8,0.00119998,2025-05-13 19:44:06,1747165446.3729858,buy,limit,83023093
104852.1,5.14e-05,2025-05-13 19:44:06,1747165446.372986,buy,limit,83023110
104850.2,0.00028802,2025-05-13 19:44:06,1747165446.372986,buy,limit,83023109
104850.0,0.04833864,2025-05-13 19:44:06,1747165446.372986,buy,limit,83023108
104849.2,0.1,2025-05-13 19:44:06,1747165446.372986,buy,limit,83023107
104848.9,0.00916518,2025-05-13 19:44:06,1747165446.372986,buy,limit,83023106
104848.7,0.00059731,2025-05-13 19:44:06,1747165446.372986,buy,limit,83023105
104847.9,0.00095585,2025-05-13 19:44:06,1747165446.372986,buy,limit,83023103
104845.5,5.075e-05,2025-05-13 19:44:06,1747165446.372986,buy,limit,83023102
104848.0,0.5,2025-05-13 19:44:06,1747165446.372986,buy,limit,83023104
104842.9,9.54e-05,2025-05-13 19:44:06,1747165446.372986,buy,limit,83023100
104843.0,0.01783691,2025-05-13 19:44:06,1747165446.372986,buy,limit,83023101
104841.1,5.137e-05,2025-05-13 19:44:06,1747165446.372986,buy,limit,83023099
104840.0,0.001,2025-05-13 19:44:06,1747165446.372986,buy,limit,83023098
104830.4,0.01771555,2025-05-13 19:44:06,1747165446.372986,buy,limit,83023097
104830.1,0.00024297,2025-05-13 19:44:06,1747165446.372986,buy,limit,83023096
104830.1,5.137e-05,2025-05-13 19:44:06,1747165446.372986,buy,limit,83023095
104827.4,5.189e-05,2025-05-13 19:44:06,1747165446.372986,buy,limit,83023094
104868.2,0.01770725,2025-05-13 19:44:06,1747165446.3729863,buy,limit,83023117
104866.8,0.00079974,2025-05-13 19:44:06,1747165446.3729863,buy,limit,83023116
104863.4,0.03286599,2025-05-13 19:44:06,1747165446.3729863,buy,limit,83023115
104863.4,0.00674881,2025-05-13 19:44:06,1747165446.3729863,buy,limit,83023114
104863.1,5.137e-05,2025-05-13 19:44:06,1747165446.3729863,buy,limit,83023113
104862.7,0.01275477,2025-05-13 19:44:06,1747165446.3729863,buy,limit,83023112
104855.6,0.01771001,2025-05-13 19:44:06,1747165446.3729863,buy,limit,83023111
104894.6,0.01491616,2025-05-13 19:44:06,1747165446.3739562,buy,limit,83023133
104894.7,0.01016009,2025-05-13 19:44:06,1747165446.3739562,buy,limit,83023134
104893.9,0.02184,2025-05-13 19:44:06,1747165446.3739562,buy,limit,83023132
104893.3,0.01770174,2025-05-13 19:44:06,1747165446.3739562,buy,limit,83023131
104888.5,0.00024016,2025-05-13 19:44:06,1747165446.3739562,buy,limit,83023130
104888.1,0.00066709,2025-05-13 19:44:06,1747165446.3739562,buy,limit,83023129
104888.0,0.2,2025-05-13 19:44:06,1747165446.3739562,buy,limit,83023128
104888.0,1.0,2025-05-13 19:44:06,1747165446.3739562,buy,limit,83023127
104880.7,0.01756399,2025-05-13 19:44:06,1747165446.3739562,buy,limit,83023119
104886.8,0.001007,2025-05-13 19:44:06,1747165446.3739562,buy,limit,83023125
104885.2,0.00075514,2025-05-13 19:44:06,1747165446.3739562,buy,limit,83023124
104885.0,0.05721,2025-05-13 19:44:06,1747165446.3739562,buy,limit,83023123
104884.3,0.00124587,2025-05-13 19:44:06,1747165446.3739562,buy,limit,83023122
104881.3,0.02863746,2025-05-13 19:44:06,1747165446.3739562,buy,limit,83023121
104880.9,0.00081402,2025-05-13 19:44:06,1747165446.3739562,buy,limit,83023120
104876.1,0.00024316,2025-05-13 19:44:06,1747165446.3739562,buy,limit,83023118
104887.3,0.00033368,2025-05-13 19:44:06,1747165446.3739562,buy,limit,83023126
104896.8,0.0012987,2025-05-13 19:44:06,1747165446.3739564,buy,limit,83023135
104898.0,0.46433967,2025-05-13 19:44:06,1747165446.3739564,buy,limit,83023136
104898.0,5.14e-05,2025-05-13 19:44:06,1747165446.3765342,buy,limit,83023137
104898.0,0.01771001,2025-05-13 19:44:06,1747165446.386928,buy,limit,83023138
104898.0,0.01789892,2025-05-13 19:44:06,1747165446.3870127,buy,limit,83023139
104898.0,0.03452202,2025-05-13 19:44:06,1747165446.3870127,buy,limit,83023140
104866.6,9.54e-06,2025-05-13 19:44:06,1747165446.7942343,sell,limit,83023141
104866.6,0.0009577,2025-05-13 19:44:07,1747165447.798503,sell,market,83023142
104866.7,9.54e-05,2025-05-13 19:44:10,1747165450.3275864,buy,market,83023143
104866.7,9.395e-05,2025-05-13 19:44:11,1747165451.0441408,buy,limit,83023144
104866.7,0.00248784,2025-05-13 19:44:12,1747165452.0924897,buy,limit,83023146
104866.7,0.01641216,2025-05-13 19:44:12,1747165452.0924897,buy,limit,83023145
104866.7,0.00093013,2025-05-13 19:44:12,1747165452.266881,buy,limit,83023147
104866.7,8.203e-05,2025-05-13 19:44:13,1747165453.3705451,buy,limit,83023148
104866.7,9.54e-05,2025-05-13 19:44:13,1747165453.3705451,buy,limit,83023149
104873.9,0.00118818,2025-05-13 19:44:15,1747165455.7811484,sell,limit,83023150
104874.0,5e-05,2025-05-13 19:44:16,1747165456.8188496,buy,market,83023151
104873.9,0.0003,2025-05-13 19:44:18,1747165458.6756217,sell,market,83023152
104873.9,0.38,2025-05-13 19:44:21,1747165461.5038333,sell,limit,83023156
104873.9,0.135,2025-05-13 19:44:21,1747165461.5038333,sell,limit,83023155
104873.9,0.00166367,2025-05-13 19:44:21,1747165461.5038333,sell,limit,83023153
104873.9,0.01907052,2025-05-13 19:44:21,1747165461.5038333,sell,limit,83023154
104873.9,1.33751888,2025-05-13 19:44:21,1747165461.5038335,sell,limit,83023157
104873.9,0.0005335,2025-05-13 19:44:23,1747165463.7830138,sell,limit,83023158
104874.0,1.37e-06,2025-05-13 19:44:23,1747165463.8823302,buy,limit,83023159
104874.0,9.536e-05,2025-05-13 19:44:23,1747165463.8823302,buy,limit,83023160
104874.0,0.01650611,2025-05-13 19:44:23,1747165463.8823302,buy,limit,83023161
104874.0,0.00211973,2025-05-13 19:44:23,1747165463.8823302,buy,limit,83023162
104873.9,0.01320657,2025-05-13 19:44:28,1747165468.6498938,sell,limit,83023163
104873.9,0.00014068,2025-05-13 19:44:31,1747165471.2283347,sell,limit,83023164
104873.9,0.00175932,2025-05-13 19:44:39,1747165479.6356585,sell,limit,83023165
104873.9,0.00609658,2025-05-13 19:44:39,1747165479.6356585,sell,limit,83023166
104873.9,0.006,2025-05-13 19:44:39,1747165479.7389793,sell,limit,83023167
104873.9,0.00038141,2025-05-13 19:44:39,1747165479.8124924,sell,market,83023168
104874.0,0.00416399,2025-05-13 19:44:41,1747165481.7590985,buy,limit,83023171
104874.0,0.00138027,2025-05-13 19:44:41,1747165481.7590985,buy,limit,83023169
104874.0,9.536e-05,2025-05-13 19:44:41,1747165481.7590985,buy,limit,83023170
104874.0,0.0012,2025-05-13 19:44:45,1747165485.4542847,buy,limit,83023172
104874.0,0.0001,2025-05-13 19:44:46,1747165486.4448884,buy,limit,83023173
104874.0,0.00209804,2025-05-13 19:44:47,1747165487.4144168,buy,market,83023174
104874.0,0.00894408,2025-05-13 19:44:47,1747165487.8081574,buy,limit,83023175
104874.0,0.00815592,2025-05-13 19:44:47,1747165487.8081574,buy,limit,83023176
104873.9,0.00101,2025-05-13 19:44:48,1747165488.7036781,sell,limit,83023177
104874.0,3.128e-05,2025-05-13 19:44:55,1747165495.0433762,buy,limit,83023178
104874.0,0.21791785,2025-05-13 19:44:55,1747165495.0722008,buy,market,83023179
104874.0,0.01507034,2025-05-13 19:44:55,1747165495.4241447,buy,market,83023180
104874.0,0.00017849,2025-05-13 19:44:57,1747165497.5898407,buy,limit,83023181
104874.0,0.0953,2025-05-13 19:44:59,1747165499.6303992,buy,limit,83023182
104874.0,0.0009381,2025-05-13 19:45:00,1747165500.5882418,buy,limit,83023184
104874.0,0.0397,2025-05-13 19:45:00,1747165500.5882418,buy,limit,83023183
104874.0,0.03056043,2025-05-13 19:45:00,1747165500.588242,buy,limit,83023189
104874.0,0.004,2025-05-13 19:45:00,1747165500.588242,buy,limit,83023188
104874.0,9.536e-05,2025-05-13 19:45:00,1747165500.588242,buy,limit,83023185
104874.0,0.01650611,2025-05-13 19:45:00,1747165500.588242,buy,limit,83023186
104874.0,0.0035,2025-05-13 19:45:00,1747165500.588242,buy,limit,83023187
104874.2,0.00137457,2025-05-13 19:45:02,1747165502.9584868,sell,limit,83023190
104874.2,0.0144784,2025-05-13 19:45:02,1747165502.9584868,sell,limit,83023191
104874.3,0.00281829,2025-05-13 19:45:04,1747165504.9778228,buy,limit,83023192
104874.3,0.00093943,2025-05-13 19:45:07,1747165507.4535983,buy,limit,83023193
104874.3,9.647e-05,2025-05-13 19:45:10,1747165510.4147193,buy,market,83023194
104874.3,0.00242771,2025-05-13 19:45:15,1747165515.937505,buy,limit,83023195
104874.3,0.00018605,2025-05-13 19:45:16,1747165516.4911592,buy,limit,83023196
104874.3,9.535e-05,2025-05-13 19:45:22,1747165522.5069613,buy,market,83023198
104874.3,0.00052767,2025-05-13 19:45:22,1747165522.5069613,buy,market,83023199
104874.3,0.00153205,2025-05-13 19:45:22,1747165522.5069613,buy,market,83023197
104874.3,0.00210942,2025-05-13 19:45:22,1747165522.5069613,buy,market,83023200
104874.2,0.0291063,2025-05-13 19:45:23,1747165523.4851017,sell,limit,83023201
104874.2,0.00075,2025-05-13 19:45:25,1747165525.4788735,sell,limit,83023202
104874.2,0.09537434,2025-05-13 19:45:25,1747165525.8675914,sell,limit,83023203
104874.2,0.007061,2025-05-13 19:45:30,1747165530.7462509,sell,limit,83023204
104874.2,0.0019,2025-05-13 19:45:30,1747165530.746251,sell,limit,83023205
104874.2,0.00922402,2025-05-13 19:45:30,1747165530.746251,sell,limit,83023206
104874.2,0.0001,2025-05-13 19:45:30,1747165530.746251,sell,limit,83023207
104874.2,0.0001,2025-05-13 19:45:30,1747165530.746251,sell,limit,83023208
104874.2,0.0006,2025-05-13 19:45:30,1747165530.746251,sell,limit,83023209
104874.2,0.04,2025-05-13 19:45:30,1747165530.746251,sell,limit,83023210
104874.2,0.02863746,2025-05-13 19:45:30,1747165530.746251,sell,limit,83023211
104874.2,0.00772985,2025-05-13 19:45:30,1747165530.746251,sell,limit,83023212
104874.3,0.000832,2025-05-13 19:45:30,1747165530.7503402,buy,limit,83023213
104874.3,0.00088678,2025-05-13 19:45:30,1747165530.9368613,buy,market,83023214
104874.2,0.00392889,2025-05-13 19:45:36,1747165536.4791334,sell,limit,83023215
104874.3,0.00768248,2025-05-13 19:45:43,1747165543.2270331,buy,limit,83023219
104874.3,9.535e-05,2025-05-13 19:45:43,1747165543.2270331,buy,limit,83023218
104874.3,0.01215024,2025-05-13 19:45:43,1747165543.2270331,buy,limit,83023216
104874.3,0.0035,2025-05-13 19:45:43,1747165543.2270331,buy,limit,83023217
104874.3,0.00331752,2025-05-13 19:45:43,1747165543.4372895,buy,limit,83023220
104874.3,0.01668248,2025-05-13 19:45:43,1747165543.4372895,buy,limit,83023221
104884.3,0.00014497,2025-05-13 19:45:45,1747165545.5127134,buy,market,83023226
104881.9,9.535e-05,2025-05-13 19:45:45,1747165545.5127134,buy,market,83023222
104881.9,0.01716821,2025-05-13 19:45:45,1747165545.5127134,buy,market,83023223
104881.9,0.01650611,2025-05-13 19:45:45,1747165545.5127134,buy,market,83023224
104884.3,0.01250011,2025-05-13 19:45:45,1747165545.5127134,buy,market,83023225
104900.4,0.00477786,2025-05-13 19:45:45,1747165545.5127137,buy,market,83023238
104900.4,0.00478549,2025-05-13 19:45:45,1747165545.5127137,buy,market,83023239
104902.3,0.00056043,2025-05-13 19:45:45,1747165545.5127137,buy,market,83023240
104900.2,0.0683,2025-05-13 19:45:45,1747165545.5127137,buy,market,83023237
104903.3,0.0439916,2025-05-13 19:45:45,1747165545.5127137,buy,market,83023242
104905.0,0.93734769,2025-05-13 19:45:45,1747165545.5127137,buy,market,83023243
104903.3,0.1540716,2025-05-13 19:45:45,1747165545.5127137,buy,market,83023241
104900.0,0.365104,2025-05-13 19:45:45,1747165545.5127137,buy,market,83023236
104898.9,0.00916082,2025-05-13 19:45:45,1747165545.5127137,buy,market,83023233
104900.0,0.00714966,2025-05-13 19:45:45,1747165545.5127137,buy,market,83023234
104900.0,0.00238322,2025-05-13 19:45:45,1747165545.5127137,buy,market,83023235
104898.6,0.001331,2025-05-13 19:45:45,1747165545.5127137,buy,market,83023232
104897.0,0.38132644,2025-05-13 19:45:45,1747165545.5127137,buy,market,83023231
104896.0,5.137e-05,2025-05-13 19:45:45,1747165545.5127137,buy,market,83023230
104888.0,0.00275806,2025-05-13 19:45:45,1747165545.5127137,buy,market,83023229
104885.0,0.00024297,2025-05-13 19:45:45,1747165545.5127137,buy,market,83023228
104885.0,5.137e-05,2025-05-13 19:45:45,1747165545.5127137,buy,market,83023227
104886.8,0.01276214,2025-05-13 19:45:48,1747165548.103724,sell,limit,83023244
104886.9,9.535e-05,2025-05-13 19:45:50,1747165550.5006266,buy,market,83023245
104886.9,0.0035,2025-05-13 19:45:50,1747165550.5006266,buy,market,83023246
104918.0,0.0190625,2025-05-13 19:45:50,1747165550.5006268,buy,market,83023260
104918.0,5.14e-05,2025-05-13 19:45:50,1747165550.5006268,buy,market,83023259
104917.5,0.00040661,2025-05-13 19:45:50,1747165550.5006268,buy,market,83023258
104918.5,0.01431768,2025-05-13 19:45:50,1747165550.5006268,buy,market,83023261
104911.6,0.00621,2025-05-13 19:45:50,1747165550.5006268,buy,market,83023257
104911.6,0.00026,2025-05-13 19:45:50,1747165550.5006268,buy,market,83023256
104911.6,0.00305,2025-05-13 19:45:50,1747165550.5006268,buy,market,83023255
104907.0,5.14e-05,2025-05-13 19:45:50,1747165550.5006268,buy,market,83023250
104910.0,0.00601,2025-05-13 19:45:50,1747165550.5006268,buy,market,83023253
104907.7,0.001384,2025-05-13 19:45:50,1747165550.5006268,buy,market,83023252
104907.4,0.0002,2025-05-13 19:45:50,1747165550.5006268,buy,market,83023251
104906.1,0.01650611,2025-05-13 19:45:50,1747165550.5006268,buy,market,83023249
104905.9,0.01769897,2025-05-13 19:45:50,1747165550.5006268,buy,market,83023248
104905.7,0.1,2025-05-13 19:45:50,1747165550.5006268,buy,market,83023247
104910.6,0.0018676,2025-05-13 19:45:50,1747165550.5006268,buy,market,83023254
104915.9,5e-05,2025-05-13 19:45:54,1747165554.5603673,sell,market,83023262
104918.5,0.00337853,2025-05-13 19:45:55,1747165555.1723325,buy,market,83023264
104916.0,9.534e-05,2025-05-13 19:45:55,1747165555.1723325,buy,market,83023263
104924.2,0.00109239,2025-05-13 19:45:55,1747165555.1723328,buy,market,83023266
104925.4,0.00267903,2025-05-13 19:45:55,1747165555.1723328,buy,market,83023267
104918.6,0.00043756,2025-05-13 19:45:55,1747165555.1723328,buy,market,83023265
104925.3,0.00096173,2025-05-13 19:45:57,1747165557.692723,sell,limit,83023268
104925.3,0.00399211,2025-05-13 19:45:57,1747165557.692723,sell,limit,83023269
104925.3,0.00040027,2025-05-13 19:46:03,1747165563.0963502,sell,limit,83023270
104925.3,8.336e-05,2025-05-13 19:46:03,1747165563.1089966,sell,limit,83023271
104925.3,0.00010655,2025-05-13 19:46:03,1747165563.151871,sell,limit,83023272
104925.3,0.01816556,2025-05-13 19:46:03,1747165563.1613624,sell,limit,83023273
104925.3,0.00029952,2025-05-13 19:46:03,1747165563.1770334,sell,limit,83023274
104925.3,0.00031786,2025-05-13 19:46:03,1747165563.1910532,sell,limit,83023275
104925.3,0.04190309,2025-05-13 19:46:03,1747165563.2011101,sell,limit,83023276
104925.4,9.532e-05,2025-05-13 19:46:04,1747165564.3354607,buy,limit,83023277
104925.4,0.00083456,2025-05-13 19:46:04,1747165564.335461,buy,limit,83023278
104925.3,0.09328823,2025-05-13 19:46:04,1747165564.4146671,sell,limit,83023279
104935.2,0.06187654,2025-05-13 19:46:09,1747165569.6620324,buy,market,83023289
104934.0,0.00039477,2025-05-13 19:46:09,1747165569.6620324,buy,market,83023288
104931.1,0.01769345,2025-05-13 19:46:09,1747165569.6620324,buy,market,83023287
104929.0,5.141e-05,2025-05-13 19:46:09,1747165569.6620324,buy,market,83023286
104928.3,0.00144965,2025-05-13 19:46:09,1747165569.6620324,buy,market,83023285
104925.4,9.532e-05,2025-05-13 19:46:09,1747165569.6620324,buy,market,83023281
104925.4,0.04,2025-05-13 19:46:09,1747165569.6620324,buy,market,83023283
104925.4,0.01650611,2025-05-13 19:46:09,1747165569.6620324,buy,market,83023282
104925.4,0.00266544,2025-05-13 19:46:09,1747165569.6620324,buy,market,83023280
104925.4,0.004,2025-05-13 19:46:09,1747165569.6620324,buy,market,83023284
104925.5,0.00190231,2025-05-13 19:46:15,1747165575.9935427,buy,limit,83023290
104925.4,0.0001,2025-05-13 19:46:16,1747165576.926995,sell,limit,83023291
104925.4,0.0001,2025-05-13 19:46:16,1747165576.926995,sell,limit,83023292
104925.4,0.0017539,2025-05-13 19:46:16,1747165576.926995,sell,limit,83023293
104925.5,0.00451854,2025-05-13 19:46:17,1747165577.1075158,buy,limit,83023295
104925.5,9.531e-05,2025-05-13 19:46:17,1747165577.1075158,buy,limit,83023294
104925.5,0.00020767,2025-05-13 19:46:17,1747165577.200306,buy,market,83023296
104925.5,8.407e-05,2025-05-13 19:46:18,1747165578.761972,buy,limit,83023297
104925.5,0.0035,2025-05-13 19:46:29,1747165589.5821881,buy,market,83023298
104925.5,9.531e-05,2025-05-13 19:46:29,1747165589.5821881,buy,market,83023299
104925.5,0.01650611,2025-05-13 19:46:29,1747165589.5821881,buy,market,83023300
104938.8,0.01670223,2025-05-13 19:46:29,1747165589.5821881,buy,market,83023301
104938.7,8.712e-05,2025-05-13 19:46:31,1747165591.650431,buy,limit,83023302
104938.6,0.00019136,2025-05-13 19:46:33,1747165593.4460251,sell,market,83023303
104938.6,0.01357631,2025-05-13 19:46:36,1747165596.305464,sell,limit,83023304
104938.7,0.00019058,2025-05-13 19:46:36,1747165596.3781726,buy,market,83023305
104938.7,0.00380942,2025-05-13 19:46:36,1747165596.8662248,buy,limit,83023306
104938.7,0.09139058,2025-05-13 19:46:36,1747165596.8662248,buy,limit,83023307
104938.7,0.25,2025-05-13 19:46:38,1747165598.1496465,buy,market,83023308
104938.6,0.00097477,2025-05-13 19:46:41,1747165601.745786,sell,market,83023309
104938.7,0.0009013,2025-05-13 19:46:46,1747165606.0597644,buy,limit,83023310
104938.7,0.00074128,2025-05-13 19:46:46,1747165606.7534459,buy,market,83023312
104938.7,9.531e-05,2025-05-13 19:46:46,1747165606.7534459,buy,market,83023311
104938.7,0.00275872,2025-05-13 19:46:48,1747165608.6195667,buy,limit,83023313
104938.7,9.531e-05,2025-05-13 19:46:48,1747165608.619567,buy,limit,83023314
104938.7,0.00756407,2025-05-13 19:46:48,1747165608.619567,buy,limit,83023315
104938.7,5e-05,2025-05-13 19:46:50,1747165610.0129905,buy,limit,83023316
104938.7,0.00473372,2025-05-13 19:46:53,1747165613.7536607,buy,market,83023317
104938.7,9.531e-05,2025-05-13 19:46:56,1747165616.390921,buy,limit,83023318
104938.7,0.00079031,2025-05-13 19:46:56,1747165616.390921,buy,limit,83023319
104938.6,0.0001,2025-05-13 19:46:57,1747165617.8428967,sell,limit,83023320
104938.6,0.0001,2025-05-13 19:46:57,1747165617.8428967,sell,limit,83023321
104938.6,0.0007,2025-05-13 19:46:57,1747165617.8428967,sell,limit,83023322
104938.6,7.676e-05,2025-05-13 19:46:57,1747165617.8428967,sell,limit,83023323
104938.7,0.00088581,2025-05-13 19:46:58,1747165618.5647905,buy,limit,83023324
104938.6,0.00013716,2025-05-13 19:46:58,1747165618.5992908,sell,limit,83023325
104938.7,0.000838,2025-05-13 19:47:02,1747165622.6220765,buy,limit,83023326
104938.7,0.00269738,2025-05-13 19:47:05,1747165625.9306228,buy,market,83023327
104938.7,0.0103274,2025-05-13 19:47:06,1747165626.6371953,buy,limit,83023328
104938.7,9.531e-05,2025-05-13 19:47:06,1747165626.9502378,buy,limit,83023329
104938.7,0.0035,2025-05-13 19:47:06,1747165626.9502378,buy,limit,83023330
104938.8,0.04995959,2025-05-13 19:47:08,1747165628.6760888,buy,market,83023331
104938.8,9.53e-05,2025-05-13 19:47:08,1747165628.6760888,buy,market,83023332
104938.8,0.008,2025-05-13 19:47:08,1747165628.6760888,buy,market,83023333
104939.3,0.00122309,2025-05-13 19:47:08,1747165628.6760888,buy,market,83023334
104939.9,5.14e-05,2025-05-13 19:47:08,1747165628.6760888,buy,market,83023335
104939.9,0.00024297,2025-05-13 19:47:08,1747165628.6760888,buy,market,83023336
104943.0,0.00032205,2025-05-13 19:47:08,1747165628.6760888,buy,market,83023337
104943.7,0.01769069,2025-05-13 19:47:08,1747165628.6760888,buy,market,83023338
104947.0,5.5e-05,2025-05-13 19:47:08,1747165628.6760888,buy,market,83023339
104947.0,0.01671303,2025-05-13 19:47:08,1747165628.6760888,buy,market,83023340
104938.7,4.69e-06,2025-05-13 19:47:09,1747165629.3318753,sell,limit,83023341
104938.7,0.00017838,2025-05-13 19:47:09,1747165629.3318753,sell,limit,83023342
104938.8,9.529e-05,2025-05-13 19:47:11,1747165631.553095,buy,market,83023343
104938.8,0.01650611,2025-05-13 19:47:11,1747165631.5530953,buy,market,83023344
104938.8,0.1833986,2025-05-13 19:47:11,1747165631.5530953,buy,market,83023345
104938.7,9.122e-05,2025-05-13 19:47:16,1747165636.7885292,sell,market,83023346
104938.8,9.529e-05,2025-05-13 19:47:18,1747165638.8633122,buy,limit,83023347
104938.8,0.01260471,2025-05-13 19:47:18,1747165638.8633122,buy,limit,83023348
104938.8,0.0035,2025-05-13 19:47:22,1747165642.9285517,buy,limit,83023349
104938.8,9.529e-05,2025-05-13 19:47:22,1747165642.9285517,buy,limit,83023350
104938.8,0.00586314,2025-05-13 19:47:22,1747165642.9285517,buy,limit,83023351
104938.8,0.01064297,2025-05-13 19:47:25,1747165645.8859553,buy,limit,83023352
104938.8,9.529e-05,2025-05-13 19:47:25,1747165645.8859553,buy,limit,83023353
104947.0,0.00358838,2025-05-13 19:47:25,1747165645.8859553,buy,limit,83023354
104946.9,0.00019854,2025-05-13 19:47:31,1747165651.1762035,sell,limit,83023355
104947.0,0.0127,2025-05-13 19:47:31,1747165651.21074,buy,limit,83023356
104947.0,0.0127,2025-05-13 19:47:32,1747165652.3411152,buy,limit,83023357
104947.0,0.0127,2025-05-13 19:47:33,1747165653.8525128,buy,limit,83023358
104947.0,0.002,2025-05-13 19:47:36,1747165656.1412156,buy,market,83023359
104947.0,0.00093878,2025-05-13 19:47:36,1747165656.8079638,buy,limit,83023360
104947.0,0.0055,2025-05-13 19:47:37,1747165657.4395251,buy,market,83023361
104947.0,0.00020286,2025-05-13 19:47:38,1747165658.3774738,buy,market,83023362
104947.0,0.04,2025-05-13 19:47:40,1747165660.5359118,buy,market,83023363
104947.0,0.01882294,2025-05-13 19:47:44,1747165664.941391,buy,market,83023364
104946.9,0.0014287,2025-05-13 19:47:46,1747165666.8354838,sell,market,83023365
104947.0,0.04,2025-05-13 19:47:46,1747165666.8355985,buy,market,83023366
104947.0,0.03811479,2025-05-13 19:47:46,1747165666.835741,buy,market,83023367
104947.0,0.04,2025-05-13 19:47:46,1747165666.835741,buy,market,83023368
104947.0,0.00019267,2025-05-13 19:47:46,1747165666.835741,buy,market,83023369
104947.0,0.00033718,2025-05-13 19:47:46,1747165666.835741,buy,market,83023370
104947.0,0.09315772,2025-05-13 19:47:46,1747165666.8357413,buy,market,83023377
104947.0,0.00023729,2025-05-13 19:47:46,1747165666.8357413,buy,market,83023376
104947.0,0.00052966,2025-05-13 19:47:46,1747165666.8357413,buy,market,83023374
104947.0,0.00024085,2025-05-13 19:47:46,1747165666.8357413,buy,market,83023375
104947.0,0.00289,2025-05-13 19:47:46,1747165666.8357413,buy,market,83023372
104947.0,0.00140984,2025-05-13 19:47:46,1747165666.8357413,buy,market,83023371
104947.0,0.00289,2025-05-13 19:47:46,1747165666.8357413,buy,market,83023373
104947.0,0.00023822,2025-05-13 19:47:47,1747165667.3896024,buy,market,83023378
104947.0,0.00355993,2025-05-13 19:47:51,1747165671.3606036,buy,limit,83023379
104947.0,0.00345874,2025-05-13 19:47:52,1747165672.3295803,buy,market,83023380
104947.0,0.00457374,2025-05-13 19:47:58,1747165678.1089864,buy,market,83023381
104947.0,0.00023822,2025-05-13 19:48:01,1747165681.1518388,buy,market,83023382
104946.9,0.00846342,2025-05-13 19:48:02,1747165682.759553,sell,limit,83023383
104947.0,0.1,2025-05-13 19:48:02,1747165682.8207762,buy,limit,83023384
104946.9,0.02493702,2025-05-13 19:48:05,1747165685.3624377,sell,market,83023393
104946.9,0.06845889,2025-05-13 19:48:05,1747165685.3624377,sell,market,83023398
104946.9,0.045589,2025-05-13 19:48:05,1747165685.3624377,sell,market,83023396
104946.9,5e-05,2025-05-13 19:48:05,1747165685.3624377,sell,market,83023395
104946.9,0.01943198,2025-05-13 19:48:05,1747165685.3624377,sell,market,83023394
104946.9,5e-05,2025-05-13 19:48:05,1747165685.3624377,sell,market,83023392
104946.9,0.000323,2025-05-13 19:48:05,1747165685.3624377,sell,market,83023397
104946.9,0.00061,2025-05-13 19:48:05,1747165685.3624377,sell,market,83023390
104946.9,0.0004048,2025-05-13 19:48:05,1747165685.3624377,sell,market,83023389
104946.9,0.000104,2025-05-13 19:48:05,1747165685.3624377,sell,market,83023388
104946.9,0.00034356,2025-05-13 19:48:05,1747165685.3624377,sell,market,83023387
104946.9,0.00097381,2025-05-13 19:48:05,1747165685.3624377,sell,market,83023386
104946.9,5e-05,2025-05-13 19:48:05,1747165685.3624377,sell,market,83023391
104946.9,0.03867394,2025-05-13 19:48:05,1747165685.3624377,sell,market,83023385
104946.9,0.00764484,2025-05-13 19:48:05,1747165685.362438,sell,market,83023418
104946.9,5.262e-05,2025-05-13 19:48:05,1747165685.362438,sell,market,83023417
104946.9,5e-05,2025-05-13 19:48:05,1747165685.362438,sell,market,83023416
104946.9,6.047e-05,2025-05-13 19:48:05,1747165685.362438,sell,market,83023415
104946.9,7.111e-05,2025-05-13 19:48:05,1747165685.362438,sell,market,83023414
104946.9,0.00023546,2025-05-13 19:48:05,1747165685.362438,sell,market,83023413
104946.9,0.00029564,2025-05-13 19:48:05,1747165685.362438,sell,market,83023412
104946.9,9.192e-05,2025-05-13 19:48:05,1747165685.362438,sell,market,83023411
104946.9,5e-05,2025-05-13 19:48:05,1747165685.362438,sell,market,83023410
104946.9,5e-05,2025-05-13 19:48:05,1747165685.362438,sell,market,83023409
104946.9,5e-05,2025-05-13 19:48:05,1747165685.362438,sell,market,83023399
104946.9,5e-05,2025-05-13 19:48:05,1747165685.362438,sell,market,83023407
104946.9,5e-05,2025-05-13 19:48:05,1747165685.362438,sell,market,83023406
104946.9,5e-05,2025-05-13 19:48:05,1747165685.362438,sell,market,83023405
104946.9,5e-05,2025-05-13 19:48:05,1747165685.362438,sell,market,83023404
104946.9,5e-05,2025-05-13 19:48:05,1747165685.362438,sell,market,83023403
104946.9,5e-05,2025-05-13 19:48:05,1747165685.362438,sell,market,83023402
104946.9,5e-05,2025-05-13 19:48:05,1747165685.362438,sell,market,83023401
104946.9,0.00050521,2025-05-13 19:48:05,1747165685.362438,sell,market,83023400
104946.9,5e-05,2025-05-13 19:48:05,1747165685.362438,sell,market,83023408
104946.9,0.0001,2025-05-13 19:48:05,1747165685.3624382,sell,market,83023431
104946.9,0.0006,2025-05-13 19:48:05,1747165685.3624382,sell,market,83023432
104946.9,0.03009948,2025-05-13 19:48:05,1747165685.3624382,sell,market,83023433
104946.9,0.0001,2025-05-13 19:48:05,1747165685.3624382,sell,market,83023430
104946.9,0.2,2025-05-13 19:48:05,1747165685.3624382,sell,market,83023435
104946.9,0.00215737,2025-05-13 19:48:05,1747165685.3624382,sell,market,83023436
104946.9,0.29784263,2025-05-13 19:48:05,1747165685.3624382,sell,market,83023437
104946.9,0.11110245,2025-05-13 19:48:05,1747165685.3624382,sell,market,83023434
104946.9,0.02821348,2025-05-13 19:48:05,1747165685.3624382,sell,market,83023429
104946.9,5e-05,2025-05-13 19:48:05,1747165685.3624382,sell,market,83023425
104946.9,0.00039094,2025-05-13 19:48:05,1747165685.3624382,sell,market,83023427
104946.9,0.01752247,2025-05-13 19:48:05,1747165685.3624382,sell,market,83023428
104946.9,5e-05,2025-05-13 19:48:05,1747165685.3624382,sell,market,83023420
104946.9,5e-05,2025-05-13 19:48:05,1747165685.3624382,sell,market,83023421
104946.9,5e-05,2025-05-13 19:48:05,1747165685.3624382,sell,market,83023422
104946.9,0.00196391,2025-05-13 19:48:05,1747165685.3624382,sell,market,83023419
104946.9,5e-05,2025-05-13 19:48:05,1747165685.3624382,sell,market,83023424
104946.9,5e-05,2025-05-13 19:48:05,1747165685.3624382,sell,market,83023426
104946.9,5e-05,2025-05-13 19:48:05,1747165685.3624382,sell,market,83023423
104946.9,0.2,2025-05-13 19:48:05,1747165685.3624384,sell,market,83023438
104946.9,5e-05,2025-05-13 19:48:05,1747165685.3649929,sell,market,83023439
104946.9,0.00371262,2025-05-13 19:48:05,1747165685.3652492,sell,market,83023440
104946.9,0.1,2025-05-13 19:48:05,1747165685.3653133,sell,market,83023441
104950.0,0.07179334,2025-05-13 19:48:05,1747165685.3654575,buy,market,83023449
104948.9,0.00915645,2025-05-13 19:48:05,1747165685.3654575,buy,market,83023447
104949.0,0.00015702,2025-05-13 19:48:05,1747165685.3654575,buy,market,83023448
104947.0,0.0035,2025-05-13 19:48:05,1747165685.3654575,buy,market,83023446
104947.0,9.529e-05,2025-05-13 19:48:05,1747165685.3654575,buy,market,83023443
104947.0,0.0035,2025-05-13 19:48:05,1747165685.3654575,buy,market,83023444
104947.0,0.04206516,2025-05-13 19:48:05,1747165685.3654575,buy,market,83023442
104947.0,0.00952861,2025-05-13 19:48:05,1747165685.3654575,buy,market,83023445
104946.9,0.00026492,2025-05-13 19:48:05,1747165685.3658323,sell,market,83023450
104946.9,0.00255895,2025-05-13 19:48:05,1747165685.3660061,sell,market,83023451
104946.9,0.00391695,2025-05-13 19:48:05,1747165685.3660061,sell,market,83023452
104946.9,0.0035241,2025-05-13 19:48:05,1747165685.3660061,sell,market,83023453
104946.9,0.038,2025-05-13 19:48:05,1747165685.3664322,sell,market,83023454
104950.0,0.0127,2025-05-13 19:48:05,1747165685.8440607,buy,limit,83023455
104950.0,0.00092962,2025-05-13 19:48:06,1747165686.8351774,buy,limit,83023456
104949.9,0.00124654,2025-05-13 19:48:07,1747165687.8457282,sell,limit,83023457
104949.9,0.00010372,2025-05-13 19:48:07,1747165687.8727555,sell,limit,83023458
104949.9,0.00028238,2025-05-13 19:48:07,1747165687.8850653,sell,limit,83023459
104949.9,0.00010372,2025-05-13 19:48:07,1747165687.8989005,sell,limit,83023460
104949.9,0.00027151,2025-05-13 19:48:07,1747165687.9119558,sell,limit,83023461
104949.9,0.00027151,2025-05-13 19:48:07,1747165687.9119558,sell,limit,83023461
104949.9,0.00212957,2025-05-13 19:48:07,1747165687.9423091,sell,limit,83023462
104949.9,0.04922749,2025-05-13 19:48:09,1747165689.3027399,sell,market,83023463
104949.9,0.04605879,2025-05-13 19:48:09,1747165689.3027399,sell,market,83023464
104957.0,0.00149795,2025-05-13 19:48:16,1747165696.088791,buy,market,83023473
104956.3,0.01768793,2025-05-13 19:48:16,1747165696.088791,buy,market,83023472
104955.8,0.01650611,2025-05-13 19:48:16,1747165696.088791,buy,market,83023471
104953.6,0.00059671,2025-05-13 19:48:16,1747165696.088791,buy,market,83023470
104950.0,9.528e-05,2025-05-13 19:48:16,1747165696.088791,buy,market,83023467
104950.9,5.137e-05,2025-05-13 19:48:16,1747165696.088791,buy,market,83023468
104958.0,0.02895297,2025-05-13 19:48:16,1747165696.088791,buy,market,83023474
104950.0,0.00037129,2025-05-13 19:48:16,1747165696.088791,buy,market,83023466
104950.0,0.01457704,2025-05-13 19:48:16,1747165696.088791,buy,market,83023465
104952.3,0.0138153,2025-05-13 19:48:16,1747165696.088791,buy,market,83023469
104958.0,0.00135769,2025-05-13 19:48:17,1747165697.55608,buy,limit,83023477
104958.0,0.02104703,2025-05-13 19:48:17,1747165697.55608,buy,limit,83023475
104958.0,9.528e-05,2025-05-13 19:48:17,1747165697.55608,buy,limit,83023476
104958.0,0.00214231,2025-05-13 19:48:18,1747165698.8898032,buy,limit,83023478
104958.0,9.528e-05,2025-05-13 19:48:18,1747165698.8898032,buy,limit,83023479
104959.9,0.00012691,2025-05-13 19:48:20,1747165700.1386802,sell,market,83023480
104959.9,0.00040188,2025-05-13 19:48:20,1747165700.2713227,sell,limit,83023481
104959.9,0.00025631,2025-05-13 19:48:20,1747165700.701354,sell,market,83023482
104960.0,2.581e-05,2025-05-13 19:48:21,1747165701.1379786,buy,limit,83023483
104959.9,4.722e-05,2025-05-13 19:48:22,1747165702.619626,sell,limit,83023484
104959.9,0.00021036,2025-05-13 19:48:24,1747165704.3324738,sell,limit,83023485
104959.9,0.01444895,2025-05-13 19:48:27,1747165707.3865879,sell,market,83023486
104959.9,0.01140105,2025-05-13 19:48:27,1747165707.3865879,sell,market,83023487
104960.0,0.00057193,2025-05-13 19:48:27,1747165707.821833,buy,limit,83023488
104959.9,0.02456862,2025-05-13 19:48:29,1747165709.0217726,sell,market,83023490
104959.9,0.02306862,2025-05-13 19:48:29,1747165709.0217726,sell,market,83023489
104960.0,0.02026241,2025-05-13 19:48:29,1747165709.4158785,buy,limit,83023491
104960.0,0.04739149,2025-05-13 19:48:34,1747165714.2698977,buy,limit,83023492
104959.9,0.0051987,2025-05-13 19:48:34,1747165714.4366298,sell,limit,83023493
104960.0,0.00103024,2025-05-13 19:48:37,1747165717.4746163,buy,market,83023494
104960.0,0.00555555,2025-05-13 19:48:37,1747165717.8863497,buy,market,83023495
104960.0,0.00890208,2025-05-13 19:48:39,1747165719.6144862,buy,limit,83023496
104960.0,0.00404826,2025-05-13 19:48:42,1747165722.090961,buy,limit,83023497
104959.9,0.00966165,2025-05-13 19:48:47,1747165727.392565,sell,market,83023498
104960.0,0.0127,2025-05-13 19:48:51,1747165731.052206,buy,limit,83023499
104960.0,0.00013943,2025-05-13 19:48:56,1747165736.0821798,buy,limit,83023500
104959.9,0.0070771,2025-05-13 19:48:56,1747165736.364704,sell,limit,83023501
104959.9,0.0009901,2025-05-13 19:48:59,1747165739.2622507,sell,limit,83023502
104960.0,0.00041396,2025-05-13 19:48:59,1747165739.6772418,buy,market,83023503
104960.0,0.0127,2025-05-13 19:49:02,1747165742.8281946,buy,limit,83023504
104960.0,0.00205175,2025-05-13 19:49:05,1747165745.0578005,buy,limit,83023505
104959.9,0.00121511,2025-05-13 19:49:07,1747165747.1781368,sell,market,83023506
104959.9,0.00047637,2025-05-13 19:49:08,1747165748.0572584,sell,market,83023507
104960.0,0.00714558,2025-05-13 19:49:12,1747165752.5470405,buy,market,83023508
104959.9,0.00990099,2025-05-13 19:49:12,1747165752.7500787,sell,limit,83023509
104960.0,0.0952,2025-05-13 19:49:14,1747165754.6345782,buy,limit,83023510
104960.0,0.00775542,2025-05-13 19:49:19,1747165759.0735557,buy,market,83023511
104960.0,0.02117878,2025-05-13 19:49:19,1747165759.6953263,buy,market,83023512
104960.0,9.527e-05,2025-05-13 19:49:19,1747165759.6953263,buy,market,83023513
104960.0,0.0035,2025-05-13 19:49:19,1747165759.6953263,buy,market,83023514
104960.0,0.00305322,2025-05-13 19:49:19,1747165759.6953263,buy,market,83023515
104959.9,0.02575942,2025-05-13 19:49:21,1747165761.5573683,sell,market,83023516
104959.9,0.01423867,2025-05-13 19:49:21,1747165761.5573683,sell,market,83023517
104960.0,0.00173818,2025-05-13 19:49:22,1747165762.0555165,buy,limit,83023518
104960.0,0.01171471,2025-05-13 19:49:26,1747165766.1489801,buy,limit,83023519
104960.0,0.00098529,2025-05-13 19:49:26,1747165766.1489801,buy,limit,83023520
104960.0,1.471e-05,2025-05-13 19:49:26,1747165766.9841104,buy,limit,83023521
104960.0,9.527e-05,2025-05-13 19:49:26,1747165766.9841104,buy,limit,83023522
104960.0,0.0035,2025-05-13 19:49:26,1747165766.9841104,buy,limit,83023523
104970.3,0.02706434,2025-05-13 19:49:30,1747165770.1786196,buy,market,83023529
104970.0,0.00047632,2025-05-13 19:49:30,1747165770.1786196,buy,market,83023528
104968.9,0.01768517,2025-05-13 19:49:30,1747165770.1786196,buy,market,83023527
104962.6,0.01650611,2025-05-13 19:49:30,1747165770.1786196,buy,market,83023526
104961.9,9.527e-05,2025-05-13 19:49:30,1747165770.1786196,buy,market,83023525
104961.9,5.137e-05,2025-05-13 19:49:30,1747165770.1786196,buy,market,83023524
104970.2,0.16054063,2025-05-13 19:49:31,1747165771.403277,sell,market,83023530
104970.2,0.01388,2025-05-13 19:49:31,1747165771.548702,sell,limit,83023531
104970.3,9.527e-05,2025-05-13 19:49:33,1747165773.4045644,buy,limit,83023532
104970.3,0.00028392,2025-05-13 19:49:33,1747165773.4045644,buy,limit,83023533
104970.3,0.00095265,2025-05-13 19:49:34,1747165774.3255546,buy,market,83023534
104970.3,0.0035,2025-05-13 19:49:37,1747165777.3995044,buy,limit,83023535
104970.3,0.00559002,2025-05-13 19:49:37,1747165777.3995047,buy,limit,83023536
104970.3,0.00056271,2025-05-13 19:49:38,1747165778.0459144,buy,market,83023537
104970.3,0.00028157,2025-05-13 19:49:54,1747165794.5286422,buy,limit,83023538
104970.3,0.01007181,2025-05-13 19:49:58,1747165798.9456425,buy,limit,83023539
104970.3,9.527e-05,2025-05-13 19:49:58,1747165798.9456425,buy,limit,83023540
104970.3,0.00253292,2025-05-13 19:49:58,1747165798.9456425,buy,limit,83023541
104970.3,0.0952,2025-05-13 19:49:59,1747165799.963202,buy,limit,83023542
104970.2,8.078e-05,2025-05-13 19:50:00,1747165800.0953267,sell,limit,83023543
104970.2,1.922e-05,2025-05-13 19:50:04,1747165804.140685,sell,limit,83023544
104970.2,0.0001,2025-05-13 19:50:04,1747165804.1406853,sell,limit,83023545
104970.2,0.00179082,2025-05-13 19:50:04,1747165804.1406853,sell,limit,83023546
104970.3,0.0035,2025-05-13 19:50:06,1747165806.7965453,buy,limit,83023547
104970.3,0.0136,2025-05-13 19:50:06,1747165806.7965453,buy,limit,83023548
104970.3,0.0051,2025-05-13 19:50:10,1747165810.4629347,buy,limit,83023549
104970.3,0.00044491,2025-05-13 19:50:13,1747165813.3661795,buy,limit,83023550
104970.2,0.02642266,2025-05-13 19:50:14,1747165814.7774205,sell,market,83023551
104970.2,0.0006,2025-05-13 19:50:14,1747165814.7774205,sell,market,83023552
104970.2,0.012,2025-05-13 19:50:14,1747165814.7774205,sell,market,83023553
104970.2,0.02858162,2025-05-13 19:50:14,1747165814.7774205,sell,market,83023554
104970.2,0.0007,2025-05-13 19:50:14,1747165814.7774205,sell,market,83023555
104970.2,0.96207149,2025-05-13 19:50:14,1747165814.7774205,sell,market,83023556
104970.3,9.63e-06,2025-05-13 19:50:16,1747165816.5626066,buy,limit,83023557
104970.3,5.716e-05,2025-05-13 19:50:19,1747165819.5442035,buy,market,83023558
104970.3,0.04466917,2025-05-13 19:50:20,1747165820.338347,buy,limit,83023559
104970.3,0.0003,2025-05-13 19:50:21,1747165821.9728575,buy,limit,83023560
104970.3,0.08971791,2025-05-13 19:50:22,1747165822.930018,buy,limit,83023561
104970.3,0.00397761,2025-05-13 19:50:22,1747165822.9300182,buy,limit,83023562
104970.3,0.00150448,2025-05-13 19:50:22,1747165822.9300182,buy,limit,83023563
104970.3,0.00149552,2025-05-13 19:50:29,1747165829.834642,buy,limit,83023564
104970.3,9.527e-05,2025-05-13 19:50:29,1747165829.834642,buy,limit,83023565
104970.3,0.0035,2025-05-13 19:50:29,1747165829.834642,buy,limit,83023566
104970.3,0.00500921,2025-05-13 19:50:29,1747165829.834642,buy,limit,83023567
104970.3,2.858e-05,2025-05-13 19:50:32,1747165832.4338994,buy,limit,83023568
104970.3,9.527e-05,2025-05-13 19:50:34,1747165834.4419217,buy,market,83023569
104970.4,0.00102773,2025-05-13 19:50:34,1747165834.4419217,buy,market,83023570
104971.5,0.01650611,2025-05-13 19:50:34,1747165834.4419217,buy,market,83023571
104972.9,5.14e-05,2025-05-13 19:50:34,1747165834.4419217,buy,market,83023572
104980.0,0.05603699,2025-05-13 19:50:34,1747165834.441922,buy,market,83023574
104978.5,0.00158535,2025-05-13 19:50:34,1747165834.441922,buy,market,83023573
104980.0,0.00725626,2025-05-13 19:50:36,1747165836.9849577,buy,limit,83023575
104980.0,0.01505454,2025-05-13 19:50:38,1747165838.659803,buy,market,83023576
104980.0,0.00140208,2025-05-13 19:50:47,1747165847.2765615,buy,limit,83023577
104979.9,0.001,2025-05-13 19:50:50,1747165850.1669884,sell,limit,83023578
104980.0,0.01551589,2025-05-13 19:50:53,1747165853.1846306,buy,market,83023579
104980.0,9.526e-05,2025-05-13 19:50:53,1747165853.1846306,buy,market,83023580
104980.0,0.01650611,2025-05-13 19:50:53,1747165853.1846306,buy,market,83023581
104980.0,0.003,2025-05-13 19:50:53,1747165853.1846306,buy,market,83023582
104980.0,0.00398656,2025-05-13 19:50:53,1747165853.1846306,buy,market,83023583
104979.9,0.02,2025-05-13 19:50:53,1747165853.2852817,sell,market,83023584
104979.9,0.0001,2025-05-13 19:50:53,1747165853.6797342,sell,limit,83023585
104979.9,0.0001,2025-05-13 19:50:53,1747165853.6797342,sell,limit,83023586
104979.9,0.0006,2025-05-13 19:50:53,1747165853.6797342,sell,limit,83023587
104979.9,0.04,2025-05-13 19:50:53,1747165853.6797345,sell,limit,83023590
104979.5,0.02021636,2025-05-13 19:50:53,1747165853.6797345,sell,limit,83023591
104979.9,0.02614134,2025-05-13 19:50:53,1747165853.6797345,sell,limit,83023588
104979.9,0.004,2025-05-13 19:50:53,1747165853.6797345,sell,limit,83023589
104975.1,9.526e-05,2025-05-13 19:50:59,1747165859.340628,buy,limit,83023592
104975.1,0.00037283,2025-05-13 19:50:59,1747165859.340628,buy,limit,83023593
104975.1,9.526e-05,2025-05-13 19:51:06,1747165866.046126,buy,limit,83023594
104975.1,0.00084327,2025-05-13 19:51:06,1747165866.0461261,buy,limit,83023595
104975.1,8.574e-05,2025-05-13 19:51:07,1747165867.033067,buy,market,83023596
104975.1,0.000971,2025-05-13 19:51:07,1747165867.7689786,buy,limit,83023597
104975.0,5.937e-05,2025-05-13 19:51:07,1747165867.8461468,sell,limit,83023598
104975.0,4.063e-05,2025-05-13 19:51:07,1747165867.8588362,sell,limit,83023599
104975.0,3.482e-05,2025-05-13 19:51:07,1747165867.8588364,sell,limit,83023600
104975.0,6.518e-05,2025-05-13 19:51:07,1747165867.8701365,sell,limit,83023601
104962.0,5.001e-05,2025-05-13 19:51:07,1747165867.8701365,sell,limit,83023602
104951.0,5.002e-05,2025-05-13 19:51:07,1747165867.8701365,sell,limit,83023603
104949.9,0.00031607,2025-05-13 19:51:07,1747165867.8701365,sell,limit,83023604
104949.9,6.177e-05,2025-05-13 19:51:07,1747165867.885018,sell,limit,83023605
104949.9,0.00097319,2025-05-13 19:51:07,1747165867.8959777,sell,limit,83023606
104949.9,0.00048773,2025-05-13 19:51:07,1747165867.9059126,sell,limit,83023607
104949.9,0.00031928,2025-05-13 19:51:07,1747165867.9174085,sell,limit,83023608
104949.9,5.97e-05,2025-05-13 19:51:07,1747165867.9318054,sell,limit,83023609
104949.9,0.00110289,2025-05-13 19:51:08,1747165868.4394307,sell,limit,83023610
104949.9,0.0282,2025-05-13 19:51:17,1747165877.550269,sell,limit,83023611
104949.9,0.00638316,2025-05-13 19:51:17,1747165877.5504532,sell,limit,83023612
104949.9,0.0001,2025-05-13 19:51:17,1747165877.5504532,sell,limit,83023613
104949.9,0.0001,2025-05-13 19:51:17,1747165877.5504532,sell,limit,83023614
104949.9,0.00022896,2025-05-13 19:51:17,1747165877.5504532,sell,limit,83023615
104946.9,0.0047,2025-05-13 19:51:17,1747165877.5577095,sell,limit,83023616
104946.9,6.431e-05,2025-05-13 19:51:17,1747165877.565013,sell,limit,83023617
104940.3,0.00271341,2025-05-13 19:51:18,1747165878.022829,sell,limit,83023618
104940.0,5.002e-05,2025-05-13 19:51:18,1747165878.022829,sell,limit,83023619
104929.0,5.003e-05,2025-05-13 19:51:18,1747165878.171949,sell,limit,83023620
104925.4,1.012e-05,2025-05-13 19:51:18,1747165878.2696733,sell,limit,83023621
104925.4,0.0015657,2025-05-13 19:51:18,1747165878.8580525,sell,limit,83023622
104925.4,0.0922,2025-05-13 19:51:19,1747165879.2243083,sell,limit,83023623
104925.4,0.00148223,2025-05-13 19:51:19,1747165879.2279406,sell,limit,83023624
104925.4,0.0001,2025-05-13 19:51:19,1747165879.2279406,sell,limit,83023625
104918.0,5.003e-05,2025-05-13 19:51:19,1747165879.3248572,sell,limit,83023626
104911.6,0.00953,2025-05-13 19:51:19,1747165879.3249702,sell,market,83023627
104910.0,0.00601,2025-05-13 19:51:19,1747165879.3249702,sell,market,83023628
104907.0,5.004e-05,2025-05-13 19:51:19,1747165879.3249702,sell,market,83023629
104900.0,0.00016463,2025-05-13 19:51:19,1747165879.3249702,sell,market,83023630
104900.0,0.02859866,2025-05-13 19:51:19,1747165879.3249702,sell,market,83023631
104896.0,5.004e-05,2025-05-13 19:51:19,1747165879.3249702,sell,market,83023632
104874.2,0.0001,2025-05-13 19:51:19,1747165879.3249702,sell,market,83023633
104873.9,0.00275569,2025-05-13 19:51:19,1747165879.3249702,sell,market,83023634
104832.3,0.00671412,2025-05-13 19:51:19,1747165879.3249705,sell,market,83023640
104833.8,0.02422493,2025-05-13 19:51:19,1747165879.3249705,sell,market,83023638
104833.8,0.07712027,2025-05-13 19:51:19,1747165879.3249705,sell,market,83023639
104842.8,0.008,2025-05-13 19:51:19,1747165879.3249705,sell,market,83023636
104842.0,0.0081,2025-05-13 19:51:19,1747165879.3249705,sell,market,83023637
104849.0,0.02858162,2025-05-13 19:51:19,1747165879.3249705,sell,market,83023635
104837.2,0.00537098,2025-05-13 19:51:19,1747165879.6127844,buy,limit,83023641
104837.1,0.00165639,2025-05-13 19:51:22,1747165882.8474753,sell,limit,83023642
104837.1,5.778e-05,2025-05-13 19:51:22,1747165882.860118,sell,limit,83023643
104837.2,0.00095387,2025-05-13 19:51:22,1747165882.875889,buy,limit,83023644
104837.1,5.007e-05,2025-05-13 19:51:23,1747165883.4209502,sell,limit,83023646
104837.1,0.0001,2025-05-13 19:51:23,1747165883.4209502,sell,limit,83023645
104837.1,5.007e-05,2025-05-13 19:51:23,1747165883.4209504,sell,limit,83023647
104837.1,5.007e-05,2025-05-13 19:51:23,1747165883.4209504,sell,limit,83023648
104837.1,5.007e-05,2025-05-13 19:51:23,1747165883.4209504,sell,limit,83023649
104837.1,5.007e-05,2025-05-13 19:51:23,1747165883.4209504,sell,limit,83023650
104837.1,0.0001,2025-05-13 19:51:23,1747165883.4209504,sell,limit,83023651
104837.1,0.0006,2025-05-13 19:51:23,1747165883.4209504,sell,limit,83023652
104837.0,5e-05,2025-05-13 19:51:24,1747165884.2247531,sell,market,83023653
104837.0,0.0384,2025-05-13 19:51:24,1747165884.9508054,sell,limit,83023654
104837.0,7.525e-05,2025-05-13 19:51:24,1747165884.9509265,sell,limit,83023655
104819.0,5.008e-05,2025-05-13 19:51:25,1747165885.2843413,sell,limit,83023657
104830.0,5.008e-05,2025-05-13 19:51:25,1747165885.2843413,sell,limit,83023656
104817.7,0.00088725,2025-05-13 19:51:25,1747165885.2843416,sell,limit,83023658
104810.6,0.00092416,2025-05-13 19:51:26,1747165886.215464,sell,limit,83023659
104810.6,0.001,2025-05-13 19:51:26,1747165886.228686,sell,market,83023660
104810.6,0.00761584,2025-05-13 19:51:27,1747165887.0077658,sell,limit,83023661
104808.0,5.009e-05,2025-05-13 19:51:27,1747165887.0077658,sell,limit,83023662
104802.0,0.01088371,2025-05-13 19:51:27,1747165887.0077658,sell,limit,83023663
104797.0,5.009e-05,2025-05-13 19:51:27,1747165887.0077658,sell,limit,83023664
104786.0,5.01e-05,2025-05-13 19:51:27,1747165887.0077658,sell,limit,83023665
104774.0,0.00601,2025-05-13 19:51:27,1747165887.0077658,sell,limit,83023666
104757.4,0.135,2025-05-13 19:51:27,1747165887.0077658,sell,limit,83023667
104750.5,0.01444361,2025-05-13 19:51:27,1747165887.0077658,sell,limit,83023668
104734.0,0.048,2025-05-13 19:51:27,1747165887.007766,sell,limit,83023669
104733.9,0.20081708,2025-05-13 19:51:27,1747165887.007766,sell,limit,83023670
104757.4,0.00011439,2025-05-13 19:51:29,1747165889.324089,sell,market,83023671
104757.4,0.00095458,2025-05-13 19:51:30,1747165890.5308745,sell,market,83023672
104757.5,9.541e-05,2025-05-13 19:51:32,1747165892.100684,buy,limit,83023673
104757.5,0.00180971,2025-05-13 19:51:32,1747165892.100684,buy,limit,83023674
104757.4,0.00190512,2025-05-13 19:51:32,1747165892.1009765,sell,market,83023675
104757.5,0.00115293,2025-05-13 19:51:32,1747165892.3916667,buy,limit,83023676
104757.5,0.0007218,2025-05-13 19:51:32,1747165892.5546415,buy,limit,83023677
104757.5,0.00029801,2025-05-13 19:51:34,1747165894.333146,buy,limit,83023678
104757.5,9.541e-05,2025-05-13 19:51:36,1747165896.8376231,buy,limit,83023679
104757.5,0.00890459,2025-05-13 19:51:36,1747165896.8376234,buy,limit,83023680
104757.4,0.01643268,2025-05-13 19:51:37,1747165897.3961194,sell,market,83023681
104757.4,0.22156689,2025-05-13 19:51:37,1747165897.3961196,sell,market,83023682
104757.4,0.06200043,2025-05-13 19:51:37,1747165897.3961196,sell,market,83023683
104757.5,0.00044569,2025-05-13 19:51:38,1747165898.2909722,buy,limit,83023684
104757.5,0.00050572,2025-05-13 19:51:38,1747165898.9411128,buy,limit,83023685
104757.5,9.541e-05,2025-05-13 19:51:38,1747165898.9411128,buy,limit,83023686
104774.3,0.00029632,2025-05-13 19:51:42,1747165902.3308842,sell,limit,83023687
104774.4,0.00839887,2025-05-13 19:51:49,1747165909.4479723,buy,limit,83023688
104774.3,0.00477216,2025-05-13 19:51:50,1747165910.3800943,sell,market,83023689
104774.4,0.00061763,2025-05-13 19:51:51,1747165911.3579147,buy,limit,83023691
104774.4,9.545e-05,2025-05-13 19:51:51,1747165911.3579147,buy,limit,83023690
104774.4,0.00190532,2025-05-13 19:51:57,1747165917.8187132,buy,limit,83023692
104774.4,0.00047705,2025-05-13 19:51:59,1747165919.892963,buy,limit,83023693
104774.4,0.00042566,2025-05-13 19:51:59,1747165919.892963,buy,limit,83023694
104774.4,0.00021186,2025-05-13 19:52:00,1747165920.5718524,buy,limit,83023695
104774.3,0.0001,2025-05-13 19:52:02,1747165922.4695854,sell,market,83023696
104774.3,0.0001,2025-05-13 19:52:02,1747165922.4695854,sell,market,83023697
104774.3,5.01e-05,2025-05-13 19:52:02,1747165922.4695854,sell,market,83023698
104774.3,0.28777165,2025-05-13 19:52:02,1747165922.4695854,sell,market,83023699
104774.4,0.00010344,2025-05-13 19:52:04,1747165924.0388794,buy,limit,83023700
104764.0,5.011e-05,2025-05-13 19:52:04,1747165924.2996094,sell,market,83023701
104757.4,0.00053989,2025-05-13 19:52:04,1747165924.2996094,sell,market,83023702
104757.4,1.109e-05,2025-05-13 19:52:09,1747165929.1548944,sell,limit,83023705
104757.4,0.0001,2025-05-13 19:52:09,1747165929.1548944,sell,limit,83023704
104757.4,0.00528891,2025-05-13 19:52:09,1747165929.1548944,sell,limit,83023703
104757.4,8.891e-05,2025-05-13 19:52:09,1747165929.1648555,sell,limit,83023706
104753.0,5.011e-05,2025-05-13 19:52:09,1747165929.350973,sell,limit,83023707
104742.0,5.012e-05,2025-05-13 19:52:09,1747165929.350973,sell,limit,83023708
104736.5,0.19337326,2025-05-13 19:52:09,1747165929.9537418,sell,market,83023709
104736.5,0.00058719,2025-05-13 19:52:13,1747165933.6812916,sell,limit,83023710
104736.5,0.0048,2025-05-13 19:52:14,1747165934.5214546,sell,limit,83023711
104736.5,0.12122955,2025-05-13 19:52:14,1747165934.562468,sell,limit,83023712
104736.5,0.0001,2025-05-13 19:52:14,1747165934.562468,sell,limit,83023713
104736.5,7.045e-05,2025-05-13 19:52:14,1747165934.562468,sell,limit,83023714
104736.5,2.955e-05,2025-05-13 19:52:14,1747165934.5652218,sell,limit,83023715
104731.0,5.012e-05,2025-05-13 19:52:14,1747165934.5725265,sell,limit,83023716
104720.0,5.013e-05,2025-05-13 19:52:15,1747165935.3122878,sell,limit,83023717
104709.6,0.00096012,2025-05-13 19:52:17,1747165937.0277479,buy,limit,83023718
104709.6,0.05500928,2025-05-13 19:52:17,1747165937.2922008,buy,market,83023719
104676.0,5.015e-05,2025-05-13 19:52:17,1747165937.4924817,sell,market,83023728
104709.5,0.0001,2025-05-13 19:52:17,1747165937.4924817,sell,market,83023721
104687.0,5.014e-05,2025-05-13 19:52:17,1747165937.4924817,sell,market,83023727
104673.8,0.09576388,2025-05-13 19:52:17,1747165937.4924817,sell,market,83023729
104694.7,5.5e-05,2025-05-13 19:52:17,1747165937.4924817,sell,market,83023726
104709.5,0.00955,2025-05-13 19:52:17,1747165937.4924817,sell,market,83023720
104700.0,1.0,2025-05-13 19:52:17,1747165937.4924817,sell,market,83023724
104709.0,5.013e-05,2025-05-13 19:52:17,1747165937.4924817,sell,market,83023723
104709.5,0.0001,2025-05-13 19:52:17,1747165937.4924817,sell,market,83023722
104698.0,5.014e-05,2025-05-13 19:52:17,1747165937.4924817,sell,market,83023725
104652.2,0.39423056,2025-05-13 19:52:17,1747165937.492482,sell,market,83023730
104652.2,0.00311336,2025-05-13 19:52:17,1747165937.5595472,sell,limit,83023731
104643.0,5.017e-05,2025-05-13 19:52:19,1747165939.3007967,sell,market,83023732
104638.0,0.00366414,2025-05-13 19:52:19,1747165939.300797,sell,market,83023733
104638.0,0.00234586,2025-05-13 19:52:20,1747165940.2756145,sell,market,83023734
104638.0,0.004,2025-05-13 19:52:20,1747165940.2756145,sell,market,83023735
104638.0,0.02360614,2025-05-13 19:52:20,1747165940.2756145,sell,market,83023736
104638.1,9.556e-05,2025-05-13 19:52:24,1747165944.4445083,buy,limit,83023737
104638.1,0.00043095,2025-05-13 19:52:24,1747165944.4445083,buy,limit,83023738
104638.0,0.00191135,2025-05-13 19:52:24,1747165944.9636335,sell,market,83023739
104638.0,5.017e-05,2025-05-13 19:52:27,1747165947.1531348,sell,limit,83023740
104638.0,5.017e-05,2025-05-13 19:52:27,1747165947.1531348,sell,limit,83023741
104638.0,0.0001,2025-05-13 19:52:27,1747165947.1531348,sell,limit,83023742
104638.0,0.00072464,2025-05-13 19:52:27,1747165947.1531348,sell,limit,83023743
104638.0,0.0006,2025-05-13 19:52:27,1747165947.1531348,sell,limit,83023744
104638.0,0.0001,2025-05-13 19:52:27,1747165947.1531348,sell,limit,83023745
104638.0,0.852,2025-05-13 19:52:27,1747165947.1531348,sell,limit,83023746
104632.1,0.0008,2025-05-13 19:52:27,1747165947.1531348,sell,limit,83023747
104632.0,5.017e-05,2025-05-13 19:52:27,1747165947.1531348,sell,limit,83023748
104625.0,0.1,2025-05-13 19:52:27,1747165947.1531348,sell,limit,83023749
104621.0,5.018e-05,2025-05-13 19:52:27,1747165947.1531348,sell,limit,83023750
104610.0,5.018e-05,2025-05-13 19:52:27,1747165947.163211,sell,limit,83023751
104608.5,0.0095,2025-05-13 19:52:27,1747165947.1840765,sell,limit,83023752
104608.5,5e-05,2025-05-13 19:52:27,1747165947.1945803,sell,limit,83023753
104599.0,5.019e-05,2025-05-13 19:52:27,1747165947.2042673,sell,limit,83023754
104610.1,0.00036014,2025-05-13 19:52:27,1747165947.2068594,buy,limit,83023755
104588.0,5.019e-05,2025-05-13 19:52:27,1747165947.2612557,sell,limit,83023756
104568.8,5.5e-05,2025-05-13 19:52:27,1747165947.3931847,sell,limit,83023757
104561.4,0.00041396,2025-05-13 19:52:29,1747165949.3148153,sell,market,83023758
104561.4,8.604e-05,2025-05-13 19:52:30,1747165950.3161407,sell,market,83023759
104561.4,0.00043413,2025-05-13 19:52:30,1747165950.3161407,sell,market,83023760
104561.5,9.557e-05,2025-05-13 19:52:30,1747165950.9181595,buy,limit,83023761
104561.5,0.00086015,2025-05-13 19:52:30,1747165950.9181595,buy,limit,83023762
104561.4,0.0001,2025-05-13 19:52:31,1747165951.9512308,sell,market,83023763
104561.4,0.0001,2025-05-13 19:52:31,1747165951.9512308,sell,market,83023764
104561.4,5.02e-05,2025-05-13 19:52:31,1747165951.9512308,sell,market,83023765
104561.4,5.02e-05,2025-05-13 19:52:31,1747165951.9512308,sell,market,83023766
104561.4,0.00535021,2025-05-13 19:52:31,1747165951.9512308,sell,market,83023767
104597.5,0.00511299,2025-05-13 19:52:35,1747165955.1921794,buy,limit,83023771
104587.9,5.02e-05,2025-05-13 19:52:35,1747165955.1921794,buy,limit,83023770
104577.0,5.02e-05,2025-05-13 19:52:35,1747165955.1921794,buy,limit,83023769
104561.5,9.557e-05,2025-05-13 19:52:35,1747165955.1921794,buy,limit,83023768
104566.7,9.564e-05,2025-05-13 19:52:36,1747165956.8283765,buy,limit,83023772
104566.7,0.00420436,2025-05-13 19:52:36,1747165956.8283765,buy,limit,83023773
104566.6,0.00276256,2025-05-13 19:52:41,1747165961.6844811,sell,market,83023774
104566.6,0.00015378,2025-05-13 19:52:46,1747165966.993442,sell,market,83023775
104566.6,0.00478164,2025-05-13 19:52:47,1747165967.4474447,sell,market,83023776
104566.7,9.564e-05,2025-05-13 19:52:48,1747165968.409958,buy,limit,83023777
104566.7,0.00079939,2025-05-13 19:52:48,1747165968.409958,buy,limit,83023778
104566.7,0.00195965,2025-05-13 19:52:48,1747165968.7091722,buy,limit,83023779
104566.7,0.03454035,2025-05-13 19:52:48,1747165968.7091722,buy,limit,83023780
104566.7,0.0128,2025-05-13 19:52:49,1747165969.9264312,buy,limit,83023781
104566.7,0.0036,2025-05-13 19:52:51,1747165971.547528,buy,limit,83023782
104566.7,0.01650611,2025-05-13 19:52:52,1747165972.553818,buy,limit,83023784
104566.7,9.564e-05,2025-05-13 19:52:52,1747165972.553818,buy,limit,83023785
104566.7,0.00729042,2025-05-13 19:52:52,1747165972.553818,buy,limit,83023783
104571.7,0.00773709,2025-05-13 19:52:53,1747165973.499676,sell,market,83023786
104607.4,0.1117428,2025-05-13 19:52:55,1747165975.6944366,buy,market,83023792
104596.6,0.00271341,2025-05-13 19:52:55,1747165975.6944366,buy,market,83023790
104598.9,5.019e-05,2025-05-13 19:52:55,1747165975.6944366,buy,market,83023791
104571.8,9.562e-05,2025-05-13 19:52:55,1747165975.6944366,buy,market,83023788
104571.8,0.01650611,2025-05-13 19:52:55,1747165975.6944366,buy,market,83023789
104571.8,0.00209158,2025-05-13 19:52:55,1747165975.6944366,buy,market,83023787
104577.0,9.562e-05,2025-05-13 19:52:57,1747165977.8778431,buy,limit,83023793
104577.0,0.00015629,2025-05-13 19:52:57,1747165977.8778431,buy,limit,83023794
104577.0,0.00731599,2025-05-13 19:52:58,1747165978.648449,buy,market,83023795
104577.0,9.42e-05,2025-05-13 19:52:59,1747165979.0470433,buy,limit,83023796
104576.9,0.14473286,2025-05-13 19:52:59,1747165979.8233938,sell,market,83023797
104577.0,0.00055,2025-05-13 19:53:00,1747165980.5412612,buy,market,83023798
104576.9,0.03799957,2025-05-13 19:53:01,1747165981.2555816,sell,market,83023799
104576.9,0.07036757,2025-05-13 19:53:01,1747165981.2555816,sell,market,83023800
104576.9,0.02963243,2025-05-13 19:53:01,1747165981.2555816,sell,market,83023801
104576.9,0.1,2025-05-13 19:53:01,1747165981.2555816,sell,market,83023802
104576.9,0.06200043,2025-05-13 19:53:01,1747165981.2555816,sell,market,83023803
104577.0,0.00130783,2025-05-13 19:53:03,1747165983.132238,buy,limit,83023804
104577.0,9.562e-05,2025-05-13 19:53:03,1747165983.1586618,buy,limit,83023806
104577.0,0.00219217,2025-05-13 19:53:03,1747165983.1586618,buy,limit,83023805
104608.3,0.00084769,2025-05-13 19:53:04,1747165984.3028228,buy,limit,83023807
104608.3,0.01413292,2025-05-13 19:53:04,1747165984.7898142,buy,limit,83023808
104651.4,0.09733776,2025-05-13 19:53:05,1747165985.2753515,buy,market,83023814
104608.3,0.08501939,2025-05-13 19:53:05,1747165985.2753515,buy,market,83023809
104608.3,9.561e-05,2025-05-13 19:53:05,1747165985.2753515,buy,market,83023810
104608.3,0.01650611,2025-05-13 19:53:05,1747165985.2753515,buy,market,83023811
104610.1,5.019e-05,2025-05-13 19:53:05,1747165985.2753515,buy,market,83023812
104621.0,5.018e-05,2025-05-13 19:53:05,1747165985.2753515,buy,market,83023813
104654.1,0.08769418,2025-05-13 19:53:05,1747165985.2753515,buy,market,83023815
104610.1,9.562e-05,2025-05-13 19:53:06,1747165986.6510773,buy,limit,83023816
104631.9,5.018e-05,2025-05-13 19:53:06,1747165986.6510773,buy,limit,83023817
104642.9,5.017e-05,2025-05-13 19:53:06,1747165986.6510773,buy,limit,83023818
104653.8,0.00074527,2025-05-13 19:53:06,1747165986.6510773,buy,limit,83023819
104640.1,0.14207121,2025-05-13 19:53:10,1747165990.127772,sell,market,83023824
104640.1,0.11200043,2025-05-13 19:53:10,1747165990.127772,sell,market,83023825
104640.1,0.00792879,2025-05-13 19:53:10,1747165990.127772,sell,market,83023823
104640.1,0.004,2025-05-13 19:53:10,1747165990.127772,sell,market,83023821
104640.1,0.01132836,2025-05-13 19:53:10,1747165990.127772,sell,market,83023820
104640.1,0.02267121,2025-05-13 19:53:10,1747165990.127772,sell,market,83023822
104632.0,5.017e-05,2025-05-13 19:53:16,1747165996.0438843,sell,market,83023826
104632.0,9.064e-05,2025-05-13 19:53:16,1747165996.0438843,sell,market,83023827
104632.1,0.00023483,2025-05-13 19:53:17,1747165997.554953,buy,limit,83023828
104632.0,9.36e-06,2025-05-13 19:53:18,1747165998.0780466,sell,limit,83023829
104632.0,0.0001,2025-05-13 19:53:18,1747165998.0780466,sell,limit,83023830
104621.7,0.00036587,2025-05-13 19:53:18,1747165998.0780466,sell,limit,83023831
104621.0,5.018e-05,2025-05-13 19:53:18,1747165998.0780466,sell,limit,83023832
104619.3,0.00258847,2025-05-13 19:53:18,1747165998.0780466,sell,limit,83023833
104610.7,0.00384174,2025-05-13 19:53:21,1747166001.4155266,sell,limit,83023834
104610.8,0.00086034,2025-05-13 19:53:22,1747166002.2905362,buy,market,83023836
104610.8,9.558e-05,2025-05-13 19:53:22,1747166002.2905362,buy,market,83023835
104610.8,0.00018769,2025-05-13 19:53:22,1747166002.5352983,buy,limit,83023837
104610.8,0.00046365,2025-05-13 19:53:29,1747166009.1979218,buy,limit,83023838
104610.7,0.0001,2025-05-13 19:53:29,1747166009.2806644,sell,market,83023839
104610.7,0.0001,2025-05-13 19:53:29,1747166009.2806644,sell,market,83023840
104610.0,5.018e-05,2025-05-13 19:53:29,1747166009.2806644,sell,market,83023841
104608.5,0.00955,2025-05-13 19:53:29,1747166009.2806644,sell,market,83023842
104600.0,0.02848028,2025-05-13 19:53:29,1747166009.2806644,sell,market,83023843
104600.0,0.00118,2025-05-13 19:53:29,1747166009.2806644,sell,market,83023844
104600.0,0.00059974,2025-05-13 19:53:29,1747166009.2806644,sell,market,83023845
104600.0,0.00014529,2025-05-13 19:53:29,1747166009.2806644,sell,market,83023846
104600.0,0.03982389,2025-05-13 19:53:29,1747166009.2806647,sell,market,83023850
104600.0,0.001418,2025-05-13 19:53:29,1747166009.2806647,sell,market,83023849
104600.0,0.003,2025-05-13 19:53:29,1747166009.2806647,sell,market,83023851
104600.0,0.03746693,2025-05-13 19:53:29,1747166009.2806647,sell,market,83023847
104600.0,0.00715452,2025-05-13 19:53:29,1747166009.2806647,sell,market,83023848
104600.0,0.12093117,2025-05-13 19:53:29,1747166009.2806647,sell,market,83023852
104600.1,0.00018838,2025-05-13 19:53:30,1747166010.0403445,buy,limit,83023853
104600.0,0.00023172,2025-05-13 19:53:32,1747166012.012161,sell,limit,83023854
104600.0,0.03285917,2025-05-13 19:53:32,1747166012.6019425,sell,limit,83023855
104600.1,0.01893206,2025-05-13 19:53:33,1747166013.0419445,buy,limit,83023856
104600.1,9.56e-05,2025-05-13 19:53:33,1747166013.0419445,buy,limit,83023857
104600.1,0.06467561,2025-05-13 19:53:33,1747166013.0419445,buy,limit,83023858
104600.0,0.28,2025-05-13 19:53:34,1747166014.838345,sell,limit,83023859
104600.0,0.0003824,2025-05-13 19:53:34,1747166014.8787417,sell,market,83023860
104600.0,0.2847722,2025-05-13 19:53:34,1747166014.9527688,sell,limit,83023861
104600.0,0.0001,2025-05-13 19:53:34,1747166014.9527688,sell,limit,83023862
104600.0,0.0001,2025-05-13 19:53:34,1747166014.9527688,sell,limit,83023863
104599.0,5.019e-05,2025-05-13 19:53:34,1747166014.9527688,sell,limit,83023864
104588.0,5.019e-05,2025-05-13 19:53:34,1747166014.9527688,sell,limit,83023865
104577.0,5.02e-05,2025-05-13 19:53:35,1747166015.036169,sell,limit,83023866
104566.0,5.02e-05,2025-05-13 19:53:36,1747166016.0001283,sell,market,83023867
104561.4,0.00225668,2025-05-13 19:53:36,1747166016.0001283,sell,market,83023868
104561.4,0.00028691,2025-05-13 19:53:39,1747166019.147556,sell,market,83023869
104561.5,0.01650611,2025-05-13 19:53:43,1747166023.6679668,buy,limit,83023870
104561.5,9.56e-05,2025-05-13 19:53:43,1747166023.6679668,buy,limit,83023871
104561.5,0.009877,2025-05-13 19:53:43,1747166023.6679668,buy,limit,83023872
104561.5,0.0035,2025-05-13 19:53:43,1747166023.6679668,buy,limit,83023873
104562.1,1.884e-05,2025-05-13 19:53:45,1747166025.046406,buy,limit,83023874
104562.1,9.564e-05,2025-05-13 19:53:47,1747166027.8880053,buy,market,83023875
104562.1,0.00248751,2025-05-13 19:53:47,1747166027.8880053,buy,market,83023876
104562.0,0.12022147,2025-05-13 19:53:48,1747166028.9343932,sell,limit,83023877
104562.1,0.004,2025-05-13 19:53:51,1747166031.8061237,buy,limit,83023878
104562.1,0.1,2025-05-13 19:53:51,1747166031.8061237,buy,limit,83023879
104562.1,0.14,2025-05-13 19:53:51,1747166031.8061237,buy,limit,83023880
104562.1,9.564e-05,2025-05-13 19:53:52,1747166032.9363077,buy,market,83023881
104577.0,5.02e-05,2025-05-13 19:53:52,1747166032.9363077,buy,market,83023882
104585.3,0.00086915,2025-05-13 19:53:52,1747166032.9363077,buy,market,83023883
104585.3,0.00023844,2025-05-13 19:53:54,1747166034.0982401,buy,limit,83023884
104587.9,5.02e-05,2025-05-13 19:53:55,1747166035.5323837,buy,limit,83023886
104585.3,9.563e-05,2025-05-13 19:53:55,1747166035.5323837,buy,limit,83023885
104599.1,5.019e-05,2025-05-13 19:53:57,1747166037.288128,buy,limit,83023887
104599.1,9.561e-05,2025-05-13 19:53:57,1747166037.288128,buy,limit,83023888
104600.2,0.01295229,2025-05-13 19:53:57,1747166037.288128,buy,limit,83023889
104600.2,0.00198769,2025-05-13 19:53:57,1747166037.2892234,buy,limit,83023890
104608.5,0.0034,2025-05-13 19:53:57,1747166037.34304,buy,market,83023891
104609.9,5.019e-05,2025-05-13 19:53:57,1747166037.34304,buy,market,83023892
104610.8,0.000225,2025-05-13 19:53:57,1747166037.34304,buy,market,83023893
104620.9,5.018e-05,2025-05-13 19:53:57,1747166037.34304,buy,market,83023894
104631.6,0.00045,2025-05-13 19:53:57,1747166037.34304,buy,market,83023895
104631.9,0.01779199,2025-05-13 19:53:57,1747166037.34304,buy,market,83023896
104631.9,0.00017039,2025-05-13 19:53:58,1747166038.3705018,buy,limit,83023897
104631.9,0.00046647,2025-05-13 19:53:58,1747166038.8074994,buy,limit,83023898
104631.9,0.00510034,2025-05-13 19:53:59,1747166039.4584367,buy,limit,83023899
104631.9,0.01212106,2025-05-13 19:54:00,1747166040.9298203,buy,market,83023900
104631.9,0.0014044,2025-05-13 19:54:02,1747166042.159426,buy,limit,83023902
104631.9,9.56e-05,2025-05-13 19:54:02,1747166042.159426,buy,limit,83023901
104631.9,0.002,2025-05-13 19:54:02,1747166042.1742744,buy,limit,83023903
104631.9,9.56e-05,2025-05-13 19:54:02,1747166042.174772,buy,limit,83023904
104632.1,4.4e-06,2025-05-13 19:54:02,1747166042.174772,buy,limit,83023905
104632.1,4.578e-05,2025-05-13 19:54:02,1747166042.1748977,buy,limit,83023906
104640.0,0.00094525,2025-05-13 19:54:04,1747166044.0243084,sell,market,83023907
104640.1,0.02196481,2025-05-13 19:54:04,1747166044.6828933,buy,market,83023908
104640.1,0.01909854,2025-05-13 19:54:04,1747166044.7653644,buy,limit,83023909
104640.1,0.0184,2025-05-13 19:54:06,1747166046.808909,buy,limit,83023910
104640.1,0.05528706,2025-05-13 19:54:10,1747166050.7312465,buy,limit,83023911
104640.1,9.557e-05,2025-05-13 19:54:10,1747166050.7312465,buy,limit,83023912
104640.1,0.0035,2025-05-13 19:54:10,1747166050.7312467,buy,limit,83023913
104643.0,5.017e-05,2025-05-13 19:54:10,1747166050.7417076,buy,limit,83023914
104643.0,9.555e-05,2025-05-13 19:54:10,1747166050.7469869,buy,limit,83023915
104652.5,0.0006,2025-05-13 19:54:10,1747166050.7693474,buy,limit,83023916
104652.5,7.5e-05,2025-05-13 19:54:10,1747166050.7695892,buy,limit,83023917
104654.0,5.017e-05,2025-05-13 19:54:11,1747166051.046057,buy,limit,83023919
104652.5,9.555e-05,2025-05-13 19:54:11,1747166051.046057,buy,limit,83023918
104664.9,5.017e-05,2025-05-13 19:54:11,1747166051.3365686,buy,limit,83023920
104664.9,9.555e-05,2025-05-13 19:54:11,1747166051.3365686,buy,limit,83023921
104673.3,0.0009,2025-05-13 19:54:11,1747166051.3365686,buy,limit,83023922
104686.9,5.015e-05,2025-05-13 19:54:11,1747166051.8218102,buy,market,83023926
104675.9,5.017e-05,2025-05-13 19:54:11,1747166051.8218102,buy,market,83023925
104690.8,0.0026443,2025-05-13 19:54:11,1747166051.8218102,buy,market,83023927
104675.0,0.01911691,2025-05-13 19:54:11,1747166051.8218102,buy,market,83023923
104675.0,9.555e-05,2025-05-13 19:54:11,1747166051.8218102,buy,market,83023924
104690.8,0.00260164,2025-05-13 19:54:12,1747166052.7419565,buy,limit,83023928
104690.7,9.81e-06,2025-05-13 19:54:17,1747166057.7312598,sell,limit,83023929
104690.8,0.01126017,2025-05-13 19:54:18,1747166058.9306262,buy,limit,83023930
104690.8,9.555e-05,2025-05-13 19:54:18,1747166058.9306262,buy,limit,83023931
104690.8,0.00214428,2025-05-13 19:54:18,1747166058.9306262,buy,limit,83023932
104715.1,0.00135,2025-05-13 19:54:18,1747166058.9886022,buy,market,83023938
104730.3,0.00841779,2025-05-13 19:54:18,1747166058.9886022,buy,market,83023940
104720.0,5.013e-05,2025-05-13 19:54:18,1747166058.9886022,buy,market,83023939
104709.5,0.00955,2025-05-13 19:54:18,1747166058.9886022,buy,market,83023937
104694.2,0.001125,2025-05-13 19:54:18,1747166058.9886022,buy,market,83023934
104697.9,5.014e-05,2025-05-13 19:54:18,1747166058.9886022,buy,market,83023935
104690.8,0.00135572,2025-05-13 19:54:18,1747166058.9886022,buy,market,83023933
104709.0,5.014e-05,2025-05-13 19:54:18,1747166058.9886022,buy,market,83023936
104729.7,0.00044644,2025-05-13 19:54:19,1747166059.716721,buy,limit,83023941
104729.7,0.02194602,2025-05-13 19:54:26,1747166066.1691704,buy,market,83023942
104729.7,9.551e-05,2025-05-13 19:54:27,1747166067.4696653,buy,limit,83023943
104729.7,0.00090449,2025-05-13 19:54:27,1747166067.4696653,buy,limit,83023944
104729.7,5.505e-05,2025-05-13 19:54:31,1747166071.3493078,buy,limit,83023945
104729.7,0.00202,2025-05-13 19:54:32,1747166072.5453649,buy,limit,83023946
104729.7,0.01352657,2025-05-13 19:54:33,1747166073.3331099,buy,market,83023947
104729.7,0.00841945,2025-05-13 19:54:33,1747166073.3331099,buy,market,83023948
104729.7,0.35791763,2025-05-13 19:54:39,1747166079.8427827,buy,limit,83023949
104729.7,0.02194602,2025-05-13 19:54:40,1747166080.55627,buy,market,83023950
104729.7,0.1,2025-05-13 19:54:46,1747166086.1582217,buy,limit,83023951
104729.7,0.00028222,2025-05-13 19:54:46,1747166086.557939,buy,limit,83023952
104729.7,0.02194602,2025-05-13 19:54:47,1747166087.724757,buy,market,83023953
104729.7,0.00437149,2025-05-13 19:54:52,1747166092.8361669,buy,market,83023954
104729.7,0.02194602,2025-05-13 19:54:54,1747166094.996386,buy,market,83023955
104729.7,4.704e-05,2025-05-13 19:54:55,1747166095.6575408,buy,limit,83023956
104729.7,0.00094073,2025-05-13 19:54:56,1747166096.3950057,buy,limit,83023957
104729.7,0.01650611,2025-05-13 19:54:58,1747166098.7372224,buy,limit,83023964
104729.7,0.01909677,2025-05-13 19:54:58,1747166098.7372224,buy,limit,83023963
104729.7,0.003,2025-05-13 19:54:58,1747166098.7372224,buy,limit,83023962
104729.7,9.551e-05,2025-05-13 19:54:58,1747166098.7372224,buy,limit,83023960
104729.7,0.135,2025-05-13 19:54:58,1747166098.7372224,buy,limit,83023959
104729.7,0.0085113,2025-05-13 19:54:58,1747166098.7372224,buy,limit,83023958
104729.7,0.02821348,2025-05-13 19:54:58,1747166098.7372224,buy,limit,83023961
104729.7,0.02665786,2025-05-13 19:54:58,1747166098.7372227,buy,limit,83023965
104729.7,0.02194602,2025-05-13 19:55:03,1747166103.2681816,buy,market,83023966
104729.6,0.0026,2025-05-13 19:55:05,1747166105.5729492,sell,limit,83023967
104729.6,0.1,2025-05-13 19:55:05,1747166105.5731108,sell,limit,83023972
104729.6,0.0001,2025-05-13 19:55:05,1747166105.5731108,sell,limit,83023971
104729.6,0.015058,2025-05-13 19:55:05,1747166105.5731108,sell,limit,83023968
104729.6,0.0001,2025-05-13 19:55:05,1747166105.5731108,sell,limit,83023969
104729.6,0.04,2025-05-13 19:55:05,1747166105.5731108,sell,limit,83023970
104709.5,0.00955,2025-05-13 19:55:06,1747166106.642761,sell,limit,83023973
104709.0,5e-05,2025-05-13 19:55:06,1747166106.642761,sell,limit,83023974
104709.0,1.3e-07,2025-05-13 19:55:06,1747166106.6466515,sell,limit,83023975
104698.1,0.00047756,2025-05-13 19:55:07,1747166107.328083,buy,market,83023976
104698.0,5.014e-05,2025-05-13 19:55:07,1747166107.6118307,sell,limit,83023977
104698.0,0.0001,2025-05-13 19:55:07,1747166107.6118307,sell,limit,83023978
104631.8,0.0046004,2025-05-13 19:55:07,1747166107.611831,sell,limit,83023983
104698.0,0.005,2025-05-13 19:55:07,1747166107.611831,sell,limit,83023979
104687.0,5.014e-05,2025-05-13 19:55:07,1747166107.611831,sell,limit,83023980
104665.0,5.016e-05,2025-05-13 19:55:07,1747166107.611831,sell,limit,83023982
104676.0,5.015e-05,2025-05-13 19:55:07,1747166107.611831,sell,limit,83023981
104631.9,0.00536491,2025-05-13 19:55:10,1747166110.4667351,buy,market,83023986
104631.9,0.01650611,2025-05-13 19:55:10,1747166110.4667351,buy,market,83023984
104631.9,9.551e-05,2025-05-13 19:55:10,1747166110.4667351,buy,market,83023985
104631.8,0.00088883,2025-05-13 19:55:11,1747166111.4079785,sell,market,83023987
104631.9,0.01434052,2025-05-13 19:55:13,1747166113.0885587,buy,market,83023988
104631.8,0.04778652,2025-05-13 19:55:14,1747166114.375396,sell,market,83023989
104631.9,0.010999,2025-05-13 19:55:17,1747166117.635983,buy,market,83023990
104631.9,9.551e-05,2025-05-13 19:55:17,1747166117.635983,buy,market,83023991
104631.9,0.01087202,2025-05-13 19:55:17,1747166117.635983,buy,market,83023992
104631.9,0.00324968,2025-05-13 19:55:17,1747166117.758871,buy,market,83023993
104663.1,0.00020286,2025-05-13 19:55:20,1747166120.1867251,sell,market,83023994
104663.1,2.8e-05,2025-05-13 19:55:21,1747166121.4725626,sell,market,83023995
104663.1,0.00284,2025-05-13 19:55:21,1747166121.4725626,sell,market,83023996
104663.1,0.00766109,2025-05-13 19:55:22,1747166122.1297302,sell,market,83023997
104663.2,9.561e-05,2025-05-13 19:55:24,1747166124.7376912,buy,market,83023998
104663.2,0.02195996,2025-05-13 19:55:24,1747166124.9590995,buy,market,83023999
104663.1,0.16073483,2025-05-13 19:55:25,1747166125.1296866,sell,market,83024000
104663.1,0.0001,2025-05-13 19:55:30,1747166130.3758008,sell,limit,83024001
104663.1,0.0001,2025-05-13 19:55:30,1747166130.3758008,sell,limit,83024002
104663.1,0.02076243,2025-05-13 19:55:30,1747166130.3758008,sell,limit,83024003
104663.1,0.0489484,2025-05-13 19:55:30,1747166130.5967467,sell,limit,83024004
104662.5,0.00239768,2025-05-13 19:55:30,1747166130.7497833,sell,limit,83024005
104662.5,0.16206823,2025-05-13 19:55:30,1747166130.7514024,sell,limit,83024006
104662.6,0.00731971,2025-05-13 19:55:32,1747166132.2021928,buy,market,83024007
104662.5,0.0001,2025-05-13 19:55:34,1747166134.7622528,sell,limit,83024008
104662.5,0.0001,2025-05-13 19:55:34,1747166134.762253,sell,limit,83024009
104654.0,5.016e-05,2025-05-13 19:55:34,1747166134.762253,sell,limit,83024010
104643.0,5.017e-05,2025-05-13 19:55:34,1747166134.762253,sell,limit,83024011
104632.0,5.017e-05,2025-05-13 19:55:34,1747166134.762253,sell,limit,83024012
104631.8,0.00029125,2025-05-13 19:55:34,1747166134.762253,sell,limit,83024013
104631.8,0.000128,2025-05-13 19:55:35,1747166135.1963964,sell,limit,83024014
104631.8,0.0002191,2025-05-13 19:55:36,1747166136.0801008,sell,limit,83024015
104631.9,0.01650611,2025-05-13 19:55:36,1747166136.8390555,buy,limit,83024016
104637.2,0.03299271,2025-05-13 19:55:37,1747166137.8364325,sell,market,83024017
104637.2,0.001,2025-05-13 19:55:37,1747166137.8364325,sell,market,83024018
104637.2,0.10053535,2025-05-13 19:55:37,1747166137.8364325,sell,market,83024019
104637.2,0.00104341,2025-05-13 19:55:38,1747166138.468042,sell,market,83024020
104637.3,9.555e-05,2025-05-13 19:55:50,1747166150.3416655,buy,limit,83024021
104637.3,0.00340445,2025-05-13 19:55:50,1747166150.3416655,buy,limit,83024022
104637.3,9.555e-05,2025-05-13 19:55:50,1747166150.34201,buy,limit,83024023
104643.0,5.017e-05,2025-05-13 19:55:50,1747166150.3509367,buy,limit,83024024
104654.0,5.017e-05,2025-05-13 19:55:51,1747166151.0280585,buy,limit,83024025
104654.0,9.556e-05,2025-05-13 19:55:51,1747166151.0280585,buy,limit,83024026
104654.0,0.00294816,2025-05-13 19:55:51,1747166151.0280585,buy,limit,83024027
104654.0,0.01355795,2025-05-13 19:55:51,1747166151.1071413,buy,limit,83024028
104669.9,0.00271528,2025-05-13 19:55:51,1747166151.70593,buy,market,83024031
104665.1,5.016e-05,2025-05-13 19:55:51,1747166151.70593,buy,market,83024029
104665.1,9.556e-05,2025-05-13 19:55:51,1747166151.70593,buy,market,83024030
104669.8,0.14529031,2025-05-13 19:55:55,1747166155.0010161,sell,market,83024032
104669.9,0.029,2025-05-13 19:55:56,1747166156.5608513,buy,market,83024033
104669.9,0.01559221,2025-05-13 19:55:56,1747166156.940045,buy,limit,83024034
104669.9,9.554e-05,2025-05-13 19:56:01,1747166161.442036,buy,market,83024035
104669.9,0.00174642,2025-05-13 19:56:01,1747166161.442036,buy,market,83024036
104669.9,0.0128,2025-05-13 19:56:12,1747166172.4067373,buy,limit,83024037
104669.8,0.00191775,2025-05-13 19:56:12,1747166172.8074572,sell,market,83024038
104669.9,0.00265215,2025-05-13 19:56:15,1747166175.280829,buy,market,83024039
104669.9,0.00032572,2025-05-13 19:56:18,1747166178.3443155,buy,limit,83024040
104669.9,0.00052213,2025-05-13 19:56:18,1747166178.491668,buy,limit,83024041
104669.9,0.00019077,2025-05-13 19:56:18,1747166178.491668,buy,limit,83024042
104697.9,5.014e-05,2025-05-13 19:56:19,1747166179.0743449,buy,market,83024047
104687.1,5.015e-05,2025-05-13 19:56:19,1747166179.0743449,buy,market,83024046
104701.3,0.01209656,2025-05-13 19:56:19,1747166179.0743449,buy,market,83024048
104669.9,9.553e-05,2025-05-13 19:56:19,1747166179.0743449,buy,market,83024044
104669.9,0.01631534,2025-05-13 19:56:19,1747166179.0743449,buy,market,83024043
104675.9,5.016e-05,2025-05-13 19:56:19,1747166179.0743449,buy,market,83024045
104701.3,0.01650611,2025-05-13 19:56:24,1747166184.1204336,buy,limit,83024050
104701.3,0.0035,2025-05-13 19:56:24,1747166184.1204336,buy,limit,83024051
104701.3,9.553e-05,2025-05-13 19:56:24,1747166184.1204336,buy,limit,83024049
104708.9,5.014e-05,2025-05-13 19:56:33,1747166193.0728629,buy,market,83024052
104708.9,9.551e-05,2025-05-13 19:56:33,1747166193.0728629,buy,market,83024053
104708.9,0.0149513,2025-05-13 19:56:33,1747166193.0728629,buy,market,83024054
104708.9,0.0035,2025-05-13 19:56:34,1747166194.6321363,buy,limit,83024055
104708.9,9.551e-05,2025-05-13 19:56:34,1747166194.6321363,buy,limit,83024056
104709.5,5e-05,2025-05-13 19:56:34,1747166194.6321363,buy,limit,83024057
104719.9,5.013e-05,2025-05-13 19:56:34,1747166194.6321363,buy,limit,83024058
104724.8,0.05540272,2025-05-13 19:56:34,1747166194.6321363,buy,limit,83024059
104719.6,0.01434607,2025-05-13 19:56:37,1747166197.3530085,buy,market,83024060
104719.6,0.01650611,2025-05-13 19:56:37,1747166197.3668306,buy,market,83024061
104719.6,5.278e-05,2025-05-13 19:56:37,1747166197.3668306,buy,market,83024062
104719.5,0.0001,2025-05-13 19:56:38,1747166198.932116,sell,market,83024064
104719.5,0.00338275,2025-05-13 19:56:38,1747166198.932116,sell,market,83024065
104719.5,0.0001,2025-05-13 19:56:38,1747166198.932116,sell,market,83024063
104719.6,9.549e-05,2025-05-13 19:56:57,1747166217.3405685,buy,limit,83024066
104719.6,0.004432,2025-05-13 19:56:57,1747166217.3405685,buy,limit,83024067
104719.6,0.01207411,2025-05-13 19:56:59,1747166219.5866091,buy,market,83024068
104719.6,0.0035,2025-05-13 19:56:59,1747166219.5866091,buy,market,83024069
104719.6,0.09626762,2025-05-13 19:56:59,1747166219.5866091,buy,market,83024070
104719.6,9.549e-05,2025-05-13 19:57:02,1747166222.860757,buy,market,83024071
104719.6,0.00477495,2025-05-13 19:57:02,1747166222.860757,buy,market,83024072
104719.6,0.00722505,2025-05-13 19:57:06,1747166226.8464684,buy,limit,83024073
104719.6,0.01650611,2025-05-13 19:57:06,1747166226.8464684,buy,limit,83024074
104719.6,9.549e-05,2025-05-13 19:57:06,1747166226.8464684,buy,limit,83024075
104719.6,0.02821348,2025-05-13 19:57:06,1747166226.8464687,buy,limit,83024076
104719.6,0.04335987,2025-05-13 19:57:06,1747166226.8464687,buy,limit,83024077
104719.5,0.00686452,2025-05-13 19:57:16,1747166236.818105,sell,limit,83024078
104719.6,0.00055,2025-05-13 19:57:19,1747166239.386789,buy,market,83024079
104719.5,0.0001,2025-05-13 19:57:22,1747166242.127941,sell,limit,83024082
104719.5,0.09004727,2025-05-13 19:57:22,1747166242.127941,sell,limit,83024083
104719.5,0.00975273,2025-05-13 19:57:22,1747166242.127941,sell,limit,83024080
104719.5,0.0001,2025-05-13 19:57:22,1747166242.127941,sell,limit,83024081
104719.5,0.10995273,2025-05-13 19:57:23,1747166243.2204313,sell,limit,83024084
104709.5,0.00955,2025-05-13 19:57:23,1747166243.2204313,sell,limit,83024085
104709.0,5.013e-05,2025-05-13 19:57:23,1747166243.2204313,sell,limit,83024086
104708.8,0.008,2025-05-13 19:57:23,1747166243.2204313,sell,limit,83024087
104698.0,5.014e-05,2025-05-13 19:57:23,1747166243.3060951,sell,limit,83024088
104687.0,5.014e-05,2025-05-13 19:57:23,1747166243.3060951,sell,limit,83024089
104676.0,5.015e-05,2025-05-13 19:57:23,1747166243.3060951,sell,limit,83024090
104669.8,0.00050086,2025-05-13 19:57:23,1747166243.3060951,sell,limit,83024091
104669.8,0.19949914,2025-05-13 19:57:26,1747166246.9406874,sell,limit,83024092
104669.8,0.0001,2025-05-13 19:57:26,1747166246.9406874,sell,limit,83024093
104669.8,8.6e-07,2025-05-13 19:57:26,1747166246.9406874,sell,limit,83024094
104669.8,9.914e-05,2025-05-13 19:57:26,1747166246.9450347,sell,limit,83024095
104665.0,5.016e-05,2025-05-13 19:57:26,1747166246.9517229,sell,limit,83024096
104654.0,5.016e-05,2025-05-13 19:57:27,1747166247.3233342,sell,limit,83024097
104631.9,0.01193517,2025-05-13 19:57:30,1747166250.971303,buy,limit,83024098
104631.8,0.08944575,2025-05-13 19:57:31,1747166251.0785575,sell,limit,83024099
104631.8,0.00852121,2025-05-13 19:57:31,1747166251.0785575,sell,limit,83024100
104631.8,5.017e-05,2025-05-13 19:57:31,1747166251.0785575,sell,limit,83024101
104631.8,5.017e-05,2025-05-13 19:57:31,1747166251.0785575,sell,limit,83024102
104631.8,0.0001,2025-05-13 19:57:31,1747166251.0785575,sell,limit,83024103
104631.8,3.27e-05,2025-05-13 19:57:31,1747166251.0785575,sell,limit,83024104
104621.0,5.018e-05,2025-05-13 19:57:31,1747166251.2894623,sell,limit,83024106
104610.0,5.018e-05,2025-05-13 19:57:31,1747166251.2894623,sell,limit,83024107
104631.8,6.73e-05,2025-05-13 19:57:31,1747166251.2894623,sell,limit,83024105
104608.6,0.00197495,2025-05-13 19:57:32,1747166252.3206367,buy,limit,83024108
104608.5,0.00669428,2025-05-13 19:57:32,1747166252.845325,sell,limit,83024109
104608.5,0.00226059,2025-05-13 19:57:32,1747166252.8595781,sell,limit,83024110
104608.5,0.00059513,2025-05-13 19:57:32,1747166252.862213,sell,limit,83024111
104608.2,0.00498577,2025-05-13 19:57:32,1747166252.871311,sell,limit,83024112
104608.2,9.004e-05,2025-05-13 19:57:32,1747166252.8943176,sell,limit,83024113
104608.2,9.063e-05,2025-05-13 19:57:32,1747166252.909673,sell,limit,83024114
104608.2,0.00110661,2025-05-13 19:57:32,1747166252.9213402,sell,limit,83024115
104608.2,7.365e-05,2025-05-13 19:57:32,1747166252.9381042,sell,limit,83024116
104608.3,9.559e-05,2025-05-13 19:57:39,1747166259.1730103,buy,limit,83024117
104608.3,0.0035,2025-05-13 19:57:39,1747166259.1730103,buy,limit,83024118
104608.3,0.007792,2025-05-13 19:57:39,1747166259.1730103,buy,limit,83024119
104608.3,0.00831241,2025-05-13 19:57:39,1747166259.1730103,buy,limit,83024120
104608.5,0.00142831,2025-05-13 19:57:43,1747166263.3693962,buy,market,83024121
104608.5,0.0008126,2025-05-13 19:57:47,1747166267.0569446,buy,market,83024122
104608.5,9.56e-05,2025-05-13 19:57:47,1747166267.419119,buy,limit,83024124
104608.5,0.01650611,2025-05-13 19:57:47,1747166267.419119,buy,limit,83024125
104608.5,0.00730909,2025-05-13 19:57:47,1747166267.419119,buy,limit,83024123
104608.5,0.0010892,2025-05-13 19:57:47,1747166267.4191191,buy,limit,83024126
104608.5,0.0003308,2025-05-13 19:57:49,1747166269.103801,buy,limit,83024127
104608.5,9.56e-05,2025-05-13 19:57:49,1747166269.103801,buy,limit,83024128
104608.5,0.00808,2025-05-13 19:57:49,1747166269.103801,buy,limit,83024129
104608.5,0.0034936,2025-05-13 19:57:49,1747166269.103801,buy,limit,83024130
104608.5,6.4e-06,2025-05-13 19:57:50,1747166270.3711104,buy,limit,83024131
104654.0,5.017e-05,2025-05-13 19:57:50,1747166270.3711107,buy,limit,83024137
104656.3,0.00159119,2025-05-13 19:57:50,1747166270.3711107,buy,limit,83024138
104643.0,5.017e-05,2025-05-13 19:57:50,1747166270.3711107,buy,limit,83024136
104608.5,9.56e-05,2025-05-13 19:57:50,1747166270.3711107,buy,limit,83024132
104621.1,5.018e-05,2025-05-13 19:57:50,1747166270.3711107,buy,limit,83024134
104618.3,0.01650611,2025-05-13 19:57:50,1747166270.3711107,buy,limit,83024133
104632.0,5.018e-05,2025-05-13 19:57:50,1747166270.3711107,buy,limit,83024135
104656.3,9.558e-05,2025-05-13 19:58:11,1747166291.984698,buy,limit,83024139
104656.3,0.0035,2025-05-13 19:58:11,1747166291.984698,buy,limit,83024140
104667.0,0.00032821,2025-05-13 19:58:13,1747166293.7897968,buy,market,83024141
104666.9,0.19004087,2025-05-13 19:58:13,1747166293.9629424,sell,limit,83024142
104667.0,0.016,2025-05-13 19:58:15,1747166295.5667439,buy,limit,83024143
104667.0,9.554e-05,2025-05-13 19:58:17,1747166297.2936966,buy,limit,83024144
104667.0,5.016e-05,2025-05-13 19:58:17,1747166297.2936966,buy,limit,83024145
104676.0,0.01,2025-05-13 19:58:28,1747166308.916694,sell,market,83024146
104676.1,9.553e-05,2025-05-13 19:58:35,1747166315.848167,buy,limit,83024148
104676.1,0.0017023,2025-05-13 19:58:35,1747166315.848167,buy,limit,83024149
104676.1,5.016e-05,2025-05-13 19:58:35,1747166315.848167,buy,limit,83024147
104676.1,0.00767456,2025-05-13 19:58:41,1747166321.299834,buy,limit,83024150
104676.1,9.553e-05,2025-05-13 19:58:48,1747166328.6538665,buy,market,83024151
104676.1,0.00061478,2025-05-13 19:58:48,1747166328.6538665,buy,market,83024152
104676.0,0.01812267,2025-05-13 19:58:51,1747166331.5693321,sell,market,83024153
104676.1,0.00028582,2025-05-13 19:59:01,1747166341.2387397,buy,market,83024154
104676.1,0.00214526,2025-05-13 19:59:01,1747166341.6316178,buy,market,83024155
104676.1,0.00045414,2025-05-13 19:59:03,1747166343.6402872,buy,limit,83024156
104676.1,0.00638128,2025-05-13 19:59:03,1747166343.6402872,buy,limit,83024157
104676.1,0.00016357,2025-05-13 19:59:06,1747166346.4454098,buy,limit,83024158
104676.1,0.00096112,2025-05-13 19:59:07,1747166347.5824409,buy,limit,83024159
104676.1,9.553e-05,2025-05-13 19:59:07,1747166347.5824409,buy,limit,83024160
104680.0,0.9681551,2025-05-13 19:59:07,1747166347.6407313,buy,limit,83024161
104680.0,1.18353362,2025-05-13 19:59:07,1747166347.640937,buy,limit,83024162
104680.0,0.90479084,2025-05-13 19:59:07,1747166347.6424322,buy,limit,83024163
104680.0,1.05223135,2025-05-13 19:59:07,1747166347.6436503,buy,limit,83024164
104680.0,1.26868109,2025-05-13 19:59:07,1747166347.6446083,buy,limit,83024165
104680.0,1.12511292,2025-05-13 19:59:07,1747166347.6471531,buy,limit,83024166
104680.0,1.05184269,2025-05-13 19:59:07,1747166347.647882,buy,limit,83024167
104680.0,0.31809953,2025-05-13 19:59:07,1747166347.6496193,buy,limit,83024168
104680.0,9.552e-05,2025-05-13 19:59:07,1747166347.6496193,buy,limit,83024169
104687.1,5.015e-05,2025-05-13 19:59:10,1747166350.7843642,buy,limit,83024170
104687.1,9.552e-05,2025-05-13 19:59:10,1747166350.7843642,buy,limit,83024171
104695.3,0.01650611,2025-05-13 19:59:10,1747166350.7843642,buy,limit,83024172
104698.0,5.014e-05,2025-05-13 19:59:10,1747166350.7993305,buy,limit,83024173
104698.0,9.552e-05,2025-05-13 19:59:10,1747166350.8792245,buy,limit,83024174
104707.5,0.1,2025-05-13 19:59:10,1747166350.8934216,buy,limit,83024175
104709.0,5.014e-05,2025-05-13 19:59:10,1747166350.8935633,buy,limit,83024176
104709.5,6e-05,2025-05-13 19:59:10,1747166350.8935633,buy,limit,83024177
104709.5,0.00949,2025-05-13 19:59:10,1747166350.8935633,buy,limit,83024178
104719.9,5.013e-05,2025-05-13 19:59:10,1747166350.901426,buy,limit,83024179
104707.5,9.552e-05,2025-05-13 19:59:10,1747166350.920239,buy,limit,83024180
104730.9,4.74e-06,2025-05-13 19:59:10,1747166350.920239,buy,limit,83024181
104736.5,0.31989448,2025-05-13 19:59:10,1747166350.9237933,buy,limit,83024184
104730.9,4.539e-05,2025-05-13 19:59:10,1747166350.9237933,buy,limit,83024182
104735.9,0.0015765,2025-05-13 19:59:10,1747166350.9237933,buy,limit,83024183
104736.5,9.552e-05,2025-05-13 19:59:11,1747166351.9825704,buy,market,83024185
104736.5,9.552e-05,2025-05-13 19:59:11,1747166351.9825704,buy,market,83024186
104742.0,5.012e-05,2025-05-13 19:59:11,1747166351.9825704,buy,market,83024187
104750.0,0.00075884,2025-05-13 19:59:11,1747166351.9825704,buy,market,83024188
104749.9,0.00036131,2025-05-13 19:59:13,1747166353.7988982,sell,market,83024189
104750.0,0.38110273,2025-05-13 19:59:14,1747166354.813164,buy,limit,83024190
104750.0,9.552e-05,2025-05-13 19:59:14,1747166354.813164,buy,limit,83024191
104750.0,0.01580175,2025-05-13 19:59:14,1747166354.813164,buy,limit,83024192
104752.9,5.012e-05,2025-05-13 19:59:18,1747166358.7753744,buy,limit,83024193
104752.9,9.546e-05,2025-05-13 19:59:18,1747166358.7753744,buy,limit,83024194
104752.9,0.01585442,2025-05-13 19:59:18,1747166358.7753744,buy,limit,83024195
104756.8,0.001,2025-05-13 19:59:19,1747166359.3786366,buy,limit,83024196
104756.7,0.00097554,2025-05-13 19:59:19,1747166359.408247,sell,market,83024197
104756.8,0.0008015,2025-05-13 19:59:20,1747166360.1835275,buy,limit,83024198
104756.8,9.546e-05,2025-05-13 19:59:20,1747166360.1835275,buy,limit,83024199
104763.9,5.011e-05,2025-05-13 19:59:20,1747166360.1835275,buy,limit,83024200
104774.0,0.00038046,2025-05-13 19:59:20,1747166360.1835275,buy,limit,83024201
104774.0,0.00562954,2025-05-13 19:59:25,1747166365.2912557,buy,limit,83024202
104774.0,9.546e-05,2025-05-13 19:59:25,1747166365.2912557,buy,limit,83024203
104774.0,0.016275,2025-05-13 19:59:25,1747166365.2912557,buy,limit,83024204
104775.0,5.011e-05,2025-05-13 19:59:25,1747166365.7910182,buy,limit,83024205
104775.0,9.544e-05,2025-05-13 19:59:25,1747166365.7910182,buy,limit,83024206
104777.7,0.0020265,2025-05-13 19:59:26,1747166366.3817198,buy,limit,83024207
104808.1,5.009e-05,2025-05-13 19:59:26,1747166366.38172,buy,limit,83024214
104800.0,0.00169443,2025-05-13 19:59:26,1747166366.38172,buy,limit,83024213
104799.0,0.00014326,2025-05-13 19:59:26,1747166366.38172,buy,limit,83024212
104810.6,0.00046233,2025-05-13 19:59:26,1747166366.38172,buy,limit,83024215
104786.1,5.01e-05,2025-05-13 19:59:26,1747166366.38172,buy,limit,83024210
104783.4,0.00027115,2025-05-13 19:59:26,1747166366.38172,buy,limit,83024209
104777.7,9.544e-05,2025-05-13 19:59:26,1747166366.38172,buy,limit,83024208
104797.1,5.01e-05,2025-05-13 19:59:26,1747166366.38172,buy,limit,83024211
104810.5,0.0001,2025-05-13 19:59:35,1747166375.5685225,sell,limit,83024216
104810.5,0.0001,2025-05-13 19:59:35,1747166375.5685225,sell,limit,83024217
104810.5,0.00183923,2025-05-13 19:59:35,1747166375.5685225,sell,limit,83024218
104810.6,0.00243311,2025-05-13 19:59:36,1747166376.7023826,buy,market,83024219
104810.6,8.777e-05,2025-05-13 19:59:43,1747166383.9423614,buy,market,83024221
104810.6,0.00664456,2025-05-13 19:59:43,1747166383.9423614,buy,market,83024220
104810.6,0.01650611,2025-05-13 19:59:47,1747166387.3404276,buy,limit,83024222
104810.6,0.0055,2025-05-13 19:59:47,1747166387.3404276,buy,limit,83024223
104810.6,9.544e-05,2025-05-13 19:59:47,1747166387.3404276,buy,limit,83024224
104810.6,0.0017,2025-05-13 19:59:47,1747166387.3404276,buy,limit,83024225
104819.0,5.009e-05,2025-05-13 19:59:47,1747166387.3404276,buy,limit,83024226
104842.0,0.02673422,2025-05-13 19:59:47,1747166387.3404279,buy,limit,83024234
104841.1,5.008e-05,2025-05-13 19:59:47,1747166387.3404279,buy,limit,83024233
104840.3,0.0027015,2025-05-13 19:59:47,1747166387.3404279,buy,limit,83024232
104837.1,5e-05,2025-05-13 19:59:47,1747166387.3404279,buy,limit,83024231
104832.0,0.02821348,2025-05-13 19:59:47,1747166387.3404279,buy,limit,83024229
104830.1,5.008e-05,2025-05-13 19:59:47,1747166387.3404279,buy,limit,83024228
104820.8,5.5e-05,2025-05-13 19:59:47,1747166387.3404279,buy,limit,83024227
104835.2,0.00032868,2025-05-13 19:59:47,1747166387.3404279,buy,limit,83024230
104842.0,0.00144169,2025-05-13 19:59:51,1747166391.6863663,buy,limit,83024235
104841.9,0.0006414,2025-05-13 19:59:55,1747166395.4684052,sell,limit,83024236
104842.0,9.541e-05,2025-05-13 20:00:00,1747166400.182491,buy,limit,83024237
104842.0,4.555e-05,2025-05-13 20:00:00,1747166400.182491,buy,limit,83024238
104842.0,5e-05,2025-05-13 20:00:01,1747166401.0614183,buy,market,83024239
104842.0,9.5e-05,2025-05-13 20:00:01,1747166401.9389255,buy,market,83024240
104848.7,0.03311993,2025-05-13 20:00:06,1747166406.3439806,buy,market,83024247
104863.1,5.007e-05,2025-05-13 20:00:06,1747166406.3439806,buy,market,83024251
104861.1,0.0029265,2025-05-13 20:00:06,1747166406.3439806,buy,market,83024250
104859.8,0.0001762,2025-05-13 20:00:06,1747166406.3439806,buy,market,83024249
104852.1,5.007e-05,2025-05-13 20:00:06,1747166406.3439806,buy,market,83024248
104847.6,0.03302931,2025-05-13 20:00:06,1747166406.3439806,buy,market,83024246
104842.0,9.539e-05,2025-05-13 20:00:06,1747166406.3439806,buy,market,83024245
104842.0,0.0019,2025-05-13 20:00:06,1747166406.3439806,buy,market,83024244
104842.0,0.02821348,2025-05-13 20:00:06,1747166406.3439806,buy,market,83024243
104842.0,0.01650611,2025-05-13 20:00:06,1747166406.3439806,buy,market,83024242
104842.0,0.01355325,2025-05-13 20:00:06,1747166406.3439806,buy,market,83024241
104864.8,0.00013791,2025-05-13 20:00:06,1747166406.3439808,buy,market,83024252
104866.9,0.03737139,2025-05-13 20:00:06,1747166406.3439808,buy,market,83024253
104845.8,9.539e-05,2025-05-13 20:00:08,1747166408.9367838,buy,limit,83024254
104845.8,0.00112733,2025-05-13 20:00:08,1747166408.9367838,buy,limit,83024255
104845.7,0.001,2025-05-13 20:00:09,1747166409.5683146,sell,limit,83024256
104845.7,5.007e-05,2025-05-13 20:00:11,1747166411.887187,sell,limit,83024257
104845.7,0.00011451,2025-05-13 20:00:11,1747166411.887187,sell,limit,83024258
104845.8,0.00010751,2025-05-13 20:00:13,1747166413.9485397,buy,market,83024259
104845.7,0.00243126,2025-05-13 20:00:20,1747166420.877717,sell,market,83024260
104845.7,0.0001,2025-05-13 20:00:20,1747166420.877717,sell,market,83024261
104845.7,0.0001,2025-05-13 20:00:20,1747166420.877717,sell,market,83024262
104845.7,0.00236874,2025-05-13 20:00:20,1747166420.877717,sell,market,83024263
104845.7,0.005,2025-05-13 20:00:20,1747166420.8777173,sell,market,83024264
104845.8,0.00060477,2025-05-13 20:00:20,1747166420.9423244,buy,market,83024265
104845.8,0.00095378,2025-05-13 20:00:25,1747166425.668763,buy,market,83024266
104845.7,0.00018242,2025-05-13 20:00:26,1747166426.4353242,sell,market,83024267
104845.7,0.00042212,2025-05-13 20:00:26,1747166426.8113613,sell,market,83024276
104845.7,0.00023027,2025-05-13 20:00:26,1747166426.8113613,sell,market,83024275
104845.7,0.00258937,2025-05-13 20:00:26,1747166426.8113613,sell,market,83024274
104845.7,0.00138324,2025-05-13 20:00:26,1747166426.8113613,sell,market,83024273
104845.7,0.00042387,2025-05-13 20:00:26,1747166426.8113613,sell,market,83024277
104845.7,0.00053708,2025-05-13 20:00:26,1747166426.8113613,sell,market,83024271
104845.7,0.03244884,2025-05-13 20:00:26,1747166426.8113613,sell,market,83024268
104845.7,0.00030404,2025-05-13 20:00:26,1747166426.8113613,sell,market,83024272
104845.7,0.00842875,2025-05-13 20:00:26,1747166426.8113613,sell,market,83024270
104845.7,0.01416044,2025-05-13 20:00:26,1747166426.8113613,sell,market,83024269
104845.7,0.00038325,2025-05-13 20:00:26,1747166426.8113616,sell,market,83024278
104845.7,0.00037795,2025-05-13 20:00:26,1747166426.8113616,sell,market,83024279
104845.7,0.00028037,2025-05-13 20:00:26,1747166426.8113616,sell,market,83024280
104845.8,0.00013695,2025-05-13 20:00:27,1747166427.3753204,buy,market,83024281
104845.7,0.00941565,2025-05-13 20:00:27,1747166427.811154,sell,market,83024282
104845.7,0.00095926,2025-05-13 20:00:29,1747166429.8040469,sell,market,83024283
104845.8,0.01481061,2025-05-13 20:00:32,1747166432.665561,buy,limit,83024284
104845.8,9.539e-05,2025-05-13 20:00:32,1747166432.665561,buy,limit,83024285
104845.8,0.00099701,2025-05-13 20:00:32,1747166432.6655612,buy,limit,83024286
104845.8,0.00109699,2025-05-13 20:00:32,1747166432.6655612,buy,limit,83024287
104845.7,0.00269734,2025-05-13 20:00:33,1747166433.503244,sell,market,83024288
104845.8,9.539e-05,2025-05-13 20:00:33,1747166433.7109907,buy,limit,83024290
104845.8,0.00061001,2025-05-13 20:00:33,1747166433.7109907,buy,limit,83024289
104863.1,5.007e-05,2025-05-13 20:00:34,1747166434.3742785,buy,limit,83024291
104863.1,9.537e-05,2025-05-13 20:00:34,1747166434.3742785,buy,limit,83024292
104874.1,5.007e-05,2025-05-13 20:00:35,1747166435.3966727,buy,market,83024293
104874.1,6.692e-05,2025-05-13 20:00:35,1747166435.3966727,buy,market,83024294
104874.1,0.00291008,2025-05-13 20:00:35,1747166435.5267537,buy,market,83024295
104874.1,0.00014257,2025-05-13 20:00:35,1747166435.7079265,buy,market,83024296
104874.1,0.00174115,2025-05-13 20:00:35,1747166435.8410609,buy,market,83024297
104874.1,0.01,2025-05-13 20:00:36,1747166436.5954525,buy,limit,83024298
104881.9,0.01332237,2025-05-13 20:00:49,1747166449.5130918,sell,limit,83024299
104882.0,0.003153,2025-05-13 20:00:50,1747166450.6533577,buy,market,83024300
104882.0,9.534e-05,2025-05-13 20:00:50,1747166450.6533577,buy,market,83024301
104882.0,0.00464195,2025-05-13 20:00:50,1747166450.6533577,buy,market,83024302
104882.0,0.011,2025-05-13 20:01:05,1747166465.725435,buy,market,83024303
104881.9,0.03244849,2025-05-13 20:01:09,1747166469.1375945,sell,limit,83024304
104882.0,9.534e-05,2025-05-13 20:01:11,1747166471.1257718,buy,market,83024305
104882.0,0.00531293,2025-05-13 20:01:11,1747166471.1257718,buy,market,83024306
104881.9,0.02383633,2025-05-13 20:01:15,1747166475.6732955,sell,market,83024311
104881.9,0.001,2025-05-13 20:01:15,1747166475.6732955,sell,market,83024310
104863.0,5.006e-05,2025-05-13 20:01:15,1747166475.6732955,sell,market,83024312
104881.9,0.0001,2025-05-13 20:01:15,1747166475.6732955,sell,market,83024308
104881.9,0.00014354,2025-05-13 20:01:15,1747166475.6732955,sell,market,83024307
104881.9,0.0001,2025-05-13 20:01:15,1747166475.6732955,sell,market,83024309
104852.0,5.007e-05,2025-05-13 20:01:15,1747166475.6732955,sell,market,83024313
104847.7,0.0127063,2025-05-13 20:01:15,1747166475.6732957,sell,market,83024314
104842.0,0.00142297,2025-05-13 20:01:29,1747166489.9191246,sell,market,83024315
104842.0,0.00147498,2025-05-13 20:01:30,1747166490.4706354,sell,market,83024316
104842.0,0.0001,2025-05-13 20:01:30,1747166490.4706354,sell,market,83024317
104842.0,0.0001,2025-05-13 20:01:30,1747166490.4706354,sell,market,83024318
104841.9,0.00307302,2025-05-13 20:01:30,1747166490.4706354,sell,market,83024319
104841.9,0.00109863,2025-05-13 20:01:30,1747166490.9326992,sell,limit,83024320
104841.9,0.00059743,2025-05-13 20:01:31,1747166491.1236057,sell,limit,83024321
104841.0,5.007e-05,2025-05-13 20:01:31,1747166491.9646428,sell,market,83024322
104826.7,4.874e-05,2025-05-13 20:01:31,1747166491.964643,sell,market,83024324
104830.0,5.008e-05,2025-05-13 20:01:31,1747166491.964643,sell,market,83024323
104820.0,9.538e-05,2025-05-13 20:01:32,1747166492.1777432,buy,limit,83024325
104820.0,0.00358577,2025-05-13 20:01:32,1747166492.1777432,buy,limit,83024326
104819.1,2.3850615,2025-05-13 20:01:49,1747166509.6790512,buy,limit,83024336
104819.1,0.2531,2025-05-13 20:01:49,1747166509.6790512,buy,limit,83024335
104819.1,0.02821348,2025-05-13 20:01:49,1747166509.6790512,buy,limit,83024334
104819.1,0.247588,2025-05-13 20:01:49,1747166509.6790512,buy,limit,83024333
104819.1,0.45582846,2025-05-13 20:01:49,1747166509.6790512,buy,limit,83024332
104819.1,0.03040296,2025-05-13 20:01:49,1747166509.6790512,buy,limit,83024330
104819.1,1.9084214,2025-05-13 20:01:49,1747166509.6790512,buy,limit,83024329
104819.1,0.01650611,2025-05-13 20:01:49,1747166509.6790512,buy,limit,83024328
104819.1,9.54e-05,2025-05-13 20:01:49,1747166509.6790512,buy,limit,83024327
104819.1,0.01908049,2025-05-13 20:01:49,1747166509.6790512,buy,limit,83024331
104819.1,0.2512,2025-05-13 20:01:49,1747166509.6790514,buy,limit,83024344
104819.1,0.2582,2025-05-13 20:01:49,1747166509.6790514,buy,limit,83024337
104819.1,0.2529,2025-05-13 20:01:49,1747166509.6790514,buy,limit,83024338
104819.1,0.2567,2025-05-13 20:01:49,1747166509.6790514,buy,limit,83024339
104819.1,0.2569,2025-05-13 20:01:49,1747166509.6790514,buy,limit,83024340
104819.1,0.38,2025-05-13 20:01:49,1747166509.6790514,buy,limit,83024341
104819.1,0.04,2025-05-13 20:01:49,1747166509.6790514,buy,limit,83024342
104819.1,0.004,2025-05-13 20:01:49,1747166509.6790514,buy,limit,83024343
104819.1,0.0022,2025-05-13 20:01:49,1747166509.6790514,buy,limit,83024345
104819.2,0.00567678,2025-05-13 20:01:57,1747166517.9451375,buy,market,83024346
104819.2,0.01082933,2025-05-13 20:02:08,1747166528.3203764,buy,limit,83024347
104819.2,9.54e-05,2025-05-13 20:02:08,1747166528.3203764,buy,limit,83024348
104819.2,0.00471667,2025-05-13 20:02:08,1747166528.3203764,buy,limit,83024349
104819.2,0.0021418,2025-05-13 20:02:08,1747166528.4349616,buy,market,83024350
104819.1,0.00020514,2025-05-13 20:02:08,1747166528.6103833,sell,limit,83024351
104819.1,0.00477012,2025-05-13 20:02:10,1747166530.60857,sell,market,83024352
104819.2,0.00068064,2025-05-13 20:02:14,1747166534.5251634,buy,limit,83024353
104819.2,0.01908047,2025-05-13 20:02:19,1747166539.337432,buy,market,83024354
104819.2,0.00413092,2025-05-13 20:02:22,1747166542.7847812,buy,limit,83024355
104819.1,0.002,2025-05-13 20:02:25,1747166545.2418885,sell,market,83024356
104819.1,0.00133085,2025-05-13 20:02:28,1747166548.586016,sell,market,83024357
104819.2,0.25,2025-05-13 20:02:28,1747166548.8252351,buy,market,83024358
104819.1,0.00498,2025-05-13 20:02:30,1747166550.600117,sell,limit,83024359
104819.2,0.00012703,2025-05-13 20:02:35,1747166555.472113,buy,market,83024360
104819.1,0.00109796,2025-05-13 20:02:36,1747166556.2741663,sell,limit,83024361
104819.1,0.90141041,2025-05-13 20:02:43,1747166563.3762417,sell,limit,83024362
104819.2,0.01805094,2025-05-13 20:02:44,1747166564.1301858,buy,market,83024363
104819.1,0.001,2025-05-13 20:02:45,1747166565.3275645,sell,market,83024364
104819.2,0.00035,2025-05-13 20:02:45,1747166565.7010474,buy,market,83024365
104819.1,0.0001,2025-05-13 20:03:01,1747166581.9104986,sell,limit,83024366
104819.1,0.2531,2025-05-13 20:03:01,1747166581.9110231,sell,limit,83024367
104819.1,0.38102345,2025-05-13 20:03:01,1747166581.911265,sell,limit,83024368
104819.1,0.0001,2025-05-13 20:03:01,1747166581.911265,sell,limit,83024369
104819.1,0.0001,2025-05-13 20:03:01,1747166581.911265,sell,limit,83024370
104819.0,5.008e-05,2025-05-13 20:03:01,1747166581.912181,sell,limit,83024371
104810.6,0.0095,2025-05-13 20:03:02,1747166582.0167398,sell,limit,83024372
104810.6,4e-05,2025-05-13 20:03:02,1747166582.050418,sell,limit,83024373
104808.0,5.009e-05,2025-05-13 20:03:02,1747166582.050418,sell,limit,83024374
104800.0,0.1396,2025-05-13 20:03:03,1747166583.35822,sell,limit,83024375
104800.0,7.91e-06,2025-05-13 20:03:03,1747166583.3612416,sell,limit,83024376
104798.1,0.3199,2025-05-13 20:03:03,1747166583.4069016,sell,limit,83024377
104798.1,9e-05,2025-05-13 20:03:03,1747166583.4119608,sell,limit,83024378
104797.0,5.009e-05,2025-05-13 20:03:03,1747166583.4120574,sell,limit,83024379
104786.0,5.01e-05,2025-05-13 20:03:03,1747166583.4121995,sell,limit,83024380
104775.0,5.01e-05,2025-05-13 20:03:03,1747166583.4233515,sell,limit,83024381
104764.0,5.011e-05,2025-05-13 20:03:06,1747166586.482401,sell,limit,83024382
104764.0,0.0001,2025-05-13 20:03:06,1747166586.482401,sell,limit,83024383
104764.0,0.0001,2025-05-13 20:03:06,1747166586.482401,sell,limit,83024384
104753.0,5.011e-05,2025-05-13 20:03:06,1747166586.482401,sell,limit,83024385
104750.0,0.00096378,2025-05-13 20:03:06,1747166586.4824011,sell,limit,83024386
104750.0,0.00038984,2025-05-13 20:03:12,1747166592.254754,sell,market,83024387
104750.1,0.16995448,2025-05-13 20:03:14,1747166594.4258845,buy,limit,83024389
104750.1,0.01650611,2025-05-13 20:03:14,1747166594.4258845,buy,limit,83024388
104750.1,9.405e-05,2025-05-13 20:03:17,1747166597.186422,buy,limit,83024390
104750.1,0.00014108,2025-05-13 20:03:17,1747166597.1883867,buy,limit,83024391
104750.1,0.00047027,2025-05-13 20:03:17,1747166597.2283242,buy,limit,83024392
104750.1,9.499e-05,2025-05-13 20:03:17,1747166597.362703,buy,limit,83024393
104750.1,0.00949904,2025-05-13 20:03:17,1747166597.3687642,buy,limit,83024394
104750.1,2.351e-05,2025-05-13 20:03:17,1747166597.4235842,buy,limit,83024395
104750.1,8.813e-05,2025-05-13 20:03:19,1747166599.051317,buy,limit,83024396
104750.1,0.01466494,2025-05-13 20:03:21,1747166601.5328054,buy,market,83024397
104750.1,8.813e-05,2025-05-13 20:03:22,1747166602.6868873,buy,limit,83024398
104750.0,0.00527471,2025-05-13 20:03:25,1747166605.7229154,sell,market,83024405
104750.0,0.00053502,2025-05-13 20:03:25,1747166605.7229154,sell,market,83024404
104750.0,0.00921212,2025-05-13 20:03:25,1747166605.7229154,sell,market,83024403
104750.0,0.00844009,2025-05-13 20:03:25,1747166605.7229154,sell,market,83024406
104750.0,0.00816183,2025-05-13 20:03:25,1747166605.7229154,sell,market,83024401
104750.0,0.00385324,2025-05-13 20:03:25,1747166605.7229154,sell,market,83024400
104750.0,0.00360315,2025-05-13 20:03:25,1747166605.7229154,sell,market,83024399
104750.0,0.00822222,2025-05-13 20:03:25,1747166605.7229154,sell,market,83024402
104750.0,0.00334637,2025-05-13 20:03:25,1747166605.7229156,sell,market,83024418
104750.0,0.00207064,2025-05-13 20:03:25,1747166605.7229156,sell,market,83024425
104750.0,0.0032495,2025-05-13 20:03:25,1747166605.7229156,sell,market,83024424
104750.0,0.00253522,2025-05-13 20:03:25,1747166605.7229156,sell,market,83024423
104750.0,0.00273024,2025-05-13 20:03:25,1747166605.7229156,sell,market,83024422
104750.0,0.00292685,2025-05-13 20:03:25,1747166605.7229156,sell,market,83024421
104750.0,0.00292685,2025-05-13 20:03:25,1747166605.7229156,sell,market,83024420
104750.0,0.00433267,2025-05-13 20:03:25,1747166605.7229156,sell,market,83024419
104750.0,0.00649762,2025-05-13 20:03:25,1747166605.7229156,sell,market,83024417
104750.0,8.261e-05,2025-05-13 20:03:25,1747166605.7229156,sell,market,83024412
104750.0,0.00868128,2025-05-13 20:03:25,1747166605.7229156,sell,market,83024415
104750.0,0.00257318,2025-05-13 20:03:25,1747166605.7229156,sell,market,83024414
104750.0,0.00082959,2025-05-13 20:03:25,1747166605.7229156,sell,market,83024413
104750.0,0.00758877,2025-05-13 20:03:25,1747166605.7229156,sell,market,83024416
104750.0,0.00057008,2025-05-13 20:03:25,1747166605.7229156,sell,market,83024411
104750.0,0.00090349,2025-05-13 20:03:25,1747166605.7229156,sell,market,83024410
104750.0,0.00063871,2025-05-13 20:03:25,1747166605.7229156,sell,market,83024409
104750.0,0.01485209,2025-05-13 20:03:25,1747166605.7229156,sell,market,83024408
104750.0,0.01372623,2025-05-13 20:03:25,1747166605.7229156,sell,market,83024407
104750.0,0.00243771,2025-05-13 20:03:25,1747166605.722916,sell,market,83024426
104750.0,0.00224261,2025-05-13 20:03:25,1747166605.722916,sell,market,83024427
104750.0,0.34393563,2025-05-13 20:03:28,1747166608.6571212,sell,market,83024428
104750.0,0.00109289,2025-05-13 20:03:37,1747166617.158016,sell,limit,83024429
104750.1,0.00954653,2025-05-13 20:03:40,1747166620.3945591,buy,market,83024430
104750.1,0.01432032,2025-05-13 20:03:41,1747166621.1643417,buy,market,83024431
104750.0,0.0003272,2025-05-13 20:03:45,1747166625.1124828,sell,limit,83024432
104750.0,0.02024597,2025-05-13 20:03:45,1747166625.60054,sell,limit,83024433
104750.0,0.0001,2025-05-13 20:03:45,1747166625.60054,sell,limit,83024434
104750.0,0.0001,2025-05-13 20:03:45,1747166625.60054,sell,limit,83024435
104742.0,5.012e-05,2025-05-13 20:03:47,1747166627.3107169,sell,limit,83024436
104742.0,0.0001,2025-05-13 20:03:47,1747166627.310717,sell,limit,83024437
104742.0,0.0001,2025-05-13 20:03:47,1747166627.310717,sell,limit,83024438
104731.0,5.012e-05,2025-05-13 20:03:48,1747166628.230715,sell,limit,83024439
104720.1,0.00465204,2025-05-13 20:03:50,1747166630.7804692,buy,limit,83024440
104720.1,0.00181021,2025-05-13 20:03:53,1747166633.1655083,buy,market,83024441
104720.1,0.00101548,2025-05-13 20:03:58,1747166638.1707742,buy,limit,83024442
104720.0,0.00319714,2025-05-13 20:04:07,1747166647.1976006,sell,limit,83024446
104720.0,0.0001,2025-05-13 20:04:07,1747166647.1976006,sell,limit,83024445
104720.0,0.0001,2025-05-13 20:04:07,1747166647.1976006,sell,limit,83024444
104720.0,5.013e-05,2025-05-13 20:04:07,1747166647.1976006,sell,limit,83024443
104720.0,0.00480286,2025-05-13 20:04:08,1747166648.2297785,sell,market,83024447
104720.0,0.04,2025-05-13 20:04:08,1747166648.2297785,sell,market,83024448
104720.0,0.20519714,2025-05-13 20:04:08,1747166648.2297785,sell,market,83024449
104720.0,0.04790286,2025-05-13 20:04:08,1747166648.2297785,sell,market,83024450
104720.0,0.20209714,2025-05-13 20:04:08,1747166648.2297785,sell,market,83024451
104720.0,0.05100286,2025-05-13 20:04:08,1747166648.2297785,sell,market,83024452
104720.0,0.01909854,2025-05-13 20:04:08,1747166648.2297785,sell,market,83024453
104720.0,0.1798986,2025-05-13 20:04:08,1747166648.2297785,sell,market,83024454
104720.1,9.548e-05,2025-05-13 20:04:09,1747166649.784555,buy,market,83024455
104720.1,0.02,2025-05-13 20:04:09,1747166649.784555,buy,market,83024456
104720.1,0.01650611,2025-05-13 20:04:09,1747166649.784555,buy,market,83024457
104730.4,0.00290273,2025-05-13 20:04:09,1747166649.784555,buy,market,83024458
104731.0,5.013e-05,2025-05-13 20:04:09,1747166649.784555,buy,market,83024459
104742.0,5.012e-05,2025-05-13 20:04:09,1747166649.784555,buy,market,83024460
104742.0,5.012e-05,2025-05-13 20:04:09,1747166649.784555,buy,market,83024460
104743.6,0.0875335,2025-05-13 20:04:09,1747166649.7845552,buy,market,83024461
104743.5,0.02895149,2025-05-13 20:04:10,1747166650.897571,sell,limit,83024462
104743.6,9.549e-05,2025-05-13 20:04:12,1747166652.2196002,buy,limit,83024463
104743.6,9.084e-05,2025-05-13 20:04:12,1747166652.2196002,buy,limit,83024464
104743.6,0.01641527,2025-05-13 20:04:17,1747166657.4692688,buy,market,83024465
104743.6,0.004028,2025-05-13 20:04:17,1747166657.4692688,buy,market,83024466
104743.6,9.549e-05,2025-05-13 20:04:17,1747166657.4692688,buy,market,83024467
104750.0,0.0143464,2025-05-13 20:04:17,1747166657.4692688,buy,market,83024468
104750.1,0.00268526,2025-05-13 20:04:17,1747166657.4692688,buy,market,83024469
104751.5,0.1,2025-05-13 20:04:17,1747166657.4692688,buy,market,83024470
104753.0,5.012e-05,2025-05-13 20:04:17,1747166657.4692688,buy,market,83024471
104760.4,0.0005788,2025-05-13 20:04:17,1747166657.4692688,buy,market,83024472
104761.5,0.26464249,2025-05-13 20:04:17,1747166657.4692688,buy,market,83024473
104761.4,0.00232817,2025-05-13 20:04:23,1747166663.4861941,buy,limit,83024474
104761.3,0.0001,2025-05-13 20:04:30,1747166670.4071462,sell,limit,83024475
104761.3,4.37e-06,2025-05-13 20:04:30,1747166670.4071462,sell,limit,83024476
104761.3,0.0001,2025-05-13 20:04:36,1747166676.9376817,sell,limit,83024478
104756.2,0.24982755,2025-05-13 20:04:36,1747166676.9376817,sell,limit,83024479
104761.3,9.563e-05,2025-05-13 20:04:36,1747166676.9376817,sell,limit,83024477
104756.3,0.0019091,2025-05-13 20:04:48,1747166688.8691108,buy,limit,83024480
104756.2,8.964e-05,2025-05-13 20:05:04,1747166704.3869877,sell,limit,83024481
104756.2,0.07007281,2025-05-13 20:05:07,1747166707.6828382,sell,limit,83024482
104756.2,0.0001,2025-05-13 20:05:07,1747166707.6828382,sell,limit,83024483
104756.2,2.719e-05,2025-05-13 20:05:07,1747166707.6828382,sell,limit,83024484
104756.2,7.281e-05,2025-05-13 20:05:07,1747166707.6855464,sell,limit,83024485
104743.5,0.0021,2025-05-13 20:05:08,1747166708.5777545,sell,limit,83024486
104743.5,8.629e-05,2025-05-13 20:05:08,1747166708.5811458,sell,limit,83024487
104742.0,5.012e-05,2025-05-13 20:05:08,1747166708.5811458,sell,limit,83024488
104731.0,5.012e-05,2025-05-13 20:05:08,1747166708.5811458,sell,limit,83024489
104720.0,5.013e-05,2025-05-13 20:05:09,1747166709.3159614,sell,limit,83024490
104720.0,0.0001,2025-05-13 20:05:09,1747166709.3159614,sell,limit,83024491
104709.6,9.548e-05,2025-05-13 20:05:09,1747166709.7197268,buy,limit,83024492
104709.6,0.11126951,2025-05-13 20:05:09,1747166709.7197268,buy,limit,83024493
104709.6,8.758e-05,2025-05-13 20:05:10,1747166710.4629898,buy,market,83024494
104709.5,0.00065351,2025-05-13 20:05:10,1747166710.8391497,sell,market,83024495
104709.6,0.00016,2025-05-13 20:05:10,1747166710.941697,buy,limit,83024496
104709.5,0.00028794,2025-05-13 20:05:11,1747166711.390319,sell,market,83024497
104709.5,0.00254989,2025-05-13 20:05:12,1747166712.0729709,sell,limit,83024498
104709.5,0.00605866,2025-05-13 20:05:13,1747166713.7149894,sell,market,83024499
104709.5,0.0001,2025-05-13 20:05:13,1747166713.7149894,sell,market,83024500
104709.5,0.00349,2025-05-13 20:05:13,1747166713.7149894,sell,market,83024501
104709.0,5.013e-05,2025-05-13 20:05:13,1747166713.7149894,sell,market,83024502
104698.0,5.014e-05,2025-05-13 20:05:13,1747166713.7149894,sell,market,83024503
104687.0,5.014e-05,2025-05-13 20:05:13,1747166713.7149894,sell,market,83024504
104676.0,0.00095714,2025-05-13 20:05:13,1747166713.7149894,sell,market,83024505
104676.0,0.00856746,2025-05-13 20:05:13,1747166713.7149894,sell,market,83024506
104676.0,9.719e-05,2025-05-13 20:05:14,1747166714.8187296,sell,market,83024507
104676.0,0.00010362,2025-05-13 20:05:19,1747166719.6595592,sell,market,83024508
104654.0,5.016e-05,2025-05-13 20:05:24,1747166724.243367,sell,market,83024517
104643.0,5.017e-05,2025-05-13 20:05:24,1747166724.243367,sell,market,83024518
104656.2,0.00477754,2025-05-13 20:05:24,1747166724.243367,sell,market,83024516
104634.0,0.00832258,2025-05-13 20:05:24,1747166724.243367,sell,market,83024520
104638.0,0.00601,2025-05-13 20:05:24,1747166724.243367,sell,market,83024519
104656.3,0.03279089,2025-05-13 20:05:24,1747166724.243367,sell,market,83024515
104676.0,0.0122674,2025-05-13 20:05:24,1747166724.243367,sell,market,83024509
104665.0,5.016e-05,2025-05-13 20:05:24,1747166724.243367,sell,market,83024513
104676.0,5.015e-05,2025-05-13 20:05:24,1747166724.243367,sell,market,83024510
104656.3,4.42e-06,2025-05-13 20:05:24,1747166724.243367,sell,market,83024514
104676.0,0.0001,2025-05-13 20:05:24,1747166724.243367,sell,market,83024512
104676.0,0.0001,2025-05-13 20:05:24,1747166724.243367,sell,market,83024511
104632.0,5.017e-05,2025-05-13 20:05:31,1747166731.4595673,sell,limit,83024521
104632.0,0.0001,2025-05-13 20:05:31,1747166731.4595673,sell,limit,83024522
104632.0,0.0001,2025-05-13 20:05:31,1747166731.4595675,sell,limit,83024523
104631.3,0.0005,2025-05-13 20:05:31,1747166731.77505,sell,limit,83024524
104625.0,0.00048382,2025-05-13 20:05:31,1747166731.77505,sell,limit,83024525
104625.1,0.01323291,2025-05-13 20:05:36,1747166736.744375,buy,limit,83024526
104608.5,0.00166366,2025-05-13 20:05:38,1747166738.1916354,sell,market,83024533
104610.0,5.018e-05,2025-05-13 20:05:38,1747166738.1916354,sell,market,83024532
104614.0,0.00029296,2025-05-13 20:05:38,1747166738.1916354,sell,market,83024531
104625.0,0.0001,2025-05-13 20:05:38,1747166738.1916354,sell,market,83024528
104625.0,0.00029982,2025-05-13 20:05:38,1747166738.1916354,sell,market,83024527
104625.0,0.0001,2025-05-13 20:05:38,1747166738.1916354,sell,market,83024529
104621.0,5.018e-05,2025-05-13 20:05:38,1747166738.1916354,sell,market,83024530
104608.5,0.00230512,2025-05-13 20:05:46,1747166746.380872,sell,limit,83024534
104608.5,1.2e-05,2025-05-13 20:05:57,1747166757.0207582,sell,limit,83024535
104608.5,5e-05,2025-05-13 20:06:08,1747166768.6182635,sell,market,83024536
104608.6,9.559e-05,2025-05-13 20:06:09,1747166769.6822593,buy,limit,83024537
104608.6,0.01650611,2025-05-13 20:06:09,1747166769.6822593,buy,limit,83024538
104608.6,0.01911888,2025-05-13 20:06:09,1747166769.6822593,buy,limit,83024539
104608.6,0.05822972,2025-05-13 20:06:09,1747166769.6822593,buy,limit,83024540
104608.5,0.0023,2025-05-13 20:06:11,1747166771.9249704,sell,market,83024545
104599.0,5.019e-05,2025-05-13 20:06:11,1747166771.9249704,sell,market,83024548
104608.2,0.01277226,2025-05-13 20:06:11,1747166771.9249704,sell,market,83024547
104608.5,0.0122,2025-05-13 20:06:11,1747166771.9249704,sell,market,83024546
104608.5,0.00166,2025-05-13 20:06:11,1747166771.9249704,sell,market,83024544
104608.5,0.0001,2025-05-13 20:06:11,1747166771.9249704,sell,market,83024542
104608.5,0.00551922,2025-05-13 20:06:11,1747166771.9249704,sell,market,83024541
104608.5,0.0001,2025-05-13 20:06:11,1747166771.9249704,sell,market,83024543
104550.0,0.1575121,2025-05-13 20:06:11,1747166771.9249706,sell,market,83024555
104566.0,5.02e-05,2025-05-13 20:06:11,1747166771.9249706,sell,market,83024553
104568.8,5.5e-05,2025-05-13 20:06:11,1747166771.9249706,sell,market,83024552
104551.1,0.00918211,2025-05-13 20:06:11,1747166771.9249706,sell,market,83024554
104585.2,0.04839853,2025-05-13 20:06:11,1747166771.9249706,sell,market,83024550
104588.0,5.019e-05,2025-05-13 20:06:11,1747166771.9249706,sell,market,83024549
104577.0,5.02e-05,2025-05-13 20:06:11,1747166771.9249706,sell,market,83024551
104550.1,0.00087956,2025-05-13 20:06:15,1747166775.3881707,buy,limit,83024556
104533.0,5.022e-05,2025-05-13 20:06:18,1747166778.4002962,sell,market,83024565
104511.0,0.00057061,2025-05-13 20:06:18,1747166778.4002962,sell,market,83024568
104511.1,0.0008,2025-05-13 20:06:18,1747166778.4002962,sell,market,83024567
104511.0,5.023e-05,2025-05-13 20:06:18,1747166778.4002962,sell,market,83024569
104522.0,5.022e-05,2025-05-13 20:06:18,1747166778.4002962,sell,market,83024566
104533.0,0.02,2025-05-13 20:06:18,1747166778.4002962,sell,market,83024564
104550.0,0.0001,2025-05-13 20:06:18,1747166778.4002962,sell,market,83024559
104544.0,5.021e-05,2025-05-13 20:06:18,1747166778.4002962,sell,market,83024562
104550.0,5.021e-05,2025-05-13 20:06:18,1747166778.4002962,sell,market,83024561
104550.0,0.0001,2025-05-13 20:06:18,1747166778.4002962,sell,market,83024560
104550.0,0.00089746,2025-05-13 20:06:18,1747166778.4002962,sell,market,83024558
104550.0,0.0924879,2025-05-13 20:06:18,1747166778.4002962,sell,market,83024557
104541.6,0.01279394,2025-05-13 20:06:18,1747166778.4002962,sell,market,83024563
104500.0,0.00019138,2025-05-13 20:06:18,1747166778.4002964,sell,market,83024576
104497.9,0.03767776,2025-05-13 20:06:18,1747166778.4002964,sell,market,83024578
104500.0,5.023e-05,2025-05-13 20:06:18,1747166778.4002964,sell,market,83024577
104500.0,0.00287081,2025-05-13 20:06:18,1747166778.4002964,sell,market,83024574
104500.0,0.01148325,2025-05-13 20:06:18,1747166778.4002964,sell,market,83024575
104500.0,0.00095693,2025-05-13 20:06:18,1747166778.4002964,sell,market,83024573
104501.1,0.0091865,2025-05-13 20:06:18,1747166778.4002964,sell,market,83024572
104502.0,0.00601,2025-05-13 20:06:18,1747166778.4002964,sell,market,83024571
104507.5,0.00956,2025-05-13 20:06:18,1747166778.4002964,sell,market,83024570
104497.9,0.0962816,2025-05-13 20:06:20,1747166780.3048468,sell,market,83024579
104497.9,0.09629476,2025-05-13 20:06:20,1747166780.3048468,sell,market,83024580
104498.0,0.00025713,2025-05-13 20:06:20,1747166780.305032,buy,market,83024581
104497.9,0.00095482,2025-05-13 20:06:21,1747166781.306228,sell,market,83024582
104497.9,0.00959864,2025-05-13 20:06:21,1747166781.3063478,sell,market,83024583
104497.9,0.0012968,2025-05-13 20:06:23,1747166783.3651705,sell,limit,83024584
104497.9,0.0001,2025-05-13 20:06:23,1747166783.3651705,sell,limit,83024585
104497.9,0.0001,2025-05-13 20:06:23,1747166783.3651707,sell,limit,83024586
104489.0,5.024e-05,2025-05-13 20:06:23,1747166783.3651707,sell,limit,83024587
104478.0,5.024e-05,2025-05-13 20:06:23,1747166783.3651707,sell,limit,83024588
104475.1,0.00065185,2025-05-13 20:06:26,1747166786.6480992,buy,limit,83024590
104475.1,9.57e-05,2025-05-13 20:06:26,1747166786.6480992,buy,limit,83024589
104475.1,0.01659063,2025-05-13 20:06:26,1747166786.9694653,buy,limit,83024591
104475.1,0.10525599,2025-05-13 20:06:26,1747166786.9694653,buy,limit,83024592
104475.1,0.00038286,2025-05-13 20:06:34,1747166794.1874464,buy,market,83024593
104475.1,0.01612325,2025-05-13 20:06:36,1747166796.2579386,buy,market,83024594
104475.1,9.57e-05,2025-05-13 20:06:36,1747166796.2579386,buy,market,83024595
104488.9,5.024e-05,2025-05-13 20:06:36,1747166796.2579386,buy,market,83024596
104498.0,0.00015555,2025-05-13 20:06:36,1747166796.2579386,buy,market,83024597
104499.9,5.024e-05,2025-05-13 20:06:36,1747166796.2579386,buy,market,83024598
104507.5,0.00956,2025-05-13 20:06:36,1747166796.2579386,buy,market,83024599
104508.6,0.38274362,2025-05-13 20:06:36,1747166796.2579386,buy,market,83024600
104511.0,5.023e-05,2025-05-13 20:06:36,1747166796.2579386,buy,market,83024601
104512.2,0.02821348,2025-05-13 20:06:36,1747166796.2579386,buy,market,83024602
104512.7,1.06295769,2025-05-13 20:06:36,1747166796.2579386,buy,market,83024603
104512.7,0.0909,2025-05-13 20:06:36,1747166796.8919566,buy,limit,83024604
104521.9,5.023e-05,2025-05-13 20:07:00,1747166820.7898512,buy,limit,83024605
104532.9,4.313e-05,2025-05-13 20:07:05,1747166825.8250165,buy,limit,83024607
104532.9,5.022e-05,2025-05-13 20:07:05,1747166825.8250165,buy,limit,83024606
104532.9,0.00047134,2025-05-13 20:07:05,1747166825.9207094,buy,limit,83024608
104532.8,0.05111384,2025-05-13 20:07:06,1747166826.805924,sell,limit,83024609
104532.8,0.00208231,2025-05-13 20:07:07,1747166827.5715659,sell,market,83024610
104544.1,5.022e-05,2025-05-13 20:07:10,1747166830.2774262,buy,limit,83024611
104550.0,0.0191296,2025-05-13 20:07:13,1747166833.0846853,sell,limit,83024612
104550.0,0.09998128,2025-05-13 20:07:13,1747166833.0846853,sell,limit,83024613
104550.0,0.00121813,2025-05-13 20:07:18,1747166838.7720215,sell,market,83024614
104550.1,0.00459894,2025-05-13 20:07:22,1747166842.8438659,buy,limit,83024615
104550.1,0.00140023,2025-05-13 20:07:26,1747166846.3620691,buy,limit,83024616
104550.1,0.00956479,2025-05-13 20:07:27,1747166847.7809095,buy,market,83024617
104550.1,0.00100628,2025-05-13 20:07:28,1747166848.2389066,buy,limit,83024618
104550.0,0.00068,2025-05-13 20:07:32,1747166852.2242844,sell,market,83024619
104550.1,0.00955977,2025-05-13 20:07:33,1747166853.8406305,buy,limit,83024620
104550.0,0.01304086,2025-05-13 20:07:34,1747166854.9441018,sell,market,83024621
104550.1,0.07386999,2025-05-13 20:07:36,1747166856.8248613,buy,limit,83024622
104550.1,0.00793437,2025-05-13 20:07:36,1747166856.8248615,buy,limit,83024624
104550.1,9.564e-05,2025-05-13 20:07:36,1747166856.8248615,buy,limit,83024623
104550.1,0.00286341,2025-05-13 20:07:42,1747166862.506771,buy,market,83024625
104550.1,0.0002958,2025-05-13 20:07:46,1747166866.252005,buy,limit,83024626
104550.1,9.564e-05,2025-05-13 20:07:46,1747166866.252005,buy,limit,83024627
104550.1,0.00147486,2025-05-13 20:07:46,1747166866.252005,buy,limit,83024628
104550.1,0.02869134,2025-05-13 20:07:46,1747166866.513981,buy,limit,83024629
104550.1,0.00095648,2025-05-13 20:07:47,1747166867.9911034,buy,market,83024630
104550.0,0.0001,2025-05-13 20:07:52,1747166872.285482,sell,limit,83024631
104550.0,0.0001,2025-05-13 20:07:52,1747166872.285482,sell,limit,83024632
104550.0,0.01921655,2025-05-13 20:07:52,1747166872.285482,sell,limit,83024633
104550.1,0.00564017,2025-05-13 20:07:53,1747166873.3337886,buy,limit,83024634
104550.1,0.00148046,2025-05-13 20:07:53,1747166873.6225033,buy,market,83024635
104550.0,0.0001,2025-05-13 20:07:55,1747166875.4113994,sell,limit,83024637
104550.0,0.0001,2025-05-13 20:07:55,1747166875.4113994,sell,limit,83024638
104550.0,0.00078345,2025-05-13 20:07:55,1747166875.4113994,sell,limit,83024636
104518.5,0.00089384,2025-05-13 20:07:55,1747166875.4113996,sell,limit,83024641
104522.0,5.022e-05,2025-05-13 20:07:55,1747166875.4113996,sell,limit,83024640
104533.0,5.022e-05,2025-05-13 20:07:55,1747166875.4113996,sell,limit,83024639
104518.7,9.565e-05,2025-05-13 20:07:56,1747166876.9427245,buy,market,83024642
104518.7,0.0009,2025-05-13 20:08:06,1747166886.8830018,buy,limit,83024643
104518.7,0.0153,2025-05-13 20:08:08,1747166888.3351164,buy,limit,83024644
104518.7,1.885e-05,2025-05-13 20:08:12,1747166892.3179696,buy,limit,83024645
104518.6,0.004,2025-05-13 20:08:15,1747166895.0734904,sell,market,83024646
104518.6,0.03399957,2025-05-13 20:08:15,1747166895.0734904,sell,market,83024647
104518.6,0.1,2025-05-13 20:08:15,1747166895.0734906,sell,market,83024648
104518.6,0.01200043,2025-05-13 20:08:15,1747166895.0734906,sell,market,83024649
104518.7,5.74e-05,2025-05-13 20:08:16,1747166896.419268,buy,limit,83024650
104518.7,0.00021162,2025-05-13 20:08:22,1747166902.8818622,buy,limit,83024651
104518.7,0.00147892,2025-05-13 20:08:27,1747166907.7951937,buy,limit,83024652
104518.7,0.00047131,2025-05-13 20:08:28,1747166908.0435727,buy,limit,83024653
104518.6,0.01,2025-05-13 20:08:28,1747166908.7516925,sell,market,83024656
104518.6,0.0001,2025-05-13 20:08:28,1747166908.7516925,sell,market,83024655
104518.6,0.0001,2025-05-13 20:08:28,1747166908.7516925,sell,market,83024654
104511.4,0.08808009,2025-05-13 20:08:28,1747166908.7516928,sell,market,83024657
104512.9,0.04170683,2025-05-13 20:08:34,1747166914.3018827,sell,market,83024658
104513.0,9.568e-05,2025-05-13 20:08:36,1747166916.8364844,buy,limit,83024659
104513.0,0.01650611,2025-05-13 20:08:36,1747166916.8364844,buy,limit,83024660
104513.0,0.01913637,2025-05-13 20:08:36,1747166916.8364844,buy,limit,83024661
104513.0,0.05986184,2025-05-13 20:08:36,1747166916.8364844,buy,limit,83024662
104512.9,0.0001,2025-05-13 20:08:38,1747166918.3063545,sell,market,83024663
104512.9,0.0001,2025-05-13 20:08:38,1747166918.3063545,sell,market,83024664
104511.0,5.023e-05,2025-05-13 20:08:38,1747166918.3063545,sell,market,83024665
104507.5,0.00566068,2025-05-13 20:08:38,1747166918.3063545,sell,market,83024666
104507.6,9.568e-05,2025-05-13 20:08:39,1747166919.2242486,buy,limit,83024667
104507.6,0.01650611,2025-05-13 20:08:39,1747166919.2242486,buy,limit,83024668
104510.3,0.07899821,2025-05-13 20:08:39,1747166919.2242486,buy,limit,83024669
104507.6,0.00087816,2025-05-13 20:08:41,1747166921.332123,buy,limit,83024671
104507.6,9.568e-05,2025-05-13 20:08:41,1747166921.332123,buy,limit,83024670
104507.6,0.01562795,2025-05-13 20:08:41,1747166921.5192654,buy,market,83024672
104507.6,0.01435302,2025-05-13 20:08:41,1747166921.5192654,buy,market,83024673
104509.6,0.07435887,2025-05-13 20:08:41,1747166921.5192654,buy,market,83024674
104507.6,9.568e-05,2025-05-13 20:08:50,1747166930.9699132,buy,limit,83024675
104507.6,0.00080432,2025-05-13 20:08:50,1747166930.9699132,buy,limit,83024676
104507.5,5e-05,2025-05-13 20:08:57,1747166937.9236097,sell,market,83024677
104507.5,0.00384932,2025-05-13 20:08:59,1747166939.722089,sell,market,83024678
104507.5,0.0001,2025-05-13 20:08:59,1747166939.722089,sell,market,83024679
104507.5,0.0001,2025-05-13 20:08:59,1747166939.722089,sell,market,83024680
104507.5,0.2531,2025-05-13 20:08:59,1747166939.722089,sell,market,83024681
104507.5,0.30395815,2025-05-13 20:08:59,1747166939.722089,sell,market,83024682
104507.5,0.00566,2025-05-13 20:08:59,1747166939.722089,sell,market,83024683
104507.5,0.06199204,2025-05-13 20:08:59,1747166939.722089,sell,market,83024684
104507.6,0.00084769,2025-05-13 20:09:02,1747166942.766101,buy,market,83024685
104507.6,0.00035022,2025-05-13 20:09:03,1747166943.1860187,buy,limit,83024688
104507.6,0.0148541,2025-05-13 20:09:03,1747166943.1860187,buy,limit,83024686
104507.6,9.568e-05,2025-05-13 20:09:03,1747166943.1860187,buy,limit,83024687
104513.3,9.568e-05,2025-05-13 20:09:06,1747166946.8801973,buy,limit,83024689
104513.3,9.075e-05,2025-05-13 20:09:06,1747166946.8801973,buy,limit,83024690
104513.2,0.0001061,2025-05-13 20:09:07,1747166947.109142,sell,limit,83024691
104513.3,0.01435356,2025-05-13 20:09:07,1747166947.5406637,buy,market,83024692
104513.2,0.00488,2025-05-13 20:09:07,1747166947.7558348,sell,market,83024693
104513.3,0.00029956,2025-05-13 20:09:08,1747166948.1032043,buy,limit,83024694
104513.3,9.568e-05,2025-05-13 20:09:08,1747166948.1032043,buy,limit,83024695
104522.1,5.023e-05,2025-05-13 20:09:08,1747166948.1032043,buy,limit,83024696
104522.6,2.123e-05,2025-05-13 20:09:08,1747166948.1032043,buy,limit,83024697
104516.4,9.104e-05,2025-05-13 20:09:11,1747166951.7651243,buy,limit,83024699
104516.4,9.567e-05,2025-05-13 20:09:11,1747166951.7651243,buy,limit,83024698
104516.4,9.43e-06,2025-05-13 20:09:14,1747166954.0486248,buy,limit,83024700
104516.4,0.0153,2025-05-13 20:09:14,1747166954.9426963,buy,limit,83024701
104516.4,9.567e-05,2025-05-13 20:09:23,1747166963.2453392,buy,market,83024703
104516.4,0.00038546,2025-05-13 20:09:23,1747166963.2453392,buy,market,83024704
104516.4,0.00035022,2025-05-13 20:09:23,1747166963.2453392,buy,market,83024702
104516.4,0.01216158,2025-05-13 20:09:32,1747166972.155244,buy,limit,83024705
104516.3,0.00051901,2025-05-13 20:09:36,1747166976.4748394,sell,limit,83024706
104516.4,9.567e-05,2025-05-13 20:09:36,1747166976.8229902,buy,limit,83024707
104516.4,0.001,2025-05-13 20:09:36,1747166976.8229902,buy,limit,83024708
104516.4,0.01170433,2025-05-13 20:09:36,1747166976.8229902,buy,limit,83024709
104516.5,9.567e-05,2025-05-13 20:09:39,1747166979.577722,buy,limit,83024710
104516.5,0.0005529,2025-05-13 20:09:39,1747166979.577722,buy,limit,83024711
104516.5,0.02212474,2025-05-13 20:09:42,1747166982.6485844,buy,market,83024712
104516.5,0.00199431,2025-05-13 20:09:42,1747166982.6760178,buy,limit,83024713
104516.5,0.0043,2025-05-13 20:09:48,1747166988.2768588,buy,limit,83024714
104516.5,0.02212474,2025-05-13 20:09:48,1747166988.7797952,buy,market,83024715
104516.5,0.01650611,2025-05-13 20:09:54,1747166994.9200542,buy,market,83024716
104516.5,9.567e-05,2025-05-13 20:09:54,1747166994.9200542,buy,market,83024717
104516.5,0.00093612,2025-05-13 20:09:54,1747166994.9200542,buy,market,83024718
104516.4,0.01547,2025-05-13 20:09:55,1747166995.2580557,sell,market,83024722
104516.4,0.00433,2025-05-13 20:09:55,1747166995.2580557,sell,market,83024721
104516.4,0.0001,2025-05-13 20:09:55,1747166995.2580557,sell,market,83024719
104516.4,0.0001,2025-05-13 20:09:55,1747166995.2580557,sell,market,83024720
104516.5,9.567e-05,2025-05-13 20:10:05,1747167005.6299388,buy,limit,83024723
104516.5,0.00144536,2025-05-13 20:10:05,1747167005.6299388,buy,limit,83024724
104516.5,0.00093901,2025-05-13 20:10:19,1747167019.83226,buy,market,83024725
104516.5,0.00011969,2025-05-13 20:10:20,1747167020.2374022,buy,market,83024726
104516.5,9.567e-05,2025-05-13 20:10:23,1747167023.6548479,buy,market,83024727
104533.0,5.022e-05,2025-05-13 20:10:23,1747167023.6548479,buy,market,83024728
104543.9,5.022e-05,2025-05-13 20:10:23,1747167023.6548479,buy,market,83024729
104552.5,0.0001866,2025-05-13 20:10:23,1747167023.6548479,buy,market,83024730
104552.5,9.29e-05,2025-05-13 20:10:25,1747167025.46311,buy,limit,83024731
104552.5,0.00634486,2025-05-13 20:10:33,1747167033.9128072,buy,market,83024732
104552.4,0.00152134,2025-05-13 20:10:34,1747167034.68019,sell,limit,83024733
104555.0,0.00109801,2025-05-13 20:10:36,1747167036.3756914,sell,limit,83024734
104555.1,5.021e-05,2025-05-13 20:10:36,1747167036.8036597,buy,limit,83024735
104555.1,9.564e-05,2025-05-13 20:10:36,1747167036.8036597,buy,limit,83024736
104564.8,9.423e-05,2025-05-13 20:10:40,1747167040.4309487,buy,limit,83024737
104564.8,0.00075415,2025-05-13 20:10:47,1747167047.4139016,buy,limit,83024738
104564.8,0.00104562,2025-05-13 20:10:48,1747167048.378745,buy,limit,83024739
104564.7,0.000133,2025-05-13 20:10:51,1747167051.0314317,sell,limit,83024740
104564.8,0.00038299,2025-05-13 20:10:52,1747167052.7663047,buy,limit,83024741
104564.8,0.00016084,2025-05-13 20:11:01,1747167061.826366,buy,limit,83024742
104564.8,0.00143452,2025-05-13 20:11:13,1747167073.1640773,buy,market,83024743
104564.7,0.2531,2025-05-13 20:11:13,1747167073.8115594,sell,market,83024756
104564.7,0.2531,2025-05-13 20:11:13,1747167073.8115594,sell,market,83024755
104564.7,0.2524,2025-05-13 20:11:13,1747167073.8115594,sell,market,83024754
104564.7,0.2575,2025-05-13 20:11:13,1747167073.8115594,sell,market,83024752
104564.7,0.25299,2025-05-13 20:11:13,1747167073.8115594,sell,market,83024751
104564.7,0.01912691,2025-05-13 20:11:13,1747167073.8115594,sell,market,83024750
104564.7,0.2539,2025-05-13 20:11:13,1747167073.8115594,sell,market,83024753
104564.7,0.24127,2025-05-13 20:11:13,1747167073.8115594,sell,market,83024748
104564.7,0.0001,2025-05-13 20:11:13,1747167073.8115594,sell,market,83024747
104564.7,0.04,2025-05-13 20:11:13,1747167073.8115594,sell,market,83024746
104564.7,0.00067856,2025-05-13 20:11:13,1747167073.8115594,sell,market,83024745
104564.7,0.0001,2025-05-13 20:11:13,1747167073.8115594,sell,market,83024744
104564.7,0.22632553,2025-05-13 20:11:13,1747167073.8115594,sell,market,83024749
104561.7,0.24451366,2025-05-13 20:11:13,1747167073.8115597,sell,market,83024761
104561.8,2.39092861,2025-05-13 20:11:13,1747167073.8115597,sell,market,83024760
104562.5,2.39091424,2025-05-13 20:11:13,1747167073.8115597,sell,market,83024759
104564.6,0.09563466,2025-05-13 20:11:13,1747167073.8115597,sell,market,83024757
104564.2,2.39087471,2025-05-13 20:11:13,1747167073.8115597,sell,market,83024758
104560.5,9.563e-05,2025-05-13 20:11:14,1747167074.3441377,buy,limit,83024762
104564.8,0.00219043,2025-05-13 20:11:14,1747167074.3441377,buy,limit,83024763
104559.5,0.0001,2025-05-13 20:11:15,1747167075.9378169,sell,limit,83024764
104559.5,0.0001,2025-05-13 20:11:15,1747167075.9378169,sell,limit,83024765
104559.5,0.00100602,2025-05-13 20:11:15,1747167075.9378169,sell,limit,83024766
104559.5,0.0001,2025-05-13 20:11:27,1747167087.5700288,sell,limit,83024767
104559.5,0.0001,2025-05-13 20:11:27,1747167087.5700288,sell,limit,83024768
104544.0,0.00011979,2025-05-13 20:11:29,1747167089.2130363,sell,limit,83024770
104544.0,5.021e-05,2025-05-13 20:11:29,1747167089.2130363,sell,limit,83024769
104544.0,0.15,2025-05-13 20:11:36,1747167096.547029,sell,market,83024771
104544.1,0.0009,2025-05-13 20:11:36,1747167096.8798146,buy,limit,83024772
104544.1,0.0153,2025-05-13 20:11:38,1747167098.2481105,buy,limit,83024773
104544.1,9.564e-05,2025-05-13 20:11:39,1747167099.2488735,buy,limit,83024774
104552.3,0.00202135,2025-05-13 20:11:47,1747167107.0722313,sell,market,83024775
104552.4,0.01520436,2025-05-13 20:11:49,1747167109.986417,buy,limit,83024776
104552.4,0.01,2025-05-13 20:11:50,1747167110.0503693,buy,limit,83024777
104552.4,0.00838429,2025-05-13 20:11:50,1747167110.050997,buy,limit,83024778
104555.0,5.021e-05,2025-05-13 20:11:50,1747167110.0669465,buy,limit,83024779
104566.1,5.021e-05,2025-05-13 20:11:50,1747167110.2994792,buy,limit,83024780
104576.9,5.02e-05,2025-05-13 20:11:53,1747167113.0446649,buy,market,83024781
104580.0,0.0009498,2025-05-13 20:11:53,1747167113.0446649,buy,market,83024782
104588.0,0.00012893,2025-05-13 20:12:17,1747167137.8627288,sell,limit,83024783
104588.0,0.00014966,2025-05-13 20:12:17,1747167137.8853827,sell,limit,83024784
104588.0,0.00010675,2025-05-13 20:12:17,1747167137.9128108,sell,limit,83024785
104588.0,0.00021238,2025-05-13 20:12:17,1747167137.9265163,sell,limit,83024786
104588.0,0.00010871,2025-05-13 20:12:17,1747167137.9671433,sell,limit,83024787
104588.0,0.00022826,2025-05-13 20:12:17,1747167137.9843228,sell,limit,83024788
104588.1,5.02e-05,2025-05-13 20:12:20,1747167140.286973,buy,limit,83024789
104588.1,9.56e-05,2025-05-13 20:12:20,1747167140.286973,buy,limit,83024790
104589.4,0.00279269,2025-05-13 20:12:20,1747167140.286973,buy,limit,83024791
104589.3,0.00112,2025-05-13 20:12:25,1747167145.4053483,sell,market,83024792
104599.0,5.019e-05,2025-05-13 20:12:33,1747167153.158078,buy,limit,83024793
104599.0,9.56e-05,2025-05-13 20:12:33,1747167153.158078,buy,limit,83024794
104600.0,0.00127712,2025-05-13 20:12:33,1747167153.158078,buy,limit,83024795
104600.0,0.0014,2025-05-13 20:12:36,1747167156.8362894,buy,limit,83024796
104600.0,0.00825004,2025-05-13 20:12:45,1747167165.2700322,buy,market,83024797
104600.0,0.036,2025-05-13 20:12:50,1747167170.338446,buy,limit,83024798
104600.0,0.0001912,2025-05-13 20:12:54,1747167174.5826914,buy,market,83024799
104600.0,0.0027,2025-05-13 20:13:02,1747167182.0671237,buy,limit,83024800
104600.0,9.559e-05,2025-05-13 20:13:03,1747167183.0176556,buy,limit,83024802
104600.0,0.00018164,2025-05-13 20:13:03,1747167183.0176556,buy,limit,83024801
104606.3,0.00080628,2025-05-13 20:13:08,1747167188.400839,buy,limit,83024803
104608.5,0.0027,2025-05-13 20:13:13,1747167193.6143398,buy,limit,83024804
104608.4,0.02082711,2025-05-13 20:13:23,1747167203.8753638,sell,market,83024805
104608.4,0.00038271,2025-05-13 20:13:24,1747167204.583808,sell,market,83024806
104608.4,0.00262885,2025-05-13 20:13:30,1747167210.411334,sell,market,83024807
104608.5,0.0048,2025-05-13 20:13:35,1747167215.338877,buy,limit,83024808
104608.5,0.00205,2025-05-13 20:13:35,1747167215.338877,buy,limit,83024809
104608.5,0.00236,2025-05-13 20:13:35,1747167215.338877,buy,limit,83024810
104608.5,0.00034,2025-05-13 20:13:35,1747167215.338877,buy,limit,83024811
104608.5,9.558e-05,2025-05-13 20:13:35,1747167215.338877,buy,limit,83024812
104608.5,0.01465442,2025-05-13 20:13:35,1747167215.338877,buy,limit,83024813
104620.0,0.01134898,2025-05-13 20:13:45,1747167225.740363,buy,market,83024818
104615.1,0.01650611,2025-05-13 20:13:45,1747167225.740363,buy,market,83024816
104618.8,0.00142828,2025-05-13 20:13:45,1747167225.740363,buy,market,83024817
104610.1,5.019e-05,2025-05-13 20:13:45,1747167225.740363,buy,market,83024814
104610.1,9.559e-05,2025-05-13 20:13:45,1747167225.740363,buy,market,83024815
104620.0,0.0141,2025-05-13 20:13:46,1747167226.5408742,buy,limit,83024819
104619.9,8.095e-05,2025-05-13 20:13:57,1747167237.8463736,sell,limit,83024820
104619.9,6.125e-05,2025-05-13 20:13:58,1747167238.006472,sell,limit,83024821
104619.9,0.1,2025-05-13 20:13:59,1747167239.9130569,sell,market,83024822
104620.0,0.00376686,2025-05-13 20:14:05,1747167245.0468388,buy,limit,83024823
104620.0,0.0034,2025-05-13 20:14:08,1747167248.0353324,buy,limit,83024824
104620.0,0.00047792,2025-05-13 20:14:19,1747167259.1598237,buy,market,83024825
104619.9,0.0081175,2025-05-13 20:14:27,1747167267.3098173,sell,limit,83024826
104619.9,5.259e-05,2025-05-13 20:14:32,1747167272.0918887,sell,limit,83024827
104619.9,0.001,2025-05-13 20:14:33,1747167273.364572,sell,limit,83024828
104620.0,4.663e-05,2025-05-13 20:14:39,1747167279.039702,buy,limit,83024829
104620.0,0.00049607,2025-05-13 20:14:42,1747167282.9610748,buy,limit,83024830
104620.0,0.00217397,2025-05-13 20:14:57,1747167297.3585522,buy,limit,83024831
104620.0,0.00047056,2025-05-13 20:15:00,1747167300.7458532,buy,market,83024832
104620.0,0.00093253,2025-05-13 20:15:01,1747167301.289626,buy,limit,83024833
104619.9,0.0001,2025-05-13 20:15:10,1747167310.6533735,sell,limit,83024835
104619.9,0.00268193,2025-05-13 20:15:10,1747167310.6533735,sell,limit,83024836
104619.9,0.0001,2025-05-13 20:15:10,1747167310.6533735,sell,limit,83024834
104619.9,0.00020648,2025-05-13 20:15:13,1747167313.8314831,sell,limit,83024837
